Jaquar: 6633 candidate URLs to check
...250/6633 checked, 73 products so far, 177 non-product pages skipped
...500/6633 checked, 321 products so far, 179 non-product pages skipped
...750/6633 checked, 567 products so far, 179 non-product pages skipped
...1000/6633 checked, 759 products so far, 179 non-product pages skipped
...1250/6633 checked, 759 products so far, 179 non-product pages skipped
...1500/6633 checked, 917 products so far, 179 non-product pages skipped
...1750/6633 checked, 1167 products so far, 179 non-product pages skipped
...2000/6633 checked, 1414 products so far, 182 non-product pages skipped
...2250/6633 checked, 1619 products so far, 182 non-product pages skipped
...2500/6633 checked, 1619 products so far, 182 non-product pages skipped
...2750/6633 checked, 1619 products so far, 182 non-product pages skipped
...3000/6633 checked, 1619 products so far, 182 non-product pages skipped
...3250/6633 checked, 1619 products so far, 182 non-product pages skipped
...3500/6633 checked, 1619 products so far, 182 non-product pages skipped
...3750/6633 checked, 1619 products so far, 182 non-product pages skipped
...4000/6633 checked, 1619 products so far, 182 non-product pages skipped
...4250/6633 checked, 1619 products so far, 182 non-product pages skipped
...4500/6633 checked, 1619 products so far, 182 non-product pages skipped
...4750/6633 checked, 1619 products so far, 182 non-product pages skipped
...5000/6633 checked, 1619 products so far, 182 non-product pages skipped
...5250/6633 checked, 1619 products so far, 182 non-product pages skipped
...5500/6633 checked, 1619 products so far, 182 non-product pages skipped
...5750/6633 checked, 1619 products so far, 182 non-product pages skipped
...6000/6633 checked, 1619 products so far, 182 non-product pages skipped
...6250/6633 checked, 1619 products so far, 182 non-product pages skipped
...6500/6633 checked, 1619 products so far, 182 non-product pages skipped
{
  "brand": "jaquar",
  "discovered": 6633,
  "processed": 6633,
  "imported": 1619,
  "updated": 0,
  "variants": 0,
  "images": 1630,
  "noImage": 0,
  "duplicates": 0,
  "failedCount": 4859,
  "failed": [
    {
      "url": "https://www.jaquar.com/en/opal-floor-mounted-bidet",
      "reason": "\nInvalid `prisma.product.findUnique()` invocation:\n\n\nTimed out fetching a new connection from the connection pool. More info: http://pris.ly/d/connection-pool (Current connection pool timeout: 10, connection limit: 13)"
    },
    {
      "url": "https://www.jaquar.com/en/rimless-wall-hung-wc-12",
      "reason": "\nInvalid `prisma.product.upsert()` invocation:\n\n\nTimed out fetching a new connection from the connection pool. More info: http://pris.ly/d/connection-pool (Current connection pool timeout: 10, connection limit: 13)"
    },
    {
      "url": "https://www.jaquar.com/en/laguna-under-counter-basin-white-matt-2",
      "reason": "\nInvalid `prisma.product.findUnique()` invocation:\n\n\nTimed out fetching a new connection from the connection pool. More info: http://pris.ly/d/connection-pool (Current connection pool timeout: 10, connection limit: 13)"
    },
    {
      "url": "https://www.jaquar.com/en/laguna-under-counter-basin-black-matt",
      "reason": "\nInvalid `prisma.product.upsert()` invocation:\n\n\nTimed out fetching a new connection from the connection pool. More info: http://pris.ly/d/connection-pool (Current connection pool timeout: 10, connection limit: 13)"
    },
    {
      "url": "https://www.jaquar.com/en/exposed-part-kit-of-concealed-stop-cock-graphite-5",
      "reason": "image upload failed: getaddrinfo ENOTFOUND your-prestige-in.s3.ap-south-1.amazonaws.com"
    },
    {
      "url": "https://www.jaquar.com/en/exposed-part-kit-of-concealed-stop-cock-black-chrome-5",
      "reason": "image upload failed: getaddrinfo ENOTFOUND your-prestige-in.s3.ap-south-1.amazonaws.com"
    },
    {
      "url": "https://www.jaquar.com/en/exposed-part-kit-of-concealed-stop-cock-black-matt-5",
      "reason": "\nInvalid `prisma.product.findUnique()` invocation:\n\n\nCan't reach database server at `ep-fragrant-dream-ayoi2s86-pooler.c-5.us-east-2.aws.neon.tech:5432`\n\nPlease make sure your database server is running at `ep-fragrant-dream-ayoi2s86-pooler.c-5.us-east-2.aws.neon.tech:5432`."
    },
    {
      "url": "https://www.jaquar.com/en/exposed-part-kit-of-concealed-stop-cock-antique-bronze-5",
      "reason": "fetch failed"
    },
    {
      "url": "https://www.jaquar.com/en/exposed-part-kit-of-concealed-stop-cock-chrome-8",
      "reason": "fetch failed"
    },
    {
      "url": "https://www.jaquar.com/en/sink-cock-black-matt-4",
      "reason": "\nInvalid `prisma.product.findUnique()` invocation:\n\n\nCan't reach database server at `ep-fragrant-dream-ayoi2s86-pooler.c-5.us-east-2.aws.neon.tech:5432`\n\nPlease make sure your database server is running at `ep-fragrant-dream-ayoi2s86-pooler.c-5.us-east-2.aws.neon.tech:5432`."
    },
    {
      "url": "https://www.jaquar.com/en/exposed-part-kit-of-concealed-stop-cock-graphite-5",
      "reason": "\nInvalid `prisma.product.findUnique()` invocation:\n\n\nCan't reach database server at `ep-fragrant-dream-ayoi2s86-pooler.c-5.us-east-2.aws.neon.tech:5432`\n\nPlease make sure your database server is running at `ep-fragrant-dream-ayoi2s86-pooler.c-5.us-east-2.aws.neon.tech:5432`."
    },
    {
      "url": "https://www.jaquar.com/en/exposed-part-kit-of-concealed-stop-cock-black-chrome-5",
      "reason": "\nInvalid `prisma.product.findUnique()` invocation:\n\n\nCan't reach database server at `ep-fragrant-dream-ayoi2s86-pooler.c-5.us-east-2.aws.neon.tech:5432`\n\nPlease make sure your database server is running at `ep-fragrant-dream-ayoi2s86-pooler.c-5.us-east-2.aws.neon.tech:5432`."
    },
    {
      "url": "https://www.jaquar.com/en/angular-stop-cock-stainless-steel-8",
      "reason": "fetch failed"
    },
    {
      "url": "https://www.jaquar.com/en/angular-stop-cock-graphite-8",
      "reason": "fetch failed"
    },
    {
      "url": "https://www.jaquar.com/en/briza-vertical-manual-volume-25-ltr",
      "reason": "\nInvalid `prisma.product.findUnique()` invocation:\n\n\nCan't reach database server at `ep-fragrant-dream-ayoi2s86-pooler.c-5.us-east-2.aws.neon.tech:5432`\n\nPlease make sure your database server is running at `ep-fragrant-dream-ayoi2s86-pooler.c-5.us-east-2.aws.neon.tech:5432`."
    },
    {
      "url": "https://www.jaquar.com/en/exposed-part-kit-of-concealed-stop-cock-stainless-steel-5",
      "reason": "\nInvalid `prisma.product.findUnique()` invocation:\n\n\nCan't reach database server at `ep-fragrant-dream-ayoi2s86-pooler.c-5.us-east-2.aws.neon.tech:5432`\n\nPlease make sure your database server is running at `ep-fragrant-dream-ayoi2s86-pooler.c-5.us-east-2.aws.neon.tech:5432`."
    },
    {
      "url": "https://www.jaquar.com/en/angular-stop-cock-black-matt-9",
      "reason": "fetch failed"
    },
    {
      "url": "https://www.jaquar.com/en/angular-stop-cock-black-chrome-9",
      "reason": "fetch failed"
    },
    {
      "url": "https://www.jaquar.com/en/angular-stop-cock-antique-copper-8",
      "reason": "fetch failed"
    },
    {
      "url": "https://www.jaquar.com/en/angular-stop-cock-antique-bronze-8",
      "reason": "fetch failed"
    },
    {
      "url": "https://www.jaquar.com/en/sink-cock-chrome-4",
      "reason": "\nInvalid `prisma.product.findUnique()` invocation:\n\n\nCan't reach database server at `ep-fragrant-dream-ayoi2s86-pooler.c-5.us-east-2.aws.neon.tech:5432`\n\nPlease make sure your database server is running at `ep-fragrant-dream-ayoi2s86-pooler.c-5.us-east-2.aws.neon.tech:5432`."
    },
    {
      "url": "https://www.jaquar.com/en/angular-stop-cock-chrome-9",
      "reason": "fetch failed"
    },
    {
      "url": "https://www.jaquar.com/en/exposed-part-kit-of-cloud-touch-shower-system-graphite-4",
      "reason": "fetch failed"
    },
    {
      "url": "https://www.jaquar.com/en/exposed-part-kit-of-cloud-touch-shower-system-antique-copper-4",
      "reason": "fetch failed"
    },
    {
      "url": "https://www.jaquar.com/en/exposed-part-kit-of-cloud-touch-shower-system-antique-bronze-4",
      "reason": "fetch failed"
    },
    {
      "url": "https://www.jaquar.com/en/exposed-part-kit-of-cloud-touch-shower-system-graphite-3",
      "reason": "fetch failed"
    },
    {
      "url": "https://www.jaquar.com/en/briza-vertical-manual-volume-10-ltr",
      "reason": "\nInvalid `prisma.product.findUnique()` invocation:\n\n\nCan't reach database server at `ep-fragrant-dream-ayoi2s86-pooler.c-5.us-east-2.aws.neon.tech:5432`\n\nPlease make sure your database server is running at `ep-fragrant-dream-ayoi2s86-pooler.c-5.us-east-2.aws.neon.tech:5432`."
    },
    {
      "url": "https://www.jaquar.com/en/exposed-part-kit-of-cloud-touch-shower-system-antique-copper-3",
      "reason": "fetch failed"
    },
    {
      "url": "https://www.jaquar.com/en/sink-cock-black-chrome-4",
      "reason": "\nInvalid `prisma.product.findUnique()` invocation:\n\n\nCan't reach database server at `ep-fragrant-dream-ayoi2s86-pooler.c-5.us-east-2.aws.neon.tech:5432`\n\nPlease make sure your database server is running at `ep-fragrant-dream-ayoi2s86-pooler.c-5.us-east-2.aws.neon.tech:5432`."
    },
    {
      "url": "https://www.jaquar.com/en/exposed-part-kit-of-cloud-touch-shower-system-antique-bronze-3",
      "reason": "fetch failed"
    },
    {
      "url": "https://www.jaquar.com/en/exposed-part-kit-of-cloud-touch-shower-system-graphite-2",
      "reason": "fetch failed"
    },
    {
      "url": "https://www.jaquar.com/en/exposed-part-kit-of-cloud-touch-shower-system-antique-copper-2",
      "reason": "fetch failed"
    },
    {
      "url": "https://www.jaquar.com/en/exposed-part-kit-of-cloud-touch-shower-system-antique-bronze-2",
      "reason": "fetch failed"
    },
    {
      "url": "https://www.jaquar.com/en/exposed-part-kit-of-cloud-touch-shower-system-graphite",
      "reason": "fetch failed"
    },
    {
      "url": "https://www.jaquar.com/en/exposed-part-kit-of-cloud-touch-shower-system-antique-copper",
      "reason": "fetch failed"
    },
    {
      "url": "https://www.jaquar.com/en/exposed-part-kit-of-cloud-touch-shower-system-antique-bronze",
      "reason": "fetch failed"
    },
    {
      "url": "https://www.jaquar.com/en/duoflo-shower-square-shape-graphite-2",
      "reason": "fetch failed"
    },
    {
      "url": "https://www.jaquar.com/en/duoflo-shower-square-shape-antique-copper-2",
      "reason": "fetch failed"
    },
    {
      "url": "https://www.jaquar.com/en/duoflo-shower-square-shape-antique-bronze-2",
      "reason": "fetch failed"
    },
    {
      "url": "https://www.jaquar.com/en/duoflo-shower-square-shape-graphite",
      "reason": "fetch failed"
    },
    {
      "url": "https://www.jaquar.com/en/duoflo-shower-square-shape-antique-copper",
      "reason": "fetch failed"
    },
    {
      "url": "https://www.jaquar.com/en/duoflo-shower-square-shape-antique-bronze",
      "reason": "fetch failed"
    },
    {
      "url": "https://www.jaquar.com/en/duoflo-shower-round-shape-graphite-2",
      "reason": "fetch failed"
    },
    {
      "url": "https://www.jaquar.com/en/duoflo-shower-round-shape-antique-copper-2",
      "reason": "fetch failed"
    },
    {
      "url": "https://www.jaquar.com/en/duoflo-shower-round-shape-antique-bronze-2",
      "reason": "fetch failed"
    },
    {
      "url": "https://www.jaquar.com/en/duoflo-shower-round-shape-graphite",
      "reason": "fetch failed"
    },
    {
      "url": "https://www.jaquar.com/en/duoflo-shower-round-shape-antique-copper",
      "reason": "fetch failed"
    },
    {
      "url": "https://www.jaquar.com/en/duoflo-shower-round-shape-antique-bronze",
      "reason": "fetch failed"
    },
    {
      "url": "https://www.jaquar.com/en/bib-cock-angular-shape-auto-closing-system",
      "reason": "fetch failed"
    },
    {
      "url": "https://www.jaquar.com/en/table-top-basin-white-matt-8",
      "reason": "fetch failed"
    },
    {
      "url": "https://www.jaquar.com/en/table-top-basin-black-matt-7",
      "reason": "fetch failed"
    },
    {
      "url": "https://www.jaquar.com/en/table-top-basin-beige-matt-8",
      "reason": "fetch failed"
    },
    {
      "url": "https://www.jaquar.com/en/under-counter-basin-grey-matt-2",
      "reason": "fetch failed"
    },
    {
      "url": "https://www.jaquar.com/en/under-counter-basin-beige-matt-3",
      "reason": "fetch failed"
    },
    {
      "url": "https://www.jaquar.com/en/blind-installation-wall-hung-bidet-black-matt-3",
      "reason": "fetch failed"
    },
    {
      "url": "https://www.jaquar.com/en/table-top-basin-black-matt-6",
      "reason": "fetch failed"
    },
    {
      "url": "https://www.jaquar.com/en/under-counter-basin-grey-matt",
      "reason": "fetch failed"
    },
    {
      "url": "https://www.jaquar.com/en/under-counter-basin-beige-matt-2",
      "reason": "fetch failed"
    },
    {
      "url": "https://www.jaquar.com/en/under-counter-basin-white-matt-4",
      "reason": "fetch failed"
    },
    {
      "url": "https://www.jaquar.com/en/under-counter-basin-white-3",
      "reason": "fetch failed"
    },
    {
      "url": "https://www.jaquar.com/en/thin-rim-table-top-basin-white-matt-4",
      "reason": "fetch failed"
    },
    {
      "url": "https://www.jaquar.com/en/under-counter-basin-white-matt-2",
      "reason": "fetch failed"
    },
    {
      "url": "https://www.jaquar.com/en/table-top-basin-grey-matt-7",
      "reason": "fetch failed"
    },
    {
      "url": "https://www.jaquar.com/en/table-top-basin-beige-matt-7",
      "reason": "fetch failed"
    },
    {
      "url": "https://www.jaquar.com/en/rimless-blind-installation-wall-hung-wc-grey-matt-6",
      "reason": "fetch failed"
    },
    {
      "url": "https://www.jaquar.com/en/rimless-blind-installation-wall-hung-wc-black-matt-6",
      "reason": "fetch failed"
    },
    {
      "url": "https://www.jaquar.com/en/rimless-blind-installation-wall-hung-wc-beige-matt-5",
      "reason": "fetch failed"
    },
    {
      "url": "https://www.jaquar.com/en/table-top-basin-white-matt-7",
      "reason": "fetch failed"
    },
    {
      "url": "https://www.jaquar.com/en/table-top-basin-black-matt-5",
      "reason": "fetch failed"
    },
    {
      "url": "https://www.jaquar.com/en/rimless-blind-installation-wall-hung-wc-grey-matt-5",
      "reason": "fetch failed"
    },
    {
      "url": "https://www.jaquar.com/en/rimless-blind-installation-wall-hung-wc-black-matt-5",
      "reason": "fetch failed"
    },
    {
      "url": "https://www.jaquar.com/en/rimless-blind-installation-wall-hung-wc-beige-matt-4",
      "reason": "fetch failed"
    },
    {
      "url": "https://www.jaquar.com/en/rimless-blind-installation-wall-hung-wc-white-matt-6",
      "reason": "fetch failed"
    },
    {
      "url": "https://www.jaquar.com/en/rimless-blind-installation-wall-hung-wc-grey-matt-4",
      "reason": "fetch failed"
    },
    {
      "url": "https://www.jaquar.com/en/rimless-blind-installation-wall-hung-wc-black-matt-4",
      "reason": "fetch failed"
    },
    {
      "url": "https://www.jaquar.com/en/rimless-blind-installation-wall-hung-wc-beige-matt-3",
      "reason": "fetch failed"
    },
    {
      "url": "https://www.jaquar.com/en/rimlessblind-installationwallhungwc-white-matt-2",
      "reason": "fetch failed"
    },
    {
      "url": "https://www.jaquar.com/en/rimless-blind-installation-wall-hung-wc-white-matt-5",
      "reason": "fetch failed"
    },
    {
      "url": "https://www.jaquar.com/en/4-hole-thermostatic-bath-shower-mixer-black-matt",
      "reason": "fetch failed"
    },
    {
      "url": "https://www.jaquar.com/en/4-hole-thermostatic-bath-shower-mixer-black-chrome",
      "reason": "fetch failed"
    },
    {
      "url": "https://www.jaquar.com/en/4-hole-thermostatic-bath-shower-mixer-chrome",
      "reason": "fetch failed"
    },
    {
      "url": "https://www.jaquar.com/en/rimless-blind-installation-wall-hung-wc-grey-matt-3",
      "reason": "fetch failed"
    },
    {
      "url": "https://www.jaquar.com/en/rimless-blind-installation-wall-hung-wc-beige-matt-2",
      "reason": "fetch failed"
    },
    {
      "url": "https://www.jaquar.com/en/rimless-blind-installation-wall-hung-wc-black-matt-3",
      "reason": "fetch failed"
    },
    {
      "url": "https://www.jaquar.com/en/rimless-blind-installation-wall-hung-wc-grey-matt-2",
      "reason": "fetch failed"
    },
    {
      "url": "https://www.jaquar.com/en/rimless-blind-installation-wall-hung-wc-black-matt-2",
      "reason": "fetch failed"
    },
    {
      "url": "https://www.jaquar.com/en/rimless-blind-installation-wall-hung-wc-beige-matt",
      "reason": "fetch failed"
    },
    {
      "url": "https://www.jaquar.com/en/rimless-blind-installation-wall-hung-wc-white-matt-4",
      "reason": "fetch failed"
    },
    {
      "url": "https://www.jaquar.com/en/bidspa-rimless-blind-installation-wall-hung-wc-beige-matt",
      "reason": "fetch failed"
    },
    {
      "url": "https://www.jaquar.com/en/bidspa-rimless-blind-installation-wall-hung-wc-white",
      "reason": "fetch failed"
    },
    {
      "url": "https://www.jaquar.com/en/table-top-basin-grey-matt-6",
      "reason": "fetch failed"
    },
    {
      "url": "https://www.jaquar.com/en/table-top-basin-beige-matt-6",
      "reason": "fetch failed"
    },
    {
      "url": "https://www.jaquar.com/en/table-top-basin-white-8",
      "reason": "fetch failed"
    },
    {
      "url": "https://www.jaquar.com/en/table-top-basin-white-matt-6",
      "reason": "fetch failed"
    },
    {
      "url": "https://www.jaquar.com/en/table-top-basin-grey-matt-5",
      "reason": "fetch failed"
    },
    {
      "url": "https://www.jaquar.com/en/table-top-basin-beige-matt-5",
      "reason": "fetch failed"
    },
    {
      "url": "https://www.jaquar.com/en/table-top-basin-white-7",
      "reason": "fetch failed"
    },
    {
      "url": "https://www.jaquar.com/en/thin-rim-table-top-basin-grey-matt-3",
      "reason": "fetch failed"
    },
    {
      "url": "https://www.jaquar.com/en/thin-rim-table-top-basin-beige-matt-3",
      "reason": "fetch failed"
    },
    {
      "url": "https://www.jaquar.com/en/rimless-blind-installation-wall-hung-wc-white-matt-2",
      "reason": "fetch failed"
    },
    {
      "url": "https://www.jaquar.com/en/rimless-blind-installation-wall-hung-wc-white-2",
      "reason": "fetch failed"
    },
    {
      "url": "https://www.jaquar.com/en/table-top-basin-white-matt-5",
      "reason": "fetch failed"
    },
    {
      "url": "https://www.jaquar.com/en/table-top-basin-grey",
      "reason": "fetch failed"
    },
    {
      "url": "https://www.jaquar.com/en/table-top-basin-black-matt-4",
      "reason": "fetch failed"
    },
    {
      "url": "https://www.jaquar.com/en/table-top-basin-beige-matt-4",
      "reason": "fetch failed"
    },
    {
      "url": "https://www.jaquar.com/en/table-top-basin-white-6",
      "reason": "fetch failed"
    },
    {
      "url": "https://www.jaquar.com/en/thin-rim-table-top-basin-white-4",
      "reason": "fetch failed"
    },
    {
      "url": "https://www.jaquar.com/en/urinal-grey-matt",
      "reason": "fetch failed"
    },
    {
      "url": "https://www.jaquar.com/en/urinal-beige-matt",
      "reason": "fetch failed"
    },
    {
      "url": "https://www.jaquar.com/en/urinal-white",
      "reason": "fetch failed"
    },
    {
      "url": "https://www.jaquar.com/en/table-top-basin-white-matt-4",
      "reason": "fetch failed"
    },
    {
      "url": "https://www.jaquar.com/en/table-top-basin-black-matt-3",
      "reason": "fetch failed"
    },
    {
      "url": "https://www.jaquar.com/en/table-top-basin-white-5",
      "reason": "fetch failed"
    },
    {
      "url": "https://www.jaquar.com/en/table-top-basin-white-matt-3",
      "reason": "fetch failed"
    },
    {
      "url": "https://www.jaquar.com/en/table-top-basin-grey-matt-4",
      "reason": "fetch failed"
    },
    {
      "url": "https://www.jaquar.com/en/table-top-basin-black-matt-2",
      "reason": "fetch failed"
    },
    {
      "url": "https://www.jaquar.com/en/table-top-basin-beige-matt-3",
      "reason": "fetch failed"
    },
    {
      "url": "https://www.jaquar.com/en/table-top-basin-white-4",
      "reason": "fetch failed"
    },
    {
      "url": "https://www.jaquar.com/en/table-top-basin-grey-matt-3",
      "reason": "fetch failed"
    },
    {
      "url": "https://www.jaquar.com/en/table-top-basin-white-3",
      "reason": "fetch failed"
    },
    {
      "url": "https://www.jaquar.com/en/table-top-basin-white-matt-2",
      "reason": "fetch failed"
    },
    {
      "url": "https://www.jaquar.com/en/table-top-basin-grey-matt-2",
      "reason": "fetch failed"
    },
    {
      "url": "https://www.jaquar.com/en/table-top-basin-black-matt",
      "reason": "fetch failed"
    },
    {
      "url": "https://www.jaquar.com/en/table-top-basin-beige-matt-2",
      "reason": "fetch failed"
    },
    {
      "url": "https://www.jaquar.com/en/table-top-basin-white-2",
      "reason": "fetch failed"
    },
    {
      "url": "https://www.jaquar.com/en/under-counter-basin-white-matt",
      "reason": "fetch failed"
    },
    {
      "url": "https://www.jaquar.com/en/under-counter-basin-black-matt-2",
      "reason": "fetch failed"
    },
    {
      "url": "https://www.jaquar.com/en/under-counter-basin-beige-matt",
      "reason": "fetch failed"
    },
    {
      "url": "https://www.jaquar.com/en/under-counter-basin-white-2",
      "reason": "fetch failed"
    },
    {
      "url": "https://www.jaquar.com/en/under-counter-basin-white",
      "reason": "fetch failed"
    },
    {
      "url": "https://www.jaquar.com/en/under-counter-basin-black-matt",
      "reason": "fetch failed"
    },
    {
      "url": "https://www.jaquar.com/en/table-top-basin-white-matt",
      "reason": "fetch failed"
    },
    {
      "url": "https://www.jaquar.com/en/table-top-basin-grey-matt",
      "reason": "fetch failed"
    },
    {
      "url": "https://www.jaquar.com/en/table-top-basin-beige-matt",
      "reason": "fetch failed"
    },
    {
      "url": "https://www.jaquar.com/en/table-top-basin-white",
      "reason": "fetch failed"
    },
    {
      "url": "https://www.jaquar.com/en/thin-rim-table-top-basin-grey-matt",
      "reason": "fetch failed"
    },
    {
      "url": "https://www.jaquar.com/en/thin-rim-table-top-basin-beige-matt",
      "reason": "fetch failed"
    },
    {
      "url": "https://www.jaquar.com/en/thin-rim-table-top-basin-white-3",
      "reason": "fetch failed"
    },
    {
      "url": "https://www.jaquar.com/en/thin-rim-table-top-basin-9",
      "reason": "fetch failed"
    },
    {
      "url": "https://www.jaquar.com/en/thin-rim-table-top-basin-8",
      "reason": "fetch failed"
    },
    {
      "url": "https://www.jaquar.com/en/thin-rim-table-top-basin-7",
      "reason": "fetch failed"
    },
    {
      "url": "https://www.jaquar.com/en/urinal-8",
      "reason": "fetch failed"
    },
    {
      "url": "https://www.jaquar.com/en/urinal-7",
      "reason": "fetch failed"
    },
    {
      "url": "https://www.jaquar.com/en/urinal-6",
      "reason": "fetch failed"
    },
    {
      "url": "https://www.jaquar.com/en/tankless-wall-hung-wc-6",
      "reason": "fetch failed"
    },
    {
      "url": "https://www.jaquar.com/en/tankless-wall-hung-wc-5",
      "reason": "fetch failed"
    },
    {
      "url": "https://www.jaquar.com/en/single-lever-surgical-purpose-elbow-action-sink-mixer-wall-mounted-black-matt",
      "reason": "fetch failed"
    },
    {
      "url": "https://www.jaquar.com/en/single-lever-surgical-purpose-elbow-action-sink-mixer-wall-mounted-black-chrome",
      "reason": "fetch failed"
    },
    {
      "url": "https://www.jaquar.com/en/single-lever-surgical-purpose-elbow-action-sink-mixer-wall-mounted-chrome",
      "reason": "fetch failed"
    },
    {
      "url": "https://www.jaquar.com/en/florentine-prime-bib-cock-black-matt",
      "reason": "fetch failed"
    },
    {
      "url": "https://www.jaquar.com/en/florentine-prime-bib-cock-black-chrome",
      "reason": "fetch failed"
    },
    {
      "url": "https://www.jaquar.com/en/florentine-prime-bib-cock-chrome",
      "reason": "fetch failed"
    },
    {
      "url": "https://www.jaquar.com/en/florentine-prime-pillar-cock-with-extended-lever-handle-black-matt",
      "reason": "fetch failed"
    },
    {
      "url": "https://www.jaquar.com/en/florentine-prime-pillar-cock-with-extended-lever-handle-black-chrome",
      "reason": "fetch failed"
    },
    {
      "url": "https://www.jaquar.com/en/florentine-prime-pillar-cock-with-extended-lever-handle-chrome",
      "reason": "fetch failed"
    },
    {
      "url": "https://www.jaquar.com/en/florentine-prime-single-lever-surgical-purpose-elbow-action-basin-mixer-black-matt",
      "reason": "fetch failed"
    },
    {
      "url": "https://www.jaquar.com/en/florentine-prime-single-lever-surgical-purpose-elbow-action-basin-mixer-black-chrome",
      "reason": "fetch failed"
    },
    {
      "url": "https://www.jaquar.com/en/florentine-prime-single-lever-surgical-purpose-elbow-action-basin-mixer-chrome",
      "reason": "fetch failed"
    },
    {
      "url": "https://www.jaquar.com/en/exposed-part-kit-of-concealed-stop-cock-flush-cock-5",
      "reason": "fetch failed"
    },
    {
      "url": "https://www.jaquar.com/en/angular-stop-cock-7",
      "reason": "fetch failed"
    },
    {
      "url": "https://www.jaquar.com/en/rimless-single-piece-wc-8",
      "reason": "fetch failed"
    },
    {
      "url": "https://www.jaquar.com/en/blind-installation-wall-hung-bidet-black-matt-2",
      "reason": "fetch failed"
    },
    {
      "url": "https://www.jaquar.com/en/wall-hung-bidet-black-matt-3",
      "reason": "fetch failed"
    },
    {
      "url": "https://www.jaquar.com/en/blind-installation-wall-hung-bidet-black-matt",
      "reason": "fetch failed"
    },
    {
      "url": "https://www.jaquar.com/en/blind-installation-wall-hung-bidet-white",
      "reason": "fetch failed"
    },
    {
      "url": "https://www.jaquar.com/en/blind-installation-wall-hung-bidet-5",
      "reason": "fetch failed"
    },
    {
      "url": "https://www.jaquar.com/en/blind-installation-wall-hung-bidet-4",
      "reason": "fetch failed"
    },
    {
      "url": "https://www.jaquar.com/en/wall-hung-bidet-white-3",
      "reason": "fetch failed"
    },
    {
      "url": "https://www.jaquar.com/en/wall-hung-bidet-14",
      "reason": "fetch failed"
    },
    {
      "url": "https://www.jaquar.com/en/colt-surface-focus-light-beam-angle-15-3",
      "reason": "fetch failed"
    },
    {
      "url": "https://www.jaquar.com/en/cls-colt-focus-zoom-light-surface",
      "reason": "fetch failed"
    },
    {
      "url": "https://www.jaquar.com/en/cls-colt-focus-zoom-light-recessed",
      "reason": "fetch failed"
    },
    {
      "url": "https://www.jaquar.com/en/cls-colt-track-zoom-light",
      "reason": "fetch failed"
    },
    {
      "url": "https://www.jaquar.com/en/cls-colt-track-light",
      "reason": "fetch failed"
    },
    {
      "url": "https://www.jaquar.com/en/cls-ceiling-light-for-outdoor-application",
      "reason": "fetch failed"
    },
    {
      "url": "https://www.jaquar.com/en/cls-wall-light-for-outdoor-application-2",
      "reason": "fetch failed"
    },
    {
      "url": "https://www.jaquar.com/en/cls-3-way-pole-light-for-outdoor-application",
      "reason": "fetch failed"
    },
    {
      "url": "https://www.jaquar.com/en/cls-2-way-pole-light-for-outdoor-application",
      "reason": "fetch failed"
    },
    {
      "url": "https://www.jaquar.com/en/cls-light-pole-light-for-outdoor-application",
      "reason": "fetch failed"
    },
    {
      "url": "https://www.jaquar.com/en/cls-light-bollard-for-outdoor-application",
      "reason": "fetch failed"
    },
    {
      "url": "https://www.jaquar.com/en/cls-bollard",
      "reason": "fetch failed"
    },
    {
      "url": "https://www.jaquar.com/en/cls-floor-lamp-in-auric-gold-finish-copy-9",
      "reason": "fetch failed"
    },
    {
      "url": "https://www.jaquar.com/en/cls-floor-lamp-in-auric-gold-finish-copy-8",
      "reason": "fetch failed"
    },
    {
      "url": "https://www.jaquar.com/en/cls-floor-lamp-in-auric-gold-finish-copy-7",
      "reason": "fetch failed"
    },
    {
      "url": "https://www.jaquar.com/en/cls-floor-lamp-in-auric-gold-finish-copy-6",
      "reason": "fetch failed"
    },
    {
      "url": "https://www.jaquar.com/en/cls-floor-lamp-in-auric-gold-finish-copy-5",
      "reason": "fetch failed"
    },
    {
      "url": "https://www.jaquar.com/en/cls-floor-lamp-in-auric-gold-finish-copy-4",
      "reason": "fetch failed"
    },
    {
      "url": "https://www.jaquar.com/en/briza-vertical-manual-volume-6-ltr",
      "reason": "\nInvalid `prisma.product.findUnique()` invocation:\n\n\nCan't reach database server at `ep-fragrant-dream-ayoi2s86-pooler.c-5.us-east-2.aws.neon.tech:5432`\n\nPlease make sure your database server is running at `ep-fragrant-dream-ayoi2s86-pooler.c-5.us-east-2.aws.neon.tech:5432`."
    },
    {
      "url": "https://www.jaquar.com/en/cls-floor-lamp-in-auric-gold-finish-copy-3",
      "reason": "fetch failed"
    },
    {
      "url": "https://www.jaquar.com/en/cls-floor-lamp-in-auric-gold-finish-copy-2",
      "reason": "fetch failed"
    },
    {
      "url": "https://www.jaquar.com/en/cls-floor-lamp-in-auric-gold-finish-copy",
      "reason": "fetch failed"
    },
    {
      "url": "https://www.jaquar.com/en/cls-light-table-lamp-in-auric-gold-finish-3",
      "reason": "fetch failed"
    },
    {
      "url": "https://www.jaquar.com/en/cls-light-table-lamp-in-auric-gold-finish-2",
      "reason": "fetch failed"
    },
    {
      "url": "https://www.jaquar.com/en/cls-light-table-lamp-in-auric-gold-finish",
      "reason": "fetch failed"
    },
    {
      "url": "https://www.jaquar.com/en/cls-jaquar-floor-lamp-in-auric-gold-finish",
      "reason": "fetch failed"
    },
    {
      "url": "https://www.jaquar.com/en/cls-table-lamp-in-auric-gold-finish",
      "reason": "fetch failed"
    },
    {
      "url": "https://www.jaquar.com/en/rimless-bowl-with-cistern-for-coupled-wc-2",
      "reason": "fetch failed"
    },
    {
      "url": "https://www.jaquar.com/en/regular-body-of-concealed-stop-cock-3",
      "reason": "fetch failed"
    },
    {
      "url": "https://www.jaquar.com/en/regular-body-of-concealed-stop-3",
      "reason": "fetch failed"
    },
    {
      "url": "https://www.jaquar.com/en/exposed-part-kit-of-urinal-sensor-stainless-steel",
      "reason": "fetch failed"
    },
    {
      "url": "https://www.jaquar.com/en/exposed-part-kit-of-urinal-sensor-graphite",
      "reason": "fetch failed"
    },
    {
      "url": "https://www.jaquar.com/en/exposed-part-kit-of-urinal-sensor-gold-matt-pvd",
      "reason": "fetch failed"
    },
    {
      "url": "https://www.jaquar.com/en/exposed-part-kit-of-urinal-sensor-gold-bright-pvd",
      "reason": "fetch failed"
    },
    {
      "url": "https://www.jaquar.com/en/exposed-part-kit-of-urinal-sensor-black-matt",
      "reason": "fetch failed"
    },
    {
      "url": "https://www.jaquar.com/en/exposed-part-kit-of-urinal-sensor-blush-gold-pvd",
      "reason": "fetch failed"
    },
    {
      "url": "https://www.jaquar.com/en/exposed-part-kit-of-urinal-sensor-black-chrome",
      "reason": "fetch failed"
    },
    {
      "url": "https://www.jaquar.com/en/exposed-part-kit-of-urinal-sensor-antique-copper",
      "reason": "fetch failed"
    },
    {
      "url": "https://www.jaquar.com/en/exposed-part-kit-of-urinal-sensor-antique-bronze",
      "reason": "fetch failed"
    },
    {
      "url": "https://www.jaquar.com/en/exposed-part-kit-of-urinal-sensor-chrome",
      "reason": "fetch failed"
    },
    {
      "url": "https://www.jaquar.com/en/oasis-steam-shower-cabin",
      "reason": "fetch failed"
    },
    {
      "url": "https://www.jaquar.com/en/cls-led-gem-surface-trimless-square",
      "reason": "fetch failed"
    },
    {
      "url": "https://www.jaquar.com/en/kubix-prime-combi-system-with-filtration-system-trigiene",
      "reason": "fetch failed"
    },
    {
      "url": "https://www.jaquar.com/en/cls-led-indoor-strip-light",
      "reason": "fetch failed"
    },
    {
      "url": "https://www.jaquar.com/en/fully-automatic-rimless-floor-mounted-wc-black-matt",
      "reason": "fetch failed"
    },
    {
      "url": "https://www.jaquar.com/en/urinal-5",
      "reason": "fetch failed"
    },
    {
      "url": "https://www.jaquar.com/en/automatic-rimless-floor-mounted-w",
      "reason": "fetch failed"
    },
    {
      "url": "https://www.jaquar.com/en/urinal-back-inlet",
      "reason": "fetch failed"
    },
    {
      "url": "https://www.jaquar.com/en/wall-hung-basin-10",
      "reason": "fetch failed"
    },
    {
      "url": "https://www.jaquar.com/en/bowl-with-cistern-3",
      "reason": "fetch failed"
    },
    {
      "url": "https://www.jaquar.com/en/rimless-single-piece-wc-7",
      "reason": "fetch failed"
    },
    {
      "url": "https://www.jaquar.com/en/rimless-single-piece-wc-6",
      "reason": "fetch failed"
    },
    {
      "url": "https://www.jaquar.com/en/rimless-single-piece-wc-5",
      "reason": "fetch failed"
    },
    {
      "url": "https://www.jaquar.com/en/bowl-with-cistern-for-coupled-wc-2",
      "reason": "fetch failed"
    },
    {
      "url": "https://www.jaquar.com/en/single-piece-wc-14",
      "reason": "fetch failed"
    },
    {
      "url": "https://www.jaquar.com/en/floor-mounted-bidet-5",
      "reason": "fetch failed"
    },
    {
      "url": "https://www.jaquar.com/en/floor-mounted-bidet-4",
      "reason": "fetch failed"
    },
    {
      "url": "https://www.jaquar.com/en/single-towel-rail-450mm-long-gold-matt-pvd",
      "reason": "fetch failed"
    },
    {
      "url": "https://www.jaquar.com/en/single-towel-rail-450mm-long-gold-bright-pvd",
      "reason": "fetch failed"
    },
    {
      "url": "https://www.jaquar.com/en/single-towel-rail-450mm-long-blush-gold-pvd",
      "reason": "fetch failed"
    },
    {
      "url": "https://www.jaquar.com/en/exposed-bath-shower-mixer-wall-mounted-stainless-steel",
      "reason": "fetch failed"
    },
    {
      "url": "https://www.jaquar.com/en/exposed-bath-shower-mixer-wall-mounted-graphite",
      "reason": "fetch failed"
    },
    {
      "url": "https://www.jaquar.com/en/exposed-bath-shower-mixer-wall-mounted-black-matt",
      "reason": "fetch failed"
    },
    {
      "url": "https://www.jaquar.com/en/exposed-bath-shower-mixer-wall-mounted-black-chrome",
      "reason": "fetch failed"
    },
    {
      "url": "https://www.jaquar.com/en/exposed-bath-shower-mixer-wall-mounted-antique-copper",
      "reason": "fetch failed"
    },
    {
      "url": "https://www.jaquar.com/en/exposed-bath-shower-mixer-wall-mounted-antique-bronze",
      "reason": "fetch failed"
    },
    {
      "url": "https://www.jaquar.com/en/briza-vertical-manual-volume-15-ltr",
      "reason": "\nInvalid `prisma.product.findUnique()` invocation:\n\n\nCan't reach database server at `ep-fragrant-dream-ayoi2s86-pooler.c-5.us-east-2.aws.neon.tech:5432`\n\nPlease make sure your database server is running at `ep-fragrant-dream-ayoi2s86-pooler.c-5.us-east-2.aws.neon.tech:5432`."
    },
    {
      "url": "https://www.jaquar.com/en/exposed-bath-shower-mixer-wall-mounted-chrome",
      "reason": "fetch failed"
    },
    {
      "url": "https://www.jaquar.com/en/soap-dispenser-gold-matt-pvd-2",
      "reason": "fetch failed"
    },
    {
      "url": "https://www.jaquar.com/en/soap-dispenser-gold-bright-pvd-2",
      "reason": "fetch failed"
    },
    {
      "url": "https://www.jaquar.com/en/soap-dispenser-blush-gold-pvd-2",
      "reason": "fetch failed"
    },
    {
      "url": "https://www.jaquar.com/en/corner-glass-shelf-gold-matt-pvd",
      "reason": "fetch failed"
    },
    {
      "url": "https://www.jaquar.com/en/corner-glass-shelf-gold-bright-pvd",
      "reason": "fetch failed"
    },
    {
      "url": "https://www.jaquar.com/en/corner-glass-shelf-blush-gold-pvd",
      "reason": "fetch failed"
    },
    {
      "url": "https://www.jaquar.com/en/soap-dispenser-gold-matt-pvd",
      "reason": "fetch failed"
    },
    {
      "url": "https://www.jaquar.com/en/soap-dispenser-gold-bright-pvd",
      "reason": "fetch failed"
    },
    {
      "url": "https://www.jaquar.com/en/soap-dispenser-blush-gold-pvd",
      "reason": "fetch failed"
    },
    {
      "url": "https://www.jaquar.com/en/towel-ring-square-with-round-flange-gold-matt-pvd",
      "reason": "fetch failed"
    },
    {
      "url": "https://www.jaquar.com/en/towel-ring-square-with-round-flange-gold-bright-pvd",
      "reason": "fetch failed"
    },
    {
      "url": "https://www.jaquar.com/en/towel-ring-square-with-round-flange-blush-gold-pvd",
      "reason": "fetch failed"
    },
    {
      "url": "https://www.jaquar.com/en/grab-bar-300mm-long-gold-matt-pvd",
      "reason": "fetch failed"
    },
    {
      "url": "https://www.jaquar.com/en/grab-bar-300mm-long-gold-bright-pvd",
      "reason": "fetch failed"
    },
    {
      "url": "https://www.jaquar.com/en/grab-bar-300mm-long-blush-gold-pvd",
      "reason": "fetch failed"
    },
    {
      "url": "https://www.jaquar.com/en/exposed-shower-pipe-with-hand-shower-holder-gold-matt-pvd",
      "reason": "fetch failed"
    },
    {
      "url": "https://www.jaquar.com/en/exposed-shower-pipe-with-hand-shower-holder-gold-bright-pvd",
      "reason": "fetch failed"
    },
    {
      "url": "https://www.jaquar.com/en/exposed-shower-pipe-with-hand-shower-holder-blush-gold-pvd",
      "reason": "fetch failed"
    },
    {
      "url": "https://www.jaquar.com/en/3-hole-basin-mixer-stainless-steel-9",
      "reason": "fetch failed"
    },
    {
      "url": "https://www.jaquar.com/en/3-hole-basin-mixer-graphite-9",
      "reason": "fetch failed"
    },
    {
      "url": "https://www.jaquar.com/en/3-hole-basin-mixer-black-matt-11",
      "reason": "fetch failed"
    },
    {
      "url": "https://www.jaquar.com/en/3-hole-basin-mixer-black-chrome-11",
      "reason": "fetch failed"
    },
    {
      "url": "https://www.jaquar.com/en/3-hole-basin-mixer-antique-copper-9",
      "reason": "fetch failed"
    },
    {
      "url": "https://www.jaquar.com/en/3-hole-basin-mixer-antique-bronze-9",
      "reason": "fetch failed"
    },
    {
      "url": "https://www.jaquar.com/en/3-hole-basin-mixer-chrome-11",
      "reason": "fetch failed"
    },
    {
      "url": "https://www.jaquar.com/en/wall-hung-bidet-black-matt",
      "reason": "fetch failed"
    },
    {
      "url": "https://www.jaquar.com/en/wall-hung-bidet-white-matt",
      "reason": "fetch failed"
    },
    {
      "url": "https://www.jaquar.com/en/wall-hung-bidet-white",
      "reason": "fetch failed"
    },
    {
      "url": "https://www.jaquar.com/en/semi-recessed-basin-3",
      "reason": "fetch failed"
    },
    {
      "url": "https://www.jaquar.com/en/cls-led-filament-smoky-lamp-14",
      "reason": "fetch failed"
    },
    {
      "url": "https://www.jaquar.com/en/cls-led-filament-smoky-lamp-13",
      "reason": "fetch failed"
    },
    {
      "url": "https://www.jaquar.com/en/cls-led-filament-smoky-lamp-12",
      "reason": "fetch failed"
    },
    {
      "url": "https://www.jaquar.com/en/cls-led-filament-smoky-lamp-11",
      "reason": "fetch failed"
    },
    {
      "url": "https://www.jaquar.com/en/cls-led-filament-smoky-lamp-10",
      "reason": "fetch failed"
    },
    {
      "url": "https://www.jaquar.com/en/cls-led-filament-smoky-lamp-9",
      "reason": "fetch failed"
    },
    {
      "url": "https://www.jaquar.com/en/cls-led-filament-smoky-lamp-8",
      "reason": "fetch failed"
    },
    {
      "url": "https://www.jaquar.com/en/cls-led-filament-smoky-lamp-7",
      "reason": "fetch failed"
    },
    {
      "url": "https://www.jaquar.com/en/cls-led-filament-smoky-lamp-6",
      "reason": "fetch failed"
    },
    {
      "url": "https://www.jaquar.com/en/cls-led-filament-smoky-lamp-5",
      "reason": "fetch failed"
    },
    {
      "url": "https://www.jaquar.com/en/cls-led-filament-smoky-lamp-4",
      "reason": "fetch failed"
    },
    {
      "url": "https://www.jaquar.com/en/cls-led-filament-smoky-lamp-3",
      "reason": "fetch failed"
    },
    {
      "url": "https://www.jaquar.com/en/cls-led-filament-smoky-lamp-2",
      "reason": "fetch failed"
    },
    {
      "url": "https://www.jaquar.com/en/cls-led-filament-smoky-lamp",
      "reason": "fetch failed"
    },
    {
      "url": "https://www.jaquar.com/en/cls-led-filament-lamp-6",
      "reason": "fetch failed"
    },
    {
      "url": "https://www.jaquar.com/en/cls-led-filament-lamp-5",
      "reason": "fetch failed"
    },
    {
      "url": "https://www.jaquar.com/en/cls-led-filament-lamp-4",
      "reason": "fetch failed"
    },
    {
      "url": "https://www.jaquar.com/en/cls-led-filament-lamp-3",
      "reason": "fetch failed"
    },
    {
      "url": "https://www.jaquar.com/en/cls-led-filament-lamp-2",
      "reason": "fetch failed"
    },
    {
      "url": "https://www.jaquar.com/en/cls-led-filament-lamp",
      "reason": "fetch failed"
    },
    {
      "url": "https://www.jaquar.com/en/cls-led-filament-crystallaina-designer-lamp-4",
      "reason": "fetch failed"
    },
    {
      "url": "https://www.jaquar.com/en/cls-led-filament-crystallaina-designer-lamp-3",
      "reason": "fetch failed"
    },
    {
      "url": "https://www.jaquar.com/en/cls-led-filament-crystallaina-designer-lamp-2",
      "reason": "fetch failed"
    },
    {
      "url": "https://www.jaquar.com/en/cls-led-filament-crystallaina-designer-lamp",
      "reason": "fetch failed"
    },
    {
      "url": "https://www.jaquar.com/en/cls-led-filament-amber-lamp-7",
      "reason": "fetch failed"
    },
    {
      "url": "https://www.jaquar.com/en/cls-led-filament-amber-lamp-6",
      "reason": "fetch failed"
    },
    {
      "url": "https://www.jaquar.com/en/cls-led-filament-amber-lamp-5",
      "reason": "fetch failed"
    },
    {
      "url": "https://www.jaquar.com/en/cls-led-filament-amber-lamp-3",
      "reason": "fetch failed"
    },
    {
      "url": "https://www.jaquar.com/en/cls-led-filament-amber-lamp-2",
      "reason": "fetch failed"
    },
    {
      "url": "https://www.jaquar.com/en/cls-led-filament-amber-lamp",
      "reason": "fetch failed"
    },
    {
      "url": "https://www.jaquar.com/en/cls-e-27-holder-for-filament-bulbs-4",
      "reason": "fetch failed"
    },
    {
      "url": "https://www.jaquar.com/en/cls-e-27-holder-for-filament-bulbs-3",
      "reason": "fetch failed"
    },
    {
      "url": "https://www.jaquar.com/en/cls-e-27-holder-for-filament-bulbs-2",
      "reason": "fetch failed"
    },
    {
      "url": "https://www.jaquar.com/en/cls-e-27-holder-for-filament-bulbs",
      "reason": "fetch failed"
    },
    {
      "url": "https://www.jaquar.com/en/cls-aquila",
      "reason": "fetch failed"
    },
    {
      "url": "https://www.jaquar.com/en/cls-led-indoor-cob-strip-light",
      "reason": "fetch failed"
    },
    {
      "url": "https://www.jaquar.com/en/insta-prime-water-heater-24kw",
      "reason": "fetch failed"
    },
    {
      "url": "https://www.jaquar.com/en/insta-prime-water-heater-18kw",
      "reason": "fetch failed"
    },
    {
      "url": "https://www.jaquar.com/en/insta-prime-water-heater-12kw",
      "reason": "fetch failed"
    },
    {
      "url": "https://www.jaquar.com/en/integra-x-heat-pump-water-heater-500-ltr",
      "reason": "fetch failed"
    },
    {
      "url": "https://www.jaquar.com/en/integra-x-heat-pump-water-heater-400-ltr",
      "reason": "fetch failed"
    },
    {
      "url": "https://www.jaquar.com/en/integra-x-heat-pump-water-heater-300-ltr",
      "reason": "fetch failed"
    },
    {
      "url": "https://www.jaquar.com/en/integra-x-heat-pump-water-heater-200-ltr",
      "reason": "fetch failed"
    },
    {
      "url": "https://www.jaquar.com/en/cls-estus-slim-jim-swivel",
      "reason": "fetch failed"
    },
    {
      "url": "https://www.jaquar.com/en/cls-kriza-emergency-bulb-2",
      "reason": "fetch failed"
    },
    {
      "url": "https://www.jaquar.com/en/cls-kubik-plus",
      "reason": "fetch failed"
    },
    {
      "url": "https://www.jaquar.com/en/cls-glide",
      "reason": "fetch failed"
    },
    {
      "url": "https://www.jaquar.com/en/exposed-part-kit-of-concealed-thermostatic-valve-stainless-steel",
      "reason": "fetch failed"
    },
    {
      "url": "https://www.jaquar.com/en/exposed-part-kit-of-concealed-thermostatic-valve-graphite",
      "reason": "fetch failed"
    },
    {
      "url": "https://www.jaquar.com/en/exposed-part-kit-of-concealed-thermostatic-valve-gold-matt-pvd",
      "reason": "fetch failed"
    },
    {
      "url": "https://www.jaquar.com/en/exposed-part-kit-of-concealed-thermostatic-valve-gold-bright-pvd",
      "reason": "fetch failed"
    },
    {
      "url": "https://www.jaquar.com/en/exposed-part-kit-of-concealed-thermostatic-valve-black-matt",
      "reason": "fetch failed"
    },
    {
      "url": "https://www.jaquar.com/en/exposed-part-kit-of-concealed-thermostatic-valve-blush-gold-pvd",
      "reason": "fetch failed"
    },
    {
      "url": "https://www.jaquar.com/en/exposed-part-kit-of-concealed-thermostatic-valve-black-chrome",
      "reason": "fetch failed"
    },
    {
      "url": "https://www.jaquar.com/en/exposed-part-kit-of-concealed-thermostatic-valve-antique-copper",
      "reason": "fetch failed"
    },
    {
      "url": "https://www.jaquar.com/en/exposed-part-kit-of-concealed-thermostatic-valve-antique-bronze",
      "reason": "fetch failed"
    },
    {
      "url": "https://www.jaquar.com/en/exposed-part-kit-of-concealed-thermostatic-valve-chrome",
      "reason": "fetch failed"
    },
    {
      "url": "https://www.jaquar.com/en/concealed-body-of-thermostatic-valve-for-health-faucet",
      "reason": "fetch failed"
    },
    {
      "url": "https://www.jaquar.com/en/concealed-installation-box",
      "reason": "fetch failed"
    },
    {
      "url": "https://www.jaquar.com/en/cls-dimas",
      "reason": "fetch failed"
    },
    {
      "url": "https://www.jaquar.com/en/toilet-paper-holder-2",
      "reason": "fetch failed"
    },
    {
      "url": "https://www.jaquar.com/en/laguna-tall-boy-sensor-faucet-blush-gold-pvd-2",
      "reason": "fetch failed"
    },
    {
      "url": "https://www.jaquar.com/en/laguna-tall-boy-sensor-faucet-gold-bright-pvd-2",
      "reason": "fetch failed"
    },
    {
      "url": "https://www.jaquar.com/en/laguna-tall-boy-sensor-faucet-gold-matt-pvd-2",
      "reason": "fetch failed"
    },
    {
      "url": "https://www.jaquar.com/en/laguna-tall-boy-sensor-faucet-black-matt-2",
      "reason": "fetch failed"
    },
    {
      "url": "https://www.jaquar.com/en/laguna-tall-boy-sensor-faucet-chrome-2",
      "reason": "fetch failed"
    },
    {
      "url": "https://www.jaquar.com/en/laguna-tall-boy-sensor-faucet-black-chrome-2",
      "reason": "fetch failed"
    },
    {
      "url": "https://www.jaquar.com/en/laguna-tall-boy-sensor-faucet-blush-gold-pvd",
      "reason": "fetch failed"
    },
    {
      "url": "https://www.jaquar.com/en/laguna-tall-boy-sensor-faucet-gold-bright-pvd",
      "reason": "fetch failed"
    },
    {
      "url": "https://www.jaquar.com/en/laguna-tall-boy-sensor-faucet-gold-matt-pvd",
      "reason": "fetch failed"
    },
    {
      "url": "https://www.jaquar.com/en/laguna-tall-boy-sensor-faucet-black-matt",
      "reason": "fetch failed"
    },
    {
      "url": "https://www.jaquar.com/en/laguna-tall-boy-sensor-faucet-black-chrome",
      "reason": "fetch failed"
    },
    {
      "url": "https://www.jaquar.com/en/laguna-tall-boy-sensor-faucet-chrome",
      "reason": "fetch failed"
    },
    {
      "url": "https://www.jaquar.com/en/laguna-sensor-faucet-for-wash-basin-blush-gold-pvd-2",
      "reason": "fetch failed"
    },
    {
      "url": "https://www.jaquar.com/en/laguna-sensor-faucet-for-wash-basin-gold-bright-pvd-2",
      "reason": "fetch failed"
    },
    {
      "url": "https://www.jaquar.com/en/laguna-sensor-faucet-for-wash-basin-gold-matt-pvd-2",
      "reason": "fetch failed"
    },
    {
      "url": "https://www.jaquar.com/en/laguna-sensor-faucet-for-wash-basin-black-matt-2",
      "reason": "fetch failed"
    },
    {
      "url": "https://www.jaquar.com/en/laguna-sensor-faucet-for-wash-basin-black-chrome",
      "reason": "fetch failed"
    },
    {
      "url": "https://www.jaquar.com/en/laguna-sensor-faucet-for-wash-basin-chrome-2",
      "reason": "fetch failed"
    },
    {
      "url": "https://www.jaquar.com/en/laguna-sensor-faucet-for-wash-basin-blush-gold-pvd",
      "reason": "fetch failed"
    },
    {
      "url": "https://www.jaquar.com/en/laguna-sensor-faucet-for-wash-basin-gold-bright-pvd",
      "reason": "fetch failed"
    },
    {
      "url": "https://www.jaquar.com/en/laguna-sensor-faucet-for-wash-basin-gold-matt-pvd",
      "reason": "fetch failed"
    },
    {
      "url": "https://www.jaquar.com/en/laguna-sensor-faucet-for-wash-basin-black-matt",
      "reason": "fetch failed"
    },
    {
      "url": "https://www.jaquar.com/en/laguna-sensor-faucet-for-wash-basin-black-chrome-copy",
      "reason": "fetch failed"
    },
    {
      "url": "https://www.jaquar.com/en/laguna-sensor-faucet-for-wash-basin-chrome",
      "reason": "fetch failed"
    },
    {
      "url": "https://www.jaquar.com/en/laguna-tall-boy-sensor-faucet-2",
      "reason": "fetch failed"
    },
    {
      "url": "https://www.jaquar.com/en/laguna-tall-boy-sensor-faucet",
      "reason": "fetch failed"
    },
    {
      "url": "https://www.jaquar.com/en/laguna-sensor-faucet-2",
      "reason": "fetch failed"
    },
    {
      "url": "https://www.jaquar.com/en/laguna-sensor-faucet",
      "reason": "fetch failed"
    },
    {
      "url": "https://www.jaquar.com/en/cls-ultima-ultra-slim-panel",
      "reason": "fetch failed"
    },
    {
      "url": "https://www.jaquar.com/en/cls-strella-deep-recess-downlight",
      "reason": "fetch failed"
    },
    {
      "url": "https://www.jaquar.com/en/cls-strella-slim-square-downlight",
      "reason": "fetch failed"
    },
    {
      "url": "https://www.jaquar.com/en/cls-strella-slim-downlight",
      "reason": "fetch failed"
    },
    {
      "url": "https://www.jaquar.com/en/duoflo-shower-square-shape-chrome-3",
      "reason": "fetch failed"
    },
    {
      "url": "https://www.jaquar.com/en/round-shape-hand-shower-blush-gold-pvd",
      "reason": "fetch failed"
    },
    {
      "url": "https://www.jaquar.com/en/round-shape-hand-shower-gold-bright-pvd",
      "reason": "fetch failed"
    },
    {
      "url": "https://www.jaquar.com/en/round-shape-hand-shower-gold-matt-pvd",
      "reason": "fetch failed"
    },
    {
      "url": "https://www.jaquar.com/en/exposed-thermostatic-bath-shower-mixer-3-in-1-black-matt-2",
      "reason": "fetch failed"
    },
    {
      "url": "https://www.jaquar.com/en/exposed-thermostatic-bath-shower-mixer-3-in-1-black-chrome-2",
      "reason": "fetch failed"
    },
    {
      "url": "https://www.jaquar.com/en/exposed-thermostatic-bath-shower-mixer-3-in-1-chrome-2",
      "reason": "fetch failed"
    },
    {
      "url": "https://www.jaquar.com/en/exposed-thermostatic-bath-shower-mixer-3-in-1-black-matt",
      "reason": "fetch failed"
    },
    {
      "url": "https://www.jaquar.com/en/exposed-thermostatic-bath-shower-mixer-3-in-1-black-chrome",
      "reason": "fetch failed"
    },
    {
      "url": "https://www.jaquar.com/en/exposed-thermostatic-bath-shower-mixer-3-in-1-chrome",
      "reason": "fetch failed"
    },
    {
      "url": "https://www.jaquar.com/en/exposed-thermostatic-bath-shower-mixer-black-matt-3",
      "reason": "fetch failed"
    },
    {
      "url": "https://www.jaquar.com/en/exposed-thermostatic-bath-shower-mixer-black-chrome-4",
      "reason": "fetch failed"
    },
    {
      "url": "https://www.jaquar.com/en/exposed-thermostatic-bath-shower-mixer-chrome-4",
      "reason": "fetch failed"
    },
    {
      "url": "https://www.jaquar.com/en/exposed-thermostatic-bath-shower-mixer-black-matt-2",
      "reason": "fetch failed"
    },
    {
      "url": "https://www.jaquar.com/en/exposed-thermostatic-bath-shower-mixer-black-chrome-3",
      "reason": "fetch failed"
    },
    {
      "url": "https://www.jaquar.com/en/exposed-thermostatic-bath-shower-mixer-chrome-3",
      "reason": "fetch failed"
    },
    {
      "url": "https://www.jaquar.com/en/exposed-thermostatic-bath-shower-mixer-3-in-1-system-blush-gold-pvd-2",
      "reason": "fetch failed"
    },
    {
      "url": "https://www.jaquar.com/en/exposed-thermostatic-bath-shower-mixer-3-in-1-system-gold-bright-pvd-2",
      "reason": "fetch failed"
    },
    {
      "url": "https://www.jaquar.com/en/exposed-thermostatic-bath-shower-mixer-3-in-1-system-gold-matt-pvd-2",
      "reason": "fetch failed"
    },
    {
      "url": "https://www.jaquar.com/en/exposed-thermostatic-bath-shower-mixer-3-in-1-system-antique-copper-2",
      "reason": "fetch failed"
    },
    {
      "url": "https://www.jaquar.com/en/exposed-thermostatic-bath-shower-mixer-3-in-1-system-stainless-steel-2",
      "reason": "fetch failed"
    },
    {
      "url": "https://www.jaquar.com/en/exposed-thermostatic-bath-shower-mixer-3-in-1-system-graphite-2",
      "reason": "fetch failed"
    },
    {
      "url": "https://www.jaquar.com/en/exposed-thermostatic-bath-shower-mixer-3-in-1-system-black-matt-2",
      "reason": "fetch failed"
    },
    {
      "url": "https://www.jaquar.com/en/exposed-thermostatic-bath-shower-mixer-3-in-1-system-black-chrome-2",
      "reason": "fetch failed"
    },
    {
      "url": "https://www.jaquar.com/en/exposed-thermostatic-bath-shower-mixer-3-in-1-system-antique-bronze-2",
      "reason": "fetch failed"
    },
    {
      "url": "https://www.jaquar.com/en/exposed-thermostatic-bath-shower-mixer-3-in-1-system-chrome-2",
      "reason": "fetch failed"
    },
    {
      "url": "https://www.jaquar.com/en/exposed-thermostatic-bath-shower-mixer-3-in-1-system-blush-gold-pvd",
      "reason": "fetch failed"
    },
    {
      "url": "https://www.jaquar.com/en/exposed-thermostatic-bath-shower-mixer-3-in-1-system-gold-bright-pvd",
      "reason": "fetch failed"
    },
    {
      "url": "https://www.jaquar.com/en/exposed-thermostatic-bath-shower-mixer-3-in-1-system-gold-matt-pvd",
      "reason": "fetch failed"
    },
    {
      "url": "https://www.jaquar.com/en/exposed-thermostatic-bath-shower-mixer-3-in-1-system-antique-copper",
      "reason": "fetch failed"
    },
    {
      "url": "https://www.jaquar.com/en/exposed-thermostatic-bath-shower-mixer-3-in-1-system-stainless-steel",
      "reason": "fetch failed"
    },
    {
      "url": "https://www.jaquar.com/en/exposed-thermostatic-bath-shower-mixer-3-in-1-system-graphite",
      "reason": "fetch failed"
    },
    {
      "url": "https://www.jaquar.com/en/exposed-thermostatic-bath-shower-mixer-3-in-1-system-black-matt",
      "reason": "fetch failed"
    },
    {
      "url": "https://www.jaquar.com/en/exposed-thermostatic-bath-shower-mixer-3-in-1-system-black-chrome",
      "reason": "fetch failed"
    },
    {
      "url": "https://www.jaquar.com/en/exposed-thermostatic-bath-shower-mixer-3-in-1-system-antique-bronze",
      "reason": "fetch failed"
    },
    {
      "url": "https://www.jaquar.com/en/exposed-thermostatic-bath-shower-mixer-3-in-1-system-chrome",
      "reason": "fetch failed"
    },
    {
      "url": "https://www.jaquar.com/en/exposed-part-kit-of-concealed-stop-cock-antique-copper-5",
      "reason": "image upload failed: fetch failed"
    },
    {
      "url": "https://www.jaquar.com/en/exposed-thermostatic-bath-shower-mixer-antique-copper-2",
      "reason": "fetch failed"
    },
    {
      "url": "https://www.jaquar.com/en/exposed-thermostatic-bath-shower-mixer-gold-bright-pvd-2",
      "reason": "fetch failed"
    },
    {
      "url": "https://www.jaquar.com/en/exposed-thermostatic-bath-shower-mixer-gold-matt-pvd-2",
      "reason": "fetch failed"
    },
    {
      "url": "https://www.jaquar.com/en/exposed-thermostatic-bath-shower-mixer-blush-gold-pvd-2",
      "reason": "fetch failed"
    },
    {
      "url": "https://www.jaquar.com/en/exposed-thermostatic-bath-shower-mixer-stainless-steel",
      "reason": "fetch failed"
    },
    {
      "url": "https://www.jaquar.com/en/exposed-thermostatic-bath-shower-mixer-graphite-2",
      "reason": "fetch failed"
    },
    {
      "url": "https://www.jaquar.com/en/exposed-thermostatic-bath-shower-mixer-black-matt",
      "reason": "fetch failed"
    },
    {
      "url": "https://www.jaquar.com/en/exposed-thermostatic-bath-shower-mixer-black-chrome-2",
      "reason": "fetch failed"
    },
    {
      "url": "https://www.jaquar.com/en/exposed-thermostatic-bath-shower-mixer-antique-bronze",
      "reason": "fetch failed"
    },
    {
      "url": "https://www.jaquar.com/en/exposed-thermostatic-bath-shower-mixer-chrome-2",
      "reason": "fetch failed"
    },
    {
      "url": "https://www.jaquar.com/en/exposed-thermostatic-bath-shower-mixer-blush-gold-pvd",
      "reason": "fetch failed"
    },
    {
      "url": "https://www.jaquar.com/en/1850-c-3600-4000",
      "reason": "This operation was aborted"
    },
    {
      "url": "https://www.jaquar.com/en/1850-c-2800-3200",
      "reason": "This operation was aborted"
    },
    {
      "url": "https://www.jaquar.com/en/1150-c-3201-3600",
      "reason": "image upload failed: read ECONNRESET"
    },
    {
      "url": "https://www.jaquar.com/en/1860-t-3000-3400",
      "reason": "image upload failed: read ECONNRESET"
    },
    {
      "url": "https://www.jaquar.com/en/1840-u-4-part-3201-3600",
      "reason": "image upload failed: read ECONNRESET"
    },
    {
      "url": "https://www.jaquar.com/en/1150-c-2800-3200",
      "reason": "image upload failed: read ECONNRESET"
    },
    {
      "url": "https://www.jaquar.com/en/1860-t-3000-3400",
      "reason": "\nInvalid `prisma.product.upsert()` invocation:\n\n\nTimed out fetching a new connection from the connection pool. More info: http://pris.ly/d/connection-pool (Current connection pool timeout: 10, connection limit: 13)"
    },
    {
      "url": "https://www.jaquar.com/en/1840-u-4-part-3201-3600",
      "reason": "\nInvalid `prisma.product.findUnique()` invocation:\n\n\nTimed out fetching a new connection from the connection pool. More info: http://pris.ly/d/connection-pool (Current connection pool timeout: 10, connection limit: 13)"
    },
    {
      "url": "https://www.jaquar.com/en/1840-u-2401-2800",
      "reason": "image upload failed: socket hang up"
    },
    {
      "url": "https://www.jaquar.com/en/1840-u-2801-3200",
      "reason": "image upload failed: read ECONNRESET"
    },
    {
      "url": "https://www.jaquar.com/en/1840-u-4-part-2801-3200",
      "reason": "image upload failed: read ECONNRESET"
    },
    {
      "url": "https://www.jaquar.com/en/1150-c-2800-3200",
      "reason": "\nInvalid `prisma.product.upsert()` invocation:\n\n\nServer has closed the connection."
    },
    {
      "url": "https://www.jaquar.com/en/1840-u-4-part-2401-2800",
      "reason": "image upload failed: socket hang up"
    },
    {
      "url": "https://www.jaquar.com/en/1840-u-2401-2800",
      "reason": "\nInvalid `prisma.product.upsert()` invocation:\n\n\nServer has closed the connection."
    },
    {
      "url": "https://www.jaquar.com/en/1850-c-3201-3600",
      "reason": "image upload failed: socket hang up"
    },
    {
      "url": "https://www.jaquar.com/en/1840-u-1600-2000",
      "reason": "image upload failed: read ECONNRESET"
    },
    {
      "url": "https://www.jaquar.com/en/1150-c-3600-4000",
      "reason": "image upload failed: socket hang up"
    },
    {
      "url": "https://www.jaquar.com/en/1840-u-2001-2400",
      "reason": "image upload failed: read ECONNRESET"
    },
    {
      "url": "https://www.jaquar.com/en/1840-u-4-part-2401-2800",
      "reason": "\nInvalid `prisma.product.findUnique()` invocation:\n\n\nTimed out fetching a new connection from the connection pool. More info: http://pris.ly/d/connection-pool (Current connection pool timeout: 10, connection limit: 13)"
    },
    {
      "url": "https://www.jaquar.com/en/1840-u-2801-3200",
      "reason": "\nInvalid `prisma.product.upsert()` invocation:\n\n\nServer has closed the connection."
    },
    {
      "url": "https://www.jaquar.com/en/1840-u-4-part-2801-3200",
      "reason": "\nInvalid `prisma.product.upsert()` invocation:\n\n\nServer has closed the connection."
    },
    {
      "url": "https://www.jaquar.com/en/1850-c-3201-3600",
      "reason": "\nInvalid `prisma.product.findUnique()` invocation:\n\n\nTimed out fetching a new connection from the connection pool. More info: http://pris.ly/d/connection-pool (Current connection pool timeout: 10, connection limit: 13)"
    },
    {
      "url": "https://www.jaquar.com/en/1840-u-1600-2000",
      "reason": "\nInvalid `prisma.product.findUnique()` invocation:\n\n\nTimed out fetching a new connection from the connection pool. More info: http://pris.ly/d/connection-pool (Current connection pool timeout: 10, connection limit: 13)"
    },
    {
      "url": "https://www.jaquar.com/en/1150-c-3600-4000",
      "reason": "\nInvalid `prisma.product.findUnique()` invocation:\n\n\nTimed out fetching a new connection from the connection pool. More info: http://pris.ly/d/connection-pool (Current connection pool timeout: 10, connection limit: 13)"
    },
    {
      "url": "https://www.jaquar.com/en/1840-u-2001-2400",
      "reason": "\nInvalid `prisma.product.findUnique()` invocation:\n\n\nTimed out fetching a new connection from the connection pool. More info: http://pris.ly/d/connection-pool (Current connection pool timeout: 10, connection limit: 13)"
    },
    {
      "url": "https://www.jaquar.com/en/1840-p-2801-3200",
      "reason": "image upload failed: read ECONNRESET"
    },
    {
      "url": "https://www.jaquar.com/en/1140-f-1201-1600",
      "reason": "image upload failed: getaddrinfo ENOTFOUND your-prestige-in.s3.ap-south-1.amazonaws.com"
    },
    {
      "url": "https://www.jaquar.com/en/1840-p-1600-2000",
      "reason": "image upload failed: getaddrinfo ENOTFOUND your-prestige-in.s3.ap-south-1.amazonaws.com"
    },
    {
      "url": "https://www.jaquar.com/en/1140-f-1601-2000",
      "reason": "image upload failed: read ECONNRESET"
    },
    {
      "url": "https://www.jaquar.com/en/1840-p-2001-2400",
      "reason": "image upload failed: getaddrinfo ENOTFOUND your-prestige-in.s3.ap-south-1.amazonaws.com"
    },
    {
      "url": "https://www.jaquar.com/en/1840-p-2401-2800",
      "reason": "image upload failed: getaddrinfo ENOTFOUND your-prestige-in.s3.ap-south-1.amazonaws.com"
    },
    {
      "url": "https://www.jaquar.com/en/1840-u-4-part-2001-2400",
      "reason": "image upload failed: getaddrinfo ENOTFOUND your-prestige-in.s3.ap-south-1.amazonaws.com"
    },
    {
      "url": "https://www.jaquar.com/en/1840-p-2801-3200",
      "reason": "\nInvalid `prisma.product.findUnique()` invocation:\n\n\nTimed out fetching a new connection from the connection pool. More info: http://pris.ly/d/connection-pool (Current connection pool timeout: 10, connection limit: 13)"
    },
    {
      "url": "https://www.jaquar.com/en/1140-f-1201-1600",
      "reason": "\nInvalid `prisma.product.findUnique()` invocation:\n\n\nTimed out fetching a new connection from the connection pool. More info: http://pris.ly/d/connection-pool (Current connection pool timeout: 10, connection limit: 13)"
    },
    {
      "url": "https://www.jaquar.com/en/1840-p-1600-2000",
      "reason": "\nInvalid `prisma.product.findUnique()` invocation:\n\n\nTimed out fetching a new connection from the connection pool. More info: http://pris.ly/d/connection-pool (Current connection pool timeout: 10, connection limit: 13)"
    },
    {
      "url": "https://www.jaquar.com/en/1140-f-1601-2000",
      "reason": "\nInvalid `prisma.product.findUnique()` invocation:\n\n\nTimed out fetching a new connection from the connection pool. More info: http://pris.ly/d/connection-pool (Current connection pool timeout: 10, connection limit: 13)"
    },
    {
      "url": "https://www.jaquar.com/en/1140-g-2801-3200",
      "reason": "fetch failed"
    },
    {
      "url": "https://www.jaquar.com/en/1840-p-2001-2400",
      "reason": "\nInvalid `prisma.product.findUnique()` invocation:\n\n\nTimed out fetching a new connection from the connection pool. More info: http://pris.ly/d/connection-pool (Current connection pool timeout: 10, connection limit: 13)"
    },
    {
      "url": "https://www.jaquar.com/en/1140-g-2401-2800",
      "reason": "fetch failed"
    },
    {
      "url": "https://www.jaquar.com/en/1840-p-2401-2800",
      "reason": "\nInvalid `prisma.product.findUnique()` invocation:\n\n\nTimed out fetching a new connection from the connection pool. More info: http://pris.ly/d/connection-pool (Current connection pool timeout: 10, connection limit: 13)"
    },
    {
      "url": "https://www.jaquar.com/en/1140-g-2001-2400",
      "reason": "fetch failed"
    },
    {
      "url": "https://www.jaquar.com/en/1140-g-1600-2000",
      "reason": "fetch failed"
    },
    {
      "url": "https://www.jaquar.com/en/1140-w-2801-3200",
      "reason": "fetch failed"
    },
    {
      "url": "https://www.jaquar.com/en/1140-w-2401-2800",
      "reason": "fetch failed"
    },
    {
      "url": "https://www.jaquar.com/en/1140-w-2001-2400",
      "reason": "fetch failed"
    },
    {
      "url": "https://www.jaquar.com/en/1140-w-1600-2000",
      "reason": "fetch failed"
    },
    {
      "url": "https://www.jaquar.com/en/1840-u-4-part-2001-2400",
      "reason": "\nInvalid `prisma.product.findUnique()` invocation:\n\n\nTimed out fetching a new connection from the connection pool. More info: http://pris.ly/d/connection-pool (Current connection pool timeout: 10, connection limit: 13)"
    },
    {
      "url": "https://www.jaquar.com/en/1140-l-2801-3200",
      "reason": "fetch failed"
    },
    {
      "url": "https://www.jaquar.com/en/1140-l-2401-2800",
      "reason": "fetch failed"
    },
    {
      "url": "https://www.jaquar.com/en/1140-l-2001-2400",
      "reason": "fetch failed"
    },
    {
      "url": "https://www.jaquar.com/en/1140-l-1600-2000",
      "reason": "fetch failed"
    },
    {
      "url": "https://www.jaquar.com/en/1840-w-2801-3200",
      "reason": "fetch failed"
    },
    {
      "url": "https://www.jaquar.com/en/1840-w-2401-2800",
      "reason": "fetch failed"
    },
    {
      "url": "https://www.jaquar.com/en/1840-w-2001-2400",
      "reason": "fetch failed"
    },
    {
      "url": "https://www.jaquar.com/en/1840-w-1600-2000",
      "reason": "fetch failed"
    },
    {
      "url": "https://www.jaquar.com/en/1840-l-2801-3200",
      "reason": "fetch failed"
    },
    {
      "url": "https://www.jaquar.com/en/1840-l-2401-2800",
      "reason": "fetch failed"
    },
    {
      "url": "https://www.jaquar.com/en/1840-l-2001-2400",
      "reason": "fetch failed"
    },
    {
      "url": "https://www.jaquar.com/en/1840-l-1600-2000",
      "reason": "fetch failed"
    },
    {
      "url": "https://www.jaquar.com/en/1130-g-2401-2800",
      "reason": "fetch failed"
    },
    {
      "url": "https://www.jaquar.com/en/1130-g-2001-2400",
      "reason": "fetch failed"
    },
    {
      "url": "https://www.jaquar.com/en/1130-g-1601-2000",
      "reason": "fetch failed"
    },
    {
      "url": "https://www.jaquar.com/en/1130-g-1200-1600",
      "reason": "fetch failed"
    },
    {
      "url": "https://www.jaquar.com/en/1830-g-2401-2800",
      "reason": "fetch failed"
    },
    {
      "url": "https://www.jaquar.com/en/1830-g-1601-1800",
      "reason": "fetch failed"
    },
    {
      "url": "https://www.jaquar.com/en/1830-g-1200-1600",
      "reason": "fetch failed"
    },
    {
      "url": "https://www.jaquar.com/en/1820-g-1601-1800",
      "reason": "fetch failed"
    },
    {
      "url": "https://www.jaquar.com/en/1820-g-1201-1600",
      "reason": "fetch failed"
    },
    {
      "url": "https://www.jaquar.com/en/1820-g-800-1200",
      "reason": "fetch failed"
    },
    {
      "url": "https://www.jaquar.com/en/1120-g-800-1200",
      "reason": "fetch failed"
    },
    {
      "url": "https://www.jaquar.com/en/1120-w-1601-2000",
      "reason": "fetch failed"
    },
    {
      "url": "https://www.jaquar.com/en/1120-w-800-1200",
      "reason": "fetch failed"
    },
    {
      "url": "https://www.jaquar.com/en/1820-w-1601-1800",
      "reason": "fetch failed"
    },
    {
      "url": "https://www.jaquar.com/en/1820-w-1201-1600",
      "reason": "fetch failed"
    },
    {
      "url": "https://www.jaquar.com/en/1820-w-800-1200",
      "reason": "fetch failed"
    },
    {
      "url": "https://www.jaquar.com/en/1110-t-1601-1800",
      "reason": "fetch failed"
    },
    {
      "url": "https://www.jaquar.com/en/1110-t-1201-1600",
      "reason": "fetch failed"
    },
    {
      "url": "https://www.jaquar.com/en/1110-t-801-1200",
      "reason": "fetch failed"
    },
    {
      "url": "https://www.jaquar.com/en/1110-t-600-800",
      "reason": "fetch failed"
    },
    {
      "url": "https://www.jaquar.com/en/1810-t-1601-1800",
      "reason": "fetch failed"
    },
    {
      "url": "https://www.jaquar.com/en/1810-t-1201-1600",
      "reason": "fetch failed"
    },
    {
      "url": "https://www.jaquar.com/en/1810-t-801-1200",
      "reason": "fetch failed"
    },
    {
      "url": "https://www.jaquar.com/en/1810-t-600-800",
      "reason": "fetch failed"
    },
    {
      "url": "https://www.jaquar.com/en/1810-s-1110-s-1000",
      "reason": "fetch failed"
    },
    {
      "url": "https://www.jaquar.com/en/1810-s-1110-s-900",
      "reason": "fetch failed"
    },
    {
      "url": "https://www.jaquar.com/en/1840-f-1601-2000",
      "reason": "fetch failed"
    },
    {
      "url": "https://www.jaquar.com/en/1840-f-1201-1600",
      "reason": "fetch failed"
    },
    {
      "url": "https://www.jaquar.com/en/1840-f-800-1200",
      "reason": "fetch failed"
    },
    {
      "url": "https://www.jaquar.com/en/1110-f-1601-1800",
      "reason": "fetch failed"
    },
    {
      "url": "https://www.jaquar.com/en/1110-f-1201-1600",
      "reason": "fetch failed"
    },
    {
      "url": "https://www.jaquar.com/en/1110-f-801-1200",
      "reason": "fetch failed"
    },
    {
      "url": "https://www.jaquar.com/en/1110-f-600-800",
      "reason": "fetch failed"
    },
    {
      "url": "https://www.jaquar.com/en/1810-f-1201-1600",
      "reason": "fetch failed"
    },
    {
      "url": "https://www.jaquar.com/en/1810-f-1601-1800",
      "reason": "fetch failed"
    },
    {
      "url": "https://www.jaquar.com/en/1810-f-801-1200",
      "reason": "fetch failed"
    },
    {
      "url": "https://www.jaquar.com/en/1810-f-600-800",
      "reason": "fetch failed"
    },
    {
      "url": "https://www.jaquar.com/en/1140-u-2801-3200",
      "reason": "fetch failed"
    },
    {
      "url": "https://www.jaquar.com/en/1140-u-2401-2800",
      "reason": "fetch failed"
    },
    {
      "url": "https://www.jaquar.com/en/1140-u-2001-2400",
      "reason": "fetch failed"
    },
    {
      "url": "https://www.jaquar.com/en/1140-u-1600-2000",
      "reason": "fetch failed"
    },
    {
      "url": "https://www.jaquar.com/en/1110-d-1001-1200",
      "reason": "fetch failed"
    },
    {
      "url": "https://www.jaquar.com/en/1110-d-801-1000",
      "reason": "fetch failed"
    },
    {
      "url": "https://www.jaquar.com/en/1110-d-600-800",
      "reason": "fetch failed"
    },
    {
      "url": "https://www.jaquar.com/en/1140-p-2801-3200",
      "reason": "fetch failed"
    },
    {
      "url": "https://www.jaquar.com/en/1140-p-2401-2800",
      "reason": "fetch failed"
    },
    {
      "url": "https://www.jaquar.com/en/1140-p-2001-2400",
      "reason": "fetch failed"
    },
    {
      "url": "https://www.jaquar.com/en/1140-p-1600-2000",
      "reason": "fetch failed"
    },
    {
      "url": "https://www.jaquar.com/en/1810-d-801-1000",
      "reason": "fetch failed"
    },
    {
      "url": "https://www.jaquar.com/en/mica-1200-x-1200",
      "reason": "fetch failed"
    },
    {
      "url": "https://www.jaquar.com/en/1810-d-600-800",
      "reason": "fetch failed"
    },
    {
      "url": "https://www.jaquar.com/en/mica-1000-x-1000",
      "reason": "fetch failed"
    },
    {
      "url": "https://www.jaquar.com/en/mica-900-x-900",
      "reason": "fetch failed"
    },
    {
      "url": "https://www.jaquar.com/en/delta-black-1200-x-1200",
      "reason": "fetch failed"
    },
    {
      "url": "https://www.jaquar.com/en/delta-1000-x-1000",
      "reason": "fetch failed"
    },
    {
      "url": "https://www.jaquar.com/en/delta-black-900-x-900",
      "reason": "fetch failed"
    },
    {
      "url": "https://www.jaquar.com/en/delta-900-x-900",
      "reason": "fetch failed"
    },
    {
      "url": "https://www.jaquar.com/en/kristall-trend-1200-x-1200",
      "reason": "fetch failed"
    },
    {
      "url": "https://www.jaquar.com/en/kristall-trend-1000-x-1200",
      "reason": "fetch failed"
    },
    {
      "url": "https://www.jaquar.com/en/kristall-trend-1000-x-1000",
      "reason": "fetch failed"
    },
    {
      "url": "https://www.jaquar.com/en/kretana-1200-x-1200",
      "reason": "fetch failed"
    },
    {
      "url": "https://www.jaquar.com/en/kretana-1000-x-1200",
      "reason": "fetch failed"
    },
    {
      "url": "https://www.jaquar.com/en/kretana-1000-x-1000",
      "reason": "fetch failed"
    },
    {
      "url": "https://www.jaquar.com/en/fusion-plus-1200-x-900",
      "reason": "fetch failed"
    },
    {
      "url": "https://www.jaquar.com/en/fusion-plus-1200-x-1000",
      "reason": "fetch failed"
    },
    {
      "url": "https://www.jaquar.com/en/fusion-1200x1000",
      "reason": "fetch failed"
    },
    {
      "url": "https://www.jaquar.com/en/fusion-plus-1200-x-800",
      "reason": "fetch failed"
    },
    {
      "url": "https://www.jaquar.com/en/fusion-1200x900",
      "reason": "fetch failed"
    },
    {
      "url": "https://www.jaquar.com/en/1840-g-2401-2800",
      "reason": "image upload failed: fetch failed"
    },
    {
      "url": "https://www.jaquar.com/en/fusion-1200x800",
      "reason": "fetch failed"
    },
    {
      "url": "https://www.jaquar.com/en/ritz-r1840f-right-version-w-2000-2400",
      "reason": "fetch failed"
    },
    {
      "url": "https://www.jaquar.com/en/1840-g-2801-3200",
      "reason": "image upload failed: fetch failed"
    },
    {
      "url": "https://www.jaquar.com/en/1840-g-1600-2000",
      "reason": "image upload failed: fetch failed"
    },
    {
      "url": "https://www.jaquar.com/en/ritz-r1840f-left-version-w-2000-2400",
      "reason": "fetch failed"
    },
    {
      "url": "https://www.jaquar.com/en/ritz-r1850c-right-version-w-3601-4000",
      "reason": "fetch failed"
    },
    {
      "url": "https://www.jaquar.com/en/1140-f-800-1200",
      "reason": "image upload failed: fetch failed"
    },
    {
      "url": "https://www.jaquar.com/en/1840-g-2001-2400",
      "reason": "image upload failed: fetch failed"
    },
    {
      "url": "https://www.jaquar.com/en/ritz-r1850c-right-version-w-3201-3600",
      "reason": "fetch failed"
    },
    {
      "url": "https://www.jaquar.com/en/ritz-r1850c-right-version-w-2800-3200",
      "reason": "fetch failed"
    },
    {
      "url": "https://www.jaquar.com/en/ritz-r1850c-left-version-w-3201-3600",
      "reason": "fetch failed"
    },
    {
      "url": "https://www.jaquar.com/en/ritz-r1850c-left-version-w-2800-3200",
      "reason": "fetch failed"
    },
    {
      "url": "https://www.jaquar.com/en/ritz-r1840p-right-version-w-2801-3200",
      "reason": "fetch failed"
    },
    {
      "url": "https://www.jaquar.com/en/ritz-r1840p-right-version-w-2401-2800",
      "reason": "fetch failed"
    },
    {
      "url": "https://www.jaquar.com/en/ritz-r1840p-right-version-w-2001-2400",
      "reason": "fetch failed"
    },
    {
      "url": "https://www.jaquar.com/en/ritz-r1840p-right-version-w-1600-2000",
      "reason": "fetch failed"
    },
    {
      "url": "https://www.jaquar.com/en/ritz-r1840p-left-version-w-2801-3200",
      "reason": "fetch failed"
    },
    {
      "url": "https://www.jaquar.com/en/ritz-r1840p-left-version-w-2401-2800",
      "reason": "fetch failed"
    },
    {
      "url": "https://www.jaquar.com/en/1840-g-2401-2800",
      "reason": "\nInvalid `prisma.product.findUnique()` invocation:\n\n\nCan't reach database server at `ep-fragrant-dream-ayoi2s86-pooler.c-5.us-east-2.aws.neon.tech:5432`\n\nPlease make sure your database server is running at `ep-fragrant-dream-ayoi2s86-pooler.c-5.us-east-2.aws.neon.tech:5432`."
    },
    {
      "url": "https://www.jaquar.com/en/ritz-r1840p-left-version-w-1600-2000",
      "reason": "fetch failed"
    },
    {
      "url": "https://www.jaquar.com/en/ritz-r1840p-left-version-w-2001-2400",
      "reason": "fetch failed"
    },
    {
      "url": "https://www.jaquar.com/en/1840-g-2801-3200",
      "reason": "\nInvalid `prisma.product.findUnique()` invocation:\n\n\nCan't reach database server at `ep-fragrant-dream-ayoi2s86-pooler.c-5.us-east-2.aws.neon.tech:5432`\n\nPlease make sure your database server is running at `ep-fragrant-dream-ayoi2s86-pooler.c-5.us-east-2.aws.neon.tech:5432`."
    },
    {
      "url": "https://www.jaquar.com/en/1840-g-1600-2000",
      "reason": "\nInvalid `prisma.product.findUnique()` invocation:\n\n\nCan't reach database server at `ep-fragrant-dream-ayoi2s86-pooler.c-5.us-east-2.aws.neon.tech:5432`\n\nPlease make sure your database server is running at `ep-fragrant-dream-ayoi2s86-pooler.c-5.us-east-2.aws.neon.tech:5432`."
    },
    {
      "url": "https://www.jaquar.com/en/ritz-r1840r-right-version-w-2801-3200",
      "reason": "fetch failed"
    },
    {
      "url": "https://www.jaquar.com/en/ritz-r1840r-right-version-w-2001-2400",
      "reason": "fetch failed"
    },
    {
      "url": "https://www.jaquar.com/en/ritz-r1840r-right-version-w-1600-2000",
      "reason": "fetch failed"
    },
    {
      "url": "https://www.jaquar.com/en/ritz-r1840l-left-version-w-1600-2000",
      "reason": "fetch failed"
    },
    {
      "url": "https://www.jaquar.com/en/1840-g-2001-2400",
      "reason": "\nInvalid `prisma.product.findUnique()` invocation:\n\n\nCan't reach database server at `ep-fragrant-dream-ayoi2s86-pooler.c-5.us-east-2.aws.neon.tech:5432`\n\nPlease make sure your database server is running at `ep-fragrant-dream-ayoi2s86-pooler.c-5.us-east-2.aws.neon.tech:5432`."
    },
    {
      "url": "https://www.jaquar.com/en/1140-f-800-1200",
      "reason": "\nInvalid `prisma.product.findUnique()` invocation:\n\n\nCan't reach database server at `ep-fragrant-dream-ayoi2s86-pooler.c-5.us-east-2.aws.neon.tech:5432`\n\nPlease make sure your database server is running at `ep-fragrant-dream-ayoi2s86-pooler.c-5.us-east-2.aws.neon.tech:5432`."
    },
    {
      "url": "https://www.jaquar.com/en/ritz-r1840w-right-version-w-2401-2800",
      "reason": "fetch failed"
    },
    {
      "url": "https://www.jaquar.com/en/ritz-r1840w-right-version-w-2001-2400",
      "reason": "fetch failed"
    },
    {
      "url": "https://www.jaquar.com/en/ritz-r1840w-right-version-w-1600-2000",
      "reason": "fetch failed"
    },
    {
      "url": "https://www.jaquar.com/en/ritz-r1840w-left-version-w-2801-3200",
      "reason": "fetch failed"
    },
    {
      "url": "https://www.jaquar.com/en/ritz-r1840w-left-version-w-2401-2800",
      "reason": "fetch failed"
    },
    {
      "url": "https://www.jaquar.com/en/ritz-r1840w-left-version-w-2001-2400",
      "reason": "fetch failed"
    },
    {
      "url": "https://www.jaquar.com/en/ritz-r1840w-left-version-w-1600-2000",
      "reason": "fetch failed"
    },
    {
      "url": "https://www.jaquar.com/en/ritz-r1840g-right-version-w-2401-2800",
      "reason": "fetch failed"
    },
    {
      "url": "https://www.jaquar.com/en/ritz-r1840g-right-version-w-2801-3200",
      "reason": "fetch failed"
    },
    {
      "url": "https://www.jaquar.com/en/ritz-r1840g-right-version-w-1600-2000",
      "reason": "fetch failed"
    },
    {
      "url": "https://www.jaquar.com/en/ritz-r1840g-left-version-w-2801-3200",
      "reason": "fetch failed"
    },
    {
      "url": "https://www.jaquar.com/en/ritz-r1840g-left-version-w-2401-2800",
      "reason": "fetch failed"
    },
    {
      "url": "https://www.jaquar.com/en/ritz-r1840g-left-version-w-1600-2000",
      "reason": "fetch failed"
    },
    {
      "url": "https://www.jaquar.com/en/ritz-r1830g-right-version-w-2401-2800",
      "reason": "fetch failed"
    },
    {
      "url": "https://www.jaquar.com/en/ritz-r1830g-right-version-w-2001-2400",
      "reason": "fetch failed"
    },
    {
      "url": "https://www.jaquar.com/en/ritz-r1830g-right-version-w-1601-2000",
      "reason": "fetch failed"
    },
    {
      "url": "https://www.jaquar.com/en/ritz-r1830g-left-version-w-2401-2800",
      "reason": "fetch failed"
    },
    {
      "url": "https://www.jaquar.com/en/ritz-r1830g-right-version-w-1201-1600",
      "reason": "fetch failed"
    },
    {
      "url": "https://www.jaquar.com/en/ritz-r1830g-left-version-w-2001-2400",
      "reason": "fetch failed"
    },
    {
      "url": "https://www.jaquar.com/en/ritz-r1830g-left-version-w-1601-2000",
      "reason": "fetch failed"
    },
    {
      "url": "https://www.jaquar.com/en/ritz-r1830g-left-version-w-1201-1600",
      "reason": "fetch failed"
    },
    {
      "url": "https://www.jaquar.com/en/ritz-r1820g-right-version-w-1601-2000",
      "reason": "fetch failed"
    },
    {
      "url": "https://www.jaquar.com/en/ritz-r1820g-right-version-w-800-1200",
      "reason": "fetch failed"
    },
    {
      "url": "https://www.jaquar.com/en/ritz-r1820g-right-version-w-1201-1600",
      "reason": "fetch failed"
    },
    {
      "url": "https://www.jaquar.com/en/ritz-r1820g-left-version-w-1201-1600",
      "reason": "fetch failed"
    },
    {
      "url": "https://www.jaquar.com/en/ritz-r1820g-left-version-w-1601-2000",
      "reason": "fetch failed"
    },
    {
      "url": "https://www.jaquar.com/en/ritz-r1820w-right-version-w-1601-2000",
      "reason": "fetch failed"
    },
    {
      "url": "https://www.jaquar.com/en/ritz-r1820g-left-version-w-800-1200",
      "reason": "fetch failed"
    },
    {
      "url": "https://www.jaquar.com/en/ritz-r1820w-right-version-w-1201-1600",
      "reason": "fetch failed"
    },
    {
      "url": "https://www.jaquar.com/en/ritz-r1820w-right-version-w-800-1200",
      "reason": "fetch failed"
    },
    {
      "url": "https://www.jaquar.com/en/ritz-r1820w-left-version-w-800-1200",
      "reason": "fetch failed"
    },
    {
      "url": "https://www.jaquar.com/en/t-shaped-enclosure-w-4201-4600",
      "reason": "fetch failed"
    },
    {
      "url": "https://www.jaquar.com/en/t-shaped-enclosure-w-3801-4200",
      "reason": "fetch failed"
    },
    {
      "url": "https://www.jaquar.com/en/t-shaped-enclosure-w-3401-3800",
      "reason": "fetch failed"
    },
    {
      "url": "https://www.jaquar.com/en/t-shaped-enclosure-w-3000-3400",
      "reason": "fetch failed"
    },
    {
      "url": "https://www.jaquar.com/en/s860t-blk-w-4201-4600",
      "reason": "fetch failed"
    },
    {
      "url": "https://www.jaquar.com/en/s860t-blk-w-3801-4200",
      "reason": "fetch failed"
    },
    {
      "url": "https://www.jaquar.com/en/s860t-blk-w-3401-3800",
      "reason": "fetch failed"
    },
    {
      "url": "https://www.jaquar.com/en/s860t-blk-w-3000-3400",
      "reason": "fetch failed"
    },
    {
      "url": "https://www.jaquar.com/en/pentagonal-shaped-corner-enclosure-1400x1400",
      "reason": "fetch failed"
    },
    {
      "url": "https://www.jaquar.com/en/pentagonal-shaped-corner-enclosure-1500x1500",
      "reason": "fetch failed"
    },
    {
      "url": "https://www.jaquar.com/en/pentagonal-shaped-corner-enclosure-1300x1300",
      "reason": "fetch failed"
    },
    {
      "url": "https://www.jaquar.com/en/pentagonal-shaped-corner-enclosure-1200x1200",
      "reason": "fetch failed"
    },
    {
      "url": "https://www.jaquar.com/en/pentagonal-shaped-corner-enclosure-1100x1100",
      "reason": "fetch failed"
    },
    {
      "url": "https://www.jaquar.com/en/pentagonal-shaped-corner-enclosure-width-1000x1000",
      "reason": "fetch failed"
    },
    {
      "url": "https://www.jaquar.com/en/corner-enclosure-2801-3200",
      "reason": "fetch failed"
    },
    {
      "url": "https://www.jaquar.com/en/corner-enclosure-width-2401-2800",
      "reason": "fetch failed"
    },
    {
      "url": "https://www.jaquar.com/en/corner-enclosure-width-2001-2400",
      "reason": "fetch failed"
    },
    {
      "url": "https://www.jaquar.com/en/corner-enclosure-width-1600-2000",
      "reason": "fetch failed"
    },
    {
      "url": "https://www.jaquar.com/en/aura-width-2000",
      "reason": "fetch failed"
    },
    {
      "url": "https://www.jaquar.com/en/aura-width-1900",
      "reason": "fetch failed"
    },
    {
      "url": "https://www.jaquar.com/en/aura-width-1800",
      "reason": "fetch failed"
    },
    {
      "url": "https://www.jaquar.com/en/aura-width-1700",
      "reason": "fetch failed"
    },
    {
      "url": "https://www.jaquar.com/en/aura-width-1600",
      "reason": "fetch failed"
    },
    {
      "url": "https://www.jaquar.com/en/aura-width-1500",
      "reason": "fetch failed"
    },
    {
      "url": "https://www.jaquar.com/en/aura-width-1400",
      "reason": "fetch failed"
    },
    {
      "url": "https://www.jaquar.com/en/aura-width-1300",
      "reason": "fetch failed"
    },
    {
      "url": "https://www.jaquar.com/en/aura-width-1200",
      "reason": "fetch failed"
    },
    {
      "url": "https://www.jaquar.com/en/wall-to-wall-enclousure-width-2401-2800",
      "reason": "fetch failed"
    },
    {
      "url": "https://www.jaquar.com/en/wall-to-wall-enclousure-width-2001-2400",
      "reason": "fetch failed"
    },
    {
      "url": "https://www.jaquar.com/en/wall-to-wall-enclousure-width-1200-1600",
      "reason": "fetch failed"
    },
    {
      "url": "https://www.jaquar.com/en/wall-to-wall-enclosure-width-1601-2000",
      "reason": "fetch failed"
    },
    {
      "url": "https://www.jaquar.com/en/wall-to-wall-enclosure-width-1201-1600",
      "reason": "fetch failed"
    },
    {
      "url": "https://www.jaquar.com/en/wall-to-wall-enclosure-width-800-1200",
      "reason": "fetch failed"
    },
    {
      "url": "https://www.jaquar.com/en/free-standing-bathscreen-with-stabilizer-width-1201-1600",
      "reason": "fetch failed"
    },
    {
      "url": "https://www.jaquar.com/en/free-standing-bathscreen-with-stabilizer-width-801-1200",
      "reason": "fetch failed"
    },
    {
      "url": "https://www.jaquar.com/en/free-standing-bathscreen-with-stabilizer-width-600-800",
      "reason": "fetch failed"
    },
    {
      "url": "https://www.jaquar.com/en/optima-2d-1000-1500",
      "reason": "fetch failed"
    },
    {
      "url": "https://www.jaquar.com/en/optima-3-part-left-version-1501-2000",
      "reason": "fetch failed"
    },
    {
      "url": "https://www.jaquar.com/en/optima-3-part-left-version-1200-1500",
      "reason": "fetch failed"
    },
    {
      "url": "https://www.jaquar.com/en/optima-3-partright-version-1501-2000",
      "reason": "fetch failed"
    },
    {
      "url": "https://www.jaquar.com/en/optima-3-partright-version-1200-1500",
      "reason": "fetch failed"
    },
    {
      "url": "https://www.jaquar.com/en/optima-with-towel-rod-left-version-1000-1500",
      "reason": "fetch failed"
    },
    {
      "url": "https://www.jaquar.com/en/optima-standard-right-version-1400",
      "reason": "fetch failed"
    },
    {
      "url": "https://www.jaquar.com/en/optima-standard-right-version-2000",
      "reason": "fetch failed"
    },
    {
      "url": "https://www.jaquar.com/en/optima-standard-right-version-1950",
      "reason": "fetch failed"
    },
    {
      "url": "https://www.jaquar.com/en/optima-standard-right-version-1850",
      "reason": "fetch failed"
    },
    {
      "url": "https://www.jaquar.com/en/optima-standard-right-version-1900",
      "reason": "fetch failed"
    },
    {
      "url": "https://www.jaquar.com/en/optima-standard-right-version-1750",
      "reason": "fetch failed"
    },
    {
      "url": "https://www.jaquar.com/en/optima-standard-right-version-1650",
      "reason": "fetch failed"
    },
    {
      "url": "https://www.jaquar.com/en/optima-standard-right-version-1700",
      "reason": "fetch failed"
    },
    {
      "url": "https://www.jaquar.com/en/optima-standard-right-version-1600",
      "reason": "fetch failed"
    },
    {
      "url": "https://www.jaquar.com/en/optima-standard-right-version-1550",
      "reason": "fetch failed"
    },
    {
      "url": "https://www.jaquar.com/en/optima-standard-right-version-1500",
      "reason": "fetch failed"
    },
    {
      "url": "https://www.jaquar.com/en/optima-standard-right-version-1450",
      "reason": "fetch failed"
    },
    {
      "url": "https://www.jaquar.com/en/optima-standard-right-version-1350",
      "reason": "fetch failed"
    },
    {
      "url": "https://www.jaquar.com/en/optima-standard-right-version-1300",
      "reason": "fetch failed"
    },
    {
      "url": "https://www.jaquar.com/en/optima-standard-right-version-1250",
      "reason": "fetch failed"
    },
    {
      "url": "https://www.jaquar.com/en/optima-standard-right-version-1200",
      "reason": "fetch failed"
    },
    {
      "url": "https://www.jaquar.com/en/optima-left-version-1501-2000",
      "reason": "fetch failed"
    },
    {
      "url": "https://www.jaquar.com/en/optima-left-version-1000-1500",
      "reason": "fetch failed"
    },
    {
      "url": "https://www.jaquar.com/en/white-artificial-marble-ledge-1200-x-1200",
      "reason": "fetch failed"
    },
    {
      "url": "https://www.jaquar.com/en/white-artificial-marble-ledge-1000-x-1200",
      "reason": "fetch failed"
    },
    {
      "url": "https://www.jaquar.com/en/white-artificial-marble-ledge-1000-x-1000",
      "reason": "fetch failed"
    },
    {
      "url": "https://www.jaquar.com/en/white-artificial-marble-ledge-900-x-900",
      "reason": "fetch failed"
    },
    {
      "url": "https://www.jaquar.com/en/white-artificial-marble-ledge-2001-2400",
      "reason": "fetch failed"
    },
    {
      "url": "https://www.jaquar.com/en/white-artificial-marble-ledge-1601-2000",
      "reason": "fetch failed"
    },
    {
      "url": "https://www.jaquar.com/en/white-artificial-marble-ledge-1201-1600",
      "reason": "fetch failed"
    },
    {
      "url": "https://www.jaquar.com/en/white-artificial-marble-ledge-801-1200",
      "reason": "fetch failed"
    },
    {
      "url": "https://www.jaquar.com/en/grey-mesh-artificial-marble-ledge-1200-x-1200",
      "reason": "fetch failed"
    },
    {
      "url": "https://www.jaquar.com/en/grey-mesh-artificial-marble-ledge-1000-x-1200",
      "reason": "fetch failed"
    },
    {
      "url": "https://www.jaquar.com/en/grey-mesh-artificial-marble-ledge-1000-x-1000",
      "reason": "fetch failed"
    },
    {
      "url": "https://www.jaquar.com/en/grey-mesh-artificial-marble-ledge-900-x-900",
      "reason": "fetch failed"
    },
    {
      "url": "https://www.jaquar.com/en/grey-mesh-artificial-marble-ledge-2001-2400",
      "reason": "fetch failed"
    },
    {
      "url": "https://www.jaquar.com/en/grey-mesh-artificial-marble-ledge-1601-2000",
      "reason": "fetch failed"
    },
    {
      "url": "https://www.jaquar.com/en/grey-mesh-artificial-marble-ledge-1201-1600",
      "reason": "fetch failed"
    },
    {
      "url": "https://www.jaquar.com/en/grey-mesh-artificial-marble-ledge-801-1200",
      "reason": "fetch failed"
    },
    {
      "url": "https://www.jaquar.com/en/galaxy-black-artificial-marble-ledge-1200-x-1200",
      "reason": "fetch failed"
    },
    {
      "url": "https://www.jaquar.com/en/galaxy-black-artificial-marble-ledge-1000-x-1200",
      "reason": "fetch failed"
    },
    {
      "url": "https://www.jaquar.com/en/galaxy-black-artificial-marble-ledge-1000-x-1000",
      "reason": "fetch failed"
    },
    {
      "url": "https://www.jaquar.com/en/galaxy-black-artificial-marble-ledge-900-x-900",
      "reason": "fetch failed"
    },
    {
      "url": "https://www.jaquar.com/en/galaxy-black-artificial-marble-ledge-2001-2400",
      "reason": "fetch failed"
    },
    {
      "url": "https://www.jaquar.com/en/galaxy-black-artificial-marble-ledge-1601-2000",
      "reason": "fetch failed"
    },
    {
      "url": "https://www.jaquar.com/en/galaxy-black-artificial-marble-ledge-1201-1600",
      "reason": "fetch failed"
    },
    {
      "url": "https://www.jaquar.com/en/galaxy-black-artificial-marble-ledge-801-1200",
      "reason": "fetch failed"
    },
    {
      "url": "https://www.jaquar.com/en/dark-grey-mesh-artificial-marble-ledge-1200-x-1200",
      "reason": "fetch failed"
    },
    {
      "url": "https://www.jaquar.com/en/dark-grey-mesh-artificial-marble-ledge-1000-x-1200",
      "reason": "fetch failed"
    },
    {
      "url": "https://www.jaquar.com/en/dark-grey-mesh-artificial-marble-ledge-1000-x-1000",
      "reason": "fetch failed"
    },
    {
      "url": "https://www.jaquar.com/en/dark-grey-mesh-artificial-marble-ledge-900-x-900",
      "reason": "fetch failed"
    },
    {
      "url": "https://www.jaquar.com/en/dark-grey-mesh-artificial-marble-ledge-2001-2400",
      "reason": "fetch failed"
    },
    {
      "url": "https://www.jaquar.com/en/dark-grey-mesh-artificial-marble-ledge-1601-2000",
      "reason": "fetch failed"
    },
    {
      "url": "https://www.jaquar.com/en/dark-grey-mesh-artificial-marble-ledge-1201-1600",
      "reason": "fetch failed"
    },
    {
      "url": "https://www.jaquar.com/en/dark-grey-mesh-artificial-marble-ledge-801-1200",
      "reason": "fetch failed"
    },
    {
      "url": "https://www.jaquar.com/en/beige-artificial-marble-ledge-1200-x-1200",
      "reason": "fetch failed"
    },
    {
      "url": "https://www.jaquar.com/en/beige-artificial-marble-ledge-1000-x-1200",
      "reason": "fetch failed"
    },
    {
      "url": "https://www.jaquar.com/en/beige-artificial-marble-ledge-1000-x-1000",
      "reason": "fetch failed"
    },
    {
      "url": "https://www.jaquar.com/en/beige-artificial-marble-ledge-900-x-900",
      "reason": "fetch failed"
    },
    {
      "url": "https://www.jaquar.com/en/beige-artificial-marble-ledge-2001-2400",
      "reason": "fetch failed"
    },
    {
      "url": "https://www.jaquar.com/en/beige-artificial-marble-ledge-1601-2000",
      "reason": "fetch failed"
    },
    {
      "url": "https://www.jaquar.com/en/beige-artificial-marble-ledge-1201-1600",
      "reason": "fetch failed"
    },
    {
      "url": "https://www.jaquar.com/en/beige-artificial-marble-ledge-801-1200",
      "reason": "fetch failed"
    },
    {
      "url": "https://www.jaquar.com/en/square-shower-tray-1200-x-1200",
      "reason": "fetch failed"
    },
    {
      "url": "https://www.jaquar.com/en/square-shower-tray-1000-x-1000",
      "reason": "fetch failed"
    },
    {
      "url": "https://www.jaquar.com/en/square-shower-tray-900-x-900",
      "reason": "fetch failed"
    },
    {
      "url": "https://www.jaquar.com/en/quadrant-shower-tray-1200-x-1200",
      "reason": "fetch failed"
    },
    {
      "url": "https://www.jaquar.com/en/quadrant-shower-tray-1000-x-1000",
      "reason": "fetch failed"
    },
    {
      "url": "https://www.jaquar.com/en/quadrant-shower-tray-900-x-900",
      "reason": "fetch failed"
    },
    {
      "url": "https://www.jaquar.com/en/free-standing-bathscreen-width-1201-1600",
      "reason": "fetch failed"
    },
    {
      "url": "https://www.jaquar.com/en/free-standing-bathscreen-width-801-1200",
      "reason": "fetch failed"
    },
    {
      "url": "https://www.jaquar.com/en/free-standing-bathscreen-width-600-800",
      "reason": "fetch failed"
    },
    {
      "url": "https://www.jaquar.com/en/cls-pit-light-16w",
      "reason": "fetch failed"
    },
    {
      "url": "https://www.jaquar.com/en/wall-hung-basin-with-full-pedestal-4",
      "reason": "fetch failed"
    },
    {
      "url": "https://www.jaquar.com/en/table-top-basin-with-three-tap-hole",
      "reason": "fetch failed"
    },
    {
      "url": "https://www.jaquar.com/en/metropole-flush-valve-stainless-steel-4",
      "reason": "fetch failed"
    },
    {
      "url": "https://www.jaquar.com/en/metropole-flush-valve-stainless-steel-3",
      "reason": "fetch failed"
    },
    {
      "url": "https://www.jaquar.com/en/metropole-flush-valve-graphite-4",
      "reason": "fetch failed"
    },
    {
      "url": "https://www.jaquar.com/en/metropole-flush-valve-graphite-3",
      "reason": "fetch failed"
    },
    {
      "url": "https://www.jaquar.com/en/metropole-flush-valve-black-matt-4",
      "reason": "fetch failed"
    },
    {
      "url": "https://www.jaquar.com/en/metropole-flush-valve-black-matt-3",
      "reason": "fetch failed"
    },
    {
      "url": "https://www.jaquar.com/en/metropole-flush-valve-black-chrome-4",
      "reason": "fetch failed"
    },
    {
      "url": "https://www.jaquar.com/en/metropole-flush-valve-black-chrome-3",
      "reason": "fetch failed"
    },
    {
      "url": "https://www.jaquar.com/en/metropole-flush-valve-antique-copper-4",
      "reason": "fetch failed"
    },
    {
      "url": "https://www.jaquar.com/en/metropole-flush-valve-antique-copper-3",
      "reason": "fetch failed"
    },
    {
      "url": "https://www.jaquar.com/en/metropole-flush-valve-antique-bronze-4",
      "reason": "fetch failed"
    },
    {
      "url": "https://www.jaquar.com/en/metropole-flush-valve-antique-bronze-3",
      "reason": "fetch failed"
    },
    {
      "url": "https://www.jaquar.com/en/metropole-flush-valve-chrome-4",
      "reason": "fetch failed"
    },
    {
      "url": "https://www.jaquar.com/en/metropole-flush-valve-chrome-3",
      "reason": "fetch failed"
    },
    {
      "url": "https://www.jaquar.com/en/exposed-shower-pipe-2",
      "reason": "fetch failed"
    },
    {
      "url": "https://www.jaquar.com/en/concealed-body-of-i-flush-2",
      "reason": "fetch failed"
    },
    {
      "url": "https://www.jaquar.com/en/concealed-body-of-i-flush",
      "reason": "fetch failed"
    },
    {
      "url": "https://www.jaquar.com/en/3-inlet-single-lever-concealed-diverter-lever-gold-bright-pvd-body-gold-matt-pvd",
      "reason": "fetch failed"
    },
    {
      "url": "https://www.jaquar.com/en/3-inlet-single-lever-concealed-diverter-lever-gold-matt-pvd-body-black-matt",
      "reason": "fetch failed"
    },
    {
      "url": "https://www.jaquar.com/en/3-inlet-single-lever-concealed-diverter-lever-black-chrome-body-black-matt",
      "reason": "fetch failed"
    },
    {
      "url": "https://www.jaquar.com/en/3-inlet-single-lever-concealed-diverter-blush-gold-pvd",
      "reason": "fetch failed"
    },
    {
      "url": "https://www.jaquar.com/en/3-inlet-single-lever-concealed-diverter-gold-bright-pvd-3",
      "reason": "fetch failed"
    },
    {
      "url": "https://www.jaquar.com/en/3-inlet-single-lever-concealed-diverter-gold-matt-pvd-3",
      "reason": "fetch failed"
    },
    {
      "url": "https://www.jaquar.com/en/3-inlet-single-lever-concealed-diverter-black-matt",
      "reason": "fetch failed"
    },
    {
      "url": "https://www.jaquar.com/en/3-inlet-single-lever-concealed-diverter-for-bath-shower",
      "reason": "fetch failed"
    },
    {
      "url": "https://www.jaquar.com/en/single-lever-3-inlet-diverter-exposed-parts-kit-chrome-4",
      "reason": "fetch failed"
    },
    {
      "url": "https://www.jaquar.com/en/standalone-2-in-1-microwave-sensor",
      "reason": "fetch failed"
    },
    {
      "url": "https://www.jaquar.com/en/cls-otc-janus-prime-rope-light-2",
      "reason": "fetch failed"
    },
    {
      "url": "https://www.jaquar.com/en/cls-otc-janus-prime-rope-light",
      "reason": "fetch failed"
    },
    {
      "url": "https://www.jaquar.com/en/overhead-shower-120x120mm-square-shape",
      "reason": "fetch failed"
    },
    {
      "url": "https://www.jaquar.com/en/overhead-shower-100x100mm-square-shape-copy",
      "reason": "fetch failed"
    },
    {
      "url": "https://www.jaquar.com/en/overhead-shower-120mm-dia-round-shape-copy",
      "reason": "fetch failed"
    },
    {
      "url": "https://www.jaquar.com/en/overhead-shower-100mm-dia-round-shape",
      "reason": "fetch failed"
    },
    {
      "url": "https://www.jaquar.com/en/versa-horizontal-manual-35-ltr",
      "reason": "fetch failed"
    },
    {
      "url": "https://www.jaquar.com/en/versa-horizontal-manual-50-ltr",
      "reason": "fetch failed"
    },
    {
      "url": "https://www.jaquar.com/en/versa-vertical-35-ltr",
      "reason": "fetch failed"
    },
    {
      "url": "https://www.jaquar.com/en/hot-water-geyser",
      "reason": "fetch failed"
    },
    {
      "url": "https://www.jaquar.com/en/tankless-single-piece-wc-2",
      "reason": "fetch failed"
    },
    {
      "url": "https://www.jaquar.com/en/aria-tankless-sensor-wc",
      "reason": "fetch failed"
    },
    {
      "url": "https://www.jaquar.com/en/cls-morphis-24w-black-pole-light",
      "reason": "fetch failed"
    },
    {
      "url": "https://www.jaquar.com/en/cls-morphis-e27-bulb-pole-light",
      "reason": "fetch failed"
    },
    {
      "url": "https://www.jaquar.com/en/cls-insta-ray-round-slim-magnetic-light-h-150",
      "reason": "fetch failed"
    },
    {
      "url": "https://www.jaquar.com/en/cls-insta-ray-round-slim-magnetic-light-h-135",
      "reason": "fetch failed"
    },
    {
      "url": "https://www.jaquar.com/en/cls-silver-spot-light-wall-lamp-h-100mm",
      "reason": "fetch failed"
    },
    {
      "url": "https://www.jaquar.com/en/cls-cassia-single-light-bell-shape-wall-lamp-h-315",
      "reason": "fetch failed"
    },
    {
      "url": "https://www.jaquar.com/en/cls-cassia-single-light-clear-glass-wall-lamp-3w",
      "reason": "fetch failed"
    },
    {
      "url": "https://www.jaquar.com/en/cls-2-light-strip-wall-lamp-h-195mm",
      "reason": "fetch failed"
    },
    {
      "url": "https://www.jaquar.com/en/cls-single-light-flute-wall-lamp-2-5kg",
      "reason": "fetch failed"
    },
    {
      "url": "https://www.jaquar.com/en/cls-4w-single-light-wall-lamp-brass-finish",
      "reason": "fetch failed"
    },
    {
      "url": "https://www.jaquar.com/en/cls-crystal-base-plate-fabric-shade-wall-lamp-310mm",
      "reason": "fetch failed"
    },
    {
      "url": "https://www.jaquar.com/en/cls-1-light-clear-glass-wall-lamp",
      "reason": "fetch failed"
    },
    {
      "url": "https://www.jaquar.com/en/cls-single-light-tripod-portable-floor-lamp",
      "reason": "fetch failed"
    },
    {
      "url": "https://www.jaquar.com/en/cls-amber-color-glass-pendant-9w",
      "reason": "fetch failed"
    },
    {
      "url": "https://www.jaquar.com/en/cls-12-light-champagne-chandelier-15kg",
      "reason": "fetch failed"
    },
    {
      "url": "https://www.jaquar.com/en/cls-auriga-k9-crystal-chandelier",
      "reason": "fetch failed"
    },
    {
      "url": "https://www.jaquar.com/en/cls-saggita-3-tier-asfour-crystal-chandelier",
      "reason": "fetch failed"
    },
    {
      "url": "https://www.jaquar.com/en/cls-crux-3-head-75w-chandelier",
      "reason": "fetch failed"
    },
    {
      "url": "https://www.jaquar.com/en/cls-lynx-rock-glass-chandelier-12kg",
      "reason": "fetch failed"
    },
    {
      "url": "https://www.jaquar.com/en/cls-10lights-hexagon-style-pendants-40w",
      "reason": "fetch failed"
    },
    {
      "url": "https://www.jaquar.com/en/cls-1-light-opal-glass-wall-lamp-wall-light",
      "reason": "fetch failed"
    },
    {
      "url": "https://www.jaquar.com/en/cls-310mm-red-copper-finish-pendent-light",
      "reason": "fetch failed"
    },
    {
      "url": "https://www.jaquar.com/en/cls-volans-brass-twisted-glass-chandelier",
      "reason": "fetch failed"
    },
    {
      "url": "https://www.jaquar.com/en/cls-norma-9-head-k9-crystal-chandelier",
      "reason": "fetch failed"
    },
    {
      "url": "https://www.jaquar.com/en/cls-romantica-10w-landscape-garden-pole-light",
      "reason": "fetch failed"
    },
    {
      "url": "https://www.jaquar.com/en/cls-hanging-wire",
      "reason": "fetch failed"
    },
    {
      "url": "https://www.jaquar.com/en/cls-led-magnetic-black-coour-track-driver",
      "reason": "fetch failed"
    },
    {
      "url": "https://www.jaquar.com/en/cls-magnetic-track-i-shape-connector-indoor-lighting",
      "reason": "fetch failed"
    },
    {
      "url": "https://www.jaquar.com/en/cls-magnetic-track-bendable-loop-in-jointer-commercial-indoor-light",
      "reason": "fetch failed"
    },
    {
      "url": "https://www.jaquar.com/en/cls-magnetic-track-bendable-input-line-connector",
      "reason": "fetch failed"
    },
    {
      "url": "https://www.jaquar.com/en/cls-magnetic-track-channel-fixed-jointer-commercial-indoor-light",
      "reason": "fetch failed"
    },
    {
      "url": "https://www.jaquar.com/en/cls-horizontal-recess-mounted-magnetic-track-connector",
      "reason": "fetch failed"
    },
    {
      "url": "https://www.jaquar.com/en/cls-vertical-recess-mountedmagnetic-track-connector",
      "reason": "fetch failed"
    },
    {
      "url": "https://www.jaquar.com/en/cls-horizontal-surface-mounted-magnetic-track-connector",
      "reason": "fetch failed"
    },
    {
      "url": "https://www.jaquar.com/en/cls-vertical-surface-mountedmagnetic-track-connector",
      "reason": "fetch failed"
    },
    {
      "url": "https://www.jaquar.com/en/cls-magnetic-track-surface-hanging-light-2mtr",
      "reason": "fetch failed"
    },
    {
      "url": "https://www.jaquar.com/en/cls-magnetic-track-surface-mounted-indoor-lighting",
      "reason": "fetch failed"
    },
    {
      "url": "https://www.jaquar.com/en/cls-2mtr-magnetic-track-recess-mounted",
      "reason": "fetch failed"
    },
    {
      "url": "https://www.jaquar.com/en/cls-1mtr-magnetic-track-recess-mounted",
      "reason": "fetch failed"
    },
    {
      "url": "https://www.jaquar.com/en/cls-insta-ray-slim-linear-with-lens",
      "reason": "fetch failed"
    },
    {
      "url": "https://www.jaquar.com/en/cls-orreli-slim-downlighter",
      "reason": "fetch failed"
    },
    {
      "url": "https://www.jaquar.com/en/fully-automatic-rimless-floor-mounted-wc",
      "reason": "fetch failed"
    },
    {
      "url": "https://www.jaquar.com/en/shower-arm-chrome-13",
      "reason": "fetch failed"
    },
    {
      "url": "https://www.jaquar.com/en/cls-morphis-pole-light-led",
      "reason": "fetch failed"
    },
    {
      "url": "https://www.jaquar.com/en/cls-2w-22w-recessed-round-downlighter",
      "reason": "fetch failed"
    },
    {
      "url": "https://www.jaquar.com/en/cls-navis-gate-top-40w-light",
      "reason": "fetch failed"
    },
    {
      "url": "https://www.jaquar.com/en/cls-lex-gate-top-light",
      "reason": "fetch failed"
    },
    {
      "url": "https://www.jaquar.com/en/cls-vimeo-30w-gate-top-led-light",
      "reason": "fetch failed"
    },
    {
      "url": "https://www.jaquar.com/en/cls-tuaris-30w-led-gate-top-light",
      "reason": "fetch failed"
    },
    {
      "url": "https://www.jaquar.com/en/cls-capella-gate-top-light",
      "reason": "fetch failed"
    },
    {
      "url": "https://www.jaquar.com/en/cls-irena-gate-top-light",
      "reason": "fetch failed"
    },
    {
      "url": "https://www.jaquar.com/en/cls-romantica-e27-gate-top-light",
      "reason": "fetch failed"
    },
    {
      "url": "https://www.jaquar.com/en/cls-monaco-gate-top-light",
      "reason": "fetch failed"
    },
    {
      "url": "https://www.jaquar.com/en/cls-morphis-gate-top-led-light",
      "reason": "fetch failed"
    },
    {
      "url": "https://www.jaquar.com/en/cls-glaze-ultra-22w-led-batton-light-aluminium",
      "reason": "fetch failed"
    },
    {
      "url": "https://www.jaquar.com/en/continental-wall-hung-wc-365x545x360mm",
      "reason": "fetch failed"
    },
    {
      "url": "https://www.jaquar.com/en/cls-disc-bollard-light",
      "reason": "fetch failed"
    },
    {
      "url": "https://www.jaquar.com/en/cls-cone-bollard-light",
      "reason": "fetch failed"
    },
    {
      "url": "https://www.jaquar.com/en/cls-cylinder-bollard-light",
      "reason": "fetch failed"
    },
    {
      "url": "https://www.jaquar.com/en/cls-visio-8w-garden-light",
      "reason": "fetch failed"
    },
    {
      "url": "https://www.jaquar.com/en/cls-elumx-bollard-light",
      "reason": "fetch failed"
    },
    {
      "url": "https://www.jaquar.com/en/cls-orbrix-bollard-landscape-pathway-lighting",
      "reason": "fetch failed"
    },
    {
      "url": "https://www.jaquar.com/en/cls-neway-bollard-10w-led-light",
      "reason": "fetch failed"
    },
    {
      "url": "https://www.jaquar.com/en/cls-romantica-led-decorative-garden-light",
      "reason": "fetch failed"
    },
    {
      "url": "https://www.jaquar.com/en/cls-cylindrical-frosted-glass-double-wall-lamp",
      "reason": "fetch failed"
    },
    {
      "url": "https://www.jaquar.com/en/cls-wooden-vertical-pyramid-base-table-lamp",
      "reason": "fetch failed"
    },
    {
      "url": "https://www.jaquar.com/en/cls-aluminium-globe-gun-black-finish-ceiling-light",
      "reason": "fetch failed"
    },
    {
      "url": "https://www.jaquar.com/en/cls-ikon-ground-burial-18w-led-light",
      "reason": "fetch failed"
    },
    {
      "url": "https://www.jaquar.com/en/cls-polaris-10w-ground-burial-light",
      "reason": "fetch failed"
    },
    {
      "url": "https://www.jaquar.com/en/cls-hydrus-ground-burial-6w-led-light",
      "reason": "fetch failed"
    },
    {
      "url": "https://www.jaquar.com/en/cls-faro-30w-50w-flood-led-light",
      "reason": "fetch failed"
    },
    {
      "url": "https://www.jaquar.com/en/cls-cool-white-led-street-light-90w-120w-150w-200w",
      "reason": "fetch failed"
    },
    {
      "url": "https://www.jaquar.com/en/cls-cool-white-led-street-light-60w-72w",
      "reason": "fetch failed"
    },
    {
      "url": "https://www.jaquar.com/en/cls-led-street-light-90w-120w-150w-200w",
      "reason": "fetch failed"
    },
    {
      "url": "https://www.jaquar.com/en/cls-cool-white-led-street-light-25w-30w",
      "reason": "fetch failed"
    },
    {
      "url": "https://www.jaquar.com/en/cls-led-street-light-25w-30w",
      "reason": "fetch failed"
    },
    {
      "url": "https://www.jaquar.com/en/cls-umbra-1head-gold-and-chrome-chandelier",
      "reason": "fetch failed"
    },
    {
      "url": "https://www.jaquar.com/en/polaris-spa",
      "reason": "fetch failed"
    },
    {
      "url": "https://www.jaquar.com/en/breva-spa",
      "reason": "fetch failed"
    },
    {
      "url": "https://www.jaquar.com/en/nuovo-spa-jsp-wht-spanuovo2s",
      "reason": "fetch failed"
    },
    {
      "url": "https://www.jaquar.com/en/cls-sirio-wall-e27-light",
      "reason": "fetch failed"
    },
    {
      "url": "https://www.jaquar.com/en/cls-woody-led-8w-light",
      "reason": "fetch failed"
    },
    {
      "url": "https://www.jaquar.com/en/cls-preston-upward-downward-led-light",
      "reason": "fetch failed"
    },
    {
      "url": "https://www.jaquar.com/en/cls-cooper-wall-led-light",
      "reason": "fetch failed"
    },
    {
      "url": "https://www.jaquar.com/en/cls-octan-8w-led-light",
      "reason": "fetch failed"
    },
    {
      "url": "https://www.jaquar.com/en/cls-xcellent-upward-downward-dual-led-light",
      "reason": "fetch failed"
    },
    {
      "url": "https://www.jaquar.com/en/cls-carina-wall-led-light",
      "reason": "fetch failed"
    },
    {
      "url": "https://www.jaquar.com/en/cls-lupus-up-and-down-outdoor-light",
      "reason": "fetch failed"
    },
    {
      "url": "https://www.jaquar.com/en/cls-romantica-monaco-pole-light",
      "reason": "fetch failed"
    },
    {
      "url": "https://www.jaquar.com/en/cls-castor-ground-burial-led-light",
      "reason": "fetch failed"
    },
    {
      "url": "https://www.jaquar.com/en/cls-mira-65-ground-burial-5w-light",
      "reason": "fetch failed"
    },
    {
      "url": "https://www.jaquar.com/en/cls-mira-5w-ground-burial-light",
      "reason": "fetch failed"
    },
    {
      "url": "https://www.jaquar.com/en/cls-rigel-projector-surface-mount-3w-light",
      "reason": "fetch failed"
    },
    {
      "url": "https://www.jaquar.com/en/cls-illumine-12w-spike-led-light",
      "reason": "fetch failed"
    },
    {
      "url": "https://www.jaquar.com/en/cls-sparklz-12w-spike-light",
      "reason": "fetch failed"
    },
    {
      "url": "https://www.jaquar.com/en/cls-electra-8w-spike-led-light",
      "reason": "fetch failed"
    },
    {
      "url": "https://www.jaquar.com/en/cls-luminz-4w-spike-light",
      "reason": "fetch failed"
    },
    {
      "url": "https://www.jaquar.com/en/cls-well-glass-industrial-led-light",
      "reason": "fetch failed"
    },
    {
      "url": "https://www.jaquar.com/en/cls-highbay-industrial-led-light",
      "reason": "fetch failed"
    },
    {
      "url": "https://www.jaquar.com/en/cls-ultralite-highbay-industrial-led-light",
      "reason": "fetch failed"
    },
    {
      "url": "https://www.jaquar.com/en/cls-outdoor-led-power-supply",
      "reason": "fetch failed"
    },
    {
      "url": "https://www.jaquar.com/en/cls-outdoor-light",
      "reason": "fetch failed"
    },
    {
      "url": "https://www.jaquar.com/en/cls-led-street-light-60w-70w",
      "reason": "fetch failed"
    },
    {
      "url": "https://www.jaquar.com/en/cls-pcr-roadway-led-light-cct-light",
      "reason": "fetch failed"
    },
    {
      "url": "https://www.jaquar.com/en/cls-trump-roadway-led-light",
      "reason": "fetch failed"
    },
    {
      "url": "https://www.jaquar.com/en/cls-ledstar",
      "reason": "fetch failed"
    },
    {
      "url": "https://www.jaquar.com/en/cls-outdoor-waterproof-led-strip-light",
      "reason": "fetch failed"
    },
    {
      "url": "https://www.jaquar.com/en/cls-led-strip-light",
      "reason": "fetch failed"
    },
    {
      "url": "https://www.jaquar.com/en/cls-kriza-emergency-battery-bulb",
      "reason": "fetch failed"
    },
    {
      "url": "https://www.jaquar.com/en/cls-30w-40w-50w-led-bulb",
      "reason": "fetch failed"
    },
    {
      "url": "https://www.jaquar.com/en/cls-prima-led-bulb-3w-20w",
      "reason": "fetch failed"
    },
    {
      "url": "https://www.jaquar.com/en/cls-night-led-bulb-color-options",
      "reason": "fetch failed"
    },
    {
      "url": "https://www.jaquar.com/en/cls-kubic-ultra-led-tube-light-batten",
      "reason": "fetch failed"
    },
    {
      "url": "https://www.jaquar.com/en/cls-kubic-plus-led-tube-light-batten",
      "reason": "fetch failed"
    },
    {
      "url": "https://www.jaquar.com/en/cls-strella-led-accessory",
      "reason": "fetch failed"
    },
    {
      "url": "https://www.jaquar.com/en/cls-pearl-3w-multiple-color-downlight",
      "reason": "fetch failed"
    },
    {
      "url": "https://www.jaquar.com/en/cls-downlight-led",
      "reason": "fetch failed"
    },
    {
      "url": "https://www.jaquar.com/en/cls-strella-round-led-downlight",
      "reason": "fetch failed"
    },
    {
      "url": "https://www.jaquar.com/en/cls-led-strip-light-2",
      "reason": "fetch failed"
    },
    {
      "url": "https://www.jaquar.com/en/cls-led-strip-power-supply",
      "reason": "fetch failed"
    },
    {
      "url": "https://www.jaquar.com/en/cls-led-tubelight-t8-10w-18w-20w",
      "reason": "fetch failed"
    },
    {
      "url": "https://www.jaquar.com/en/cls-weatherproof-pride-20w-40w-led-batton-light",
      "reason": "fetch failed"
    },
    {
      "url": "https://www.jaquar.com/en/cls-glaze-ai-led-batton-light",
      "reason": "fetch failed"
    },
    {
      "url": "https://www.jaquar.com/en/cls-ultima-slim-36w-panel-light",
      "reason": "fetch failed"
    },
    {
      "url": "https://www.jaquar.com/en/cls-ultima-ultra-rectangular-led-panel-33w",
      "reason": "fetch failed"
    },
    {
      "url": "https://www.jaquar.com/en/cls-foot-light-led",
      "reason": "fetch failed"
    },
    {
      "url": "https://www.jaquar.com/en/cls-track-led-light-black",
      "reason": "fetch failed"
    },
    {
      "url": "https://www.jaquar.com/en/cls-30w-70w-adjustable-double-zoom-light",
      "reason": "fetch failed"
    },
    {
      "url": "https://www.jaquar.com/en/cls-angular-zoom-light",
      "reason": "fetch failed"
    },
    {
      "url": "https://www.jaquar.com/en/cls-spot-light-led",
      "reason": "fetch failed"
    },
    {
      "url": "https://www.jaquar.com/en/cls-estus-swivel",
      "reason": "fetch failed"
    },
    {
      "url": "https://www.jaquar.com/en/cls-eris-deep-low-border-spotlight",
      "reason": "fetch failed"
    },
    {
      "url": "https://www.jaquar.com/en/cls-eris-deep-tiltable-cob-light",
      "reason": "fetch failed"
    },
    {
      "url": "https://www.jaquar.com/en/cls-epito-directional-cob-downlight",
      "reason": "fetch failed"
    },
    {
      "url": "https://www.jaquar.com/en/cls-empha-extended-cob-focus-light",
      "reason": "fetch failed"
    },
    {
      "url": "https://www.jaquar.com/en/cls-emina-high-intensity-cob-light",
      "reason": "fetch failed"
    },
    {
      "url": "https://www.jaquar.com/en/cls-cyno-surface-mounted-cob-light",
      "reason": "fetch failed"
    },
    {
      "url": "https://www.jaquar.com/en/cls-commercial-nero-square-slim-surface-led-downlighter",
      "reason": "fetch failed"
    },
    {
      "url": "https://www.jaquar.com/en/cls-commercial-nero-round-slim-led-downlighter",
      "reason": "fetch failed"
    },
    {
      "url": "https://www.jaquar.com/en/cls-jaquar-6-24w-areva-led-downlighter",
      "reason": "fetch failed"
    },
    {
      "url": "https://www.jaquar.com/en/cls-ball-shaped-opal-glass-wall-led-lamp",
      "reason": "fetch failed"
    },
    {
      "url": "https://www.jaquar.com/en/cls-ball-shaped-opal-glass-wall-lamp",
      "reason": "fetch failed"
    },
    {
      "url": "https://www.jaquar.com/en/cls-mirror-horizontal-led-wall-light",
      "reason": "fetch failed"
    },
    {
      "url": "https://www.jaquar.com/en/cls-clear-glass-with-frosted-glass-inside-wall-lamp",
      "reason": "fetch failed"
    },
    {
      "url": "https://www.jaquar.com/en/cls-nickel-finishing-bath-lamp-opal-glass",
      "reason": "fetch failed"
    },
    {
      "url": "https://www.jaquar.com/en/cls-opal-glass-bathroom-mirror-light",
      "reason": "fetch failed"
    },
    {
      "url": "https://www.jaquar.com/en/cls-vertical-opal-glass-wall-lamp",
      "reason": "fetch failed"
    },
    {
      "url": "https://www.jaquar.com/en/cls-opal-glass-nickel-base-bathroom-wall-lamp",
      "reason": "fetch failed"
    },
    {
      "url": "https://www.jaquar.com/en/cls-opal-glass-chrome-finishing-wall-lamp",
      "reason": "fetch failed"
    },
    {
      "url": "https://www.jaquar.com/en/cls-opal-glass-vertical-wall-lamp",
      "reason": "fetch failed"
    },
    {
      "url": "https://www.jaquar.com/en/cls-opal-glass-shade-wall-lamp",
      "reason": "fetch failed"
    },
    {
      "url": "https://www.jaquar.com/en/cls-honey-glass-wall-lamp",
      "reason": "fetch failed"
    },
    {
      "url": "https://www.jaquar.com/en/cls-clear-glass-crystals-wall-lamp",
      "reason": "fetch failed"
    },
    {
      "url": "https://www.jaquar.com/en/cls-black-crystals-wall-lamp",
      "reason": "fetch failed"
    },
    {
      "url": "https://www.jaquar.com/en/cls-double-neck-led-wall-lamp",
      "reason": "fetch failed"
    },
    {
      "url": "https://www.jaquar.com/en/cls-single-light-ss-finish-wall-lamp",
      "reason": "fetch failed"
    },
    {
      "url": "https://www.jaquar.com/en/cls-ivory-fabric-shade-chrome-finish-wall-lamp",
      "reason": "fetch failed"
    },
    {
      "url": "https://www.jaquar.com/en/cls-ivory-shade-wall-lamp-flexible-led",
      "reason": "fetch failed"
    },
    {
      "url": "https://www.jaquar.com/en/cls-black-shade-wall-lamp-flexible-led",
      "reason": "fetch failed"
    },
    {
      "url": "https://www.jaquar.com/en/cls-black-fabric-rectangular-wall-lamp",
      "reason": "fetch failed"
    },
    {
      "url": "https://www.jaquar.com/en/cls-goose-neck-flexible-bed-wall-lamp-led",
      "reason": "fetch failed"
    },
    {
      "url": "https://www.jaquar.com/en/cls-cylindrical-opal-glass-wall-lamp",
      "reason": "fetch failed"
    },
    {
      "url": "https://www.jaquar.com/en/cls-cone-opal-glass-wall-lamp",
      "reason": "fetch failed"
    },
    {
      "url": "https://www.jaquar.com/en/cls-opal-glass-wall-led-lamp",
      "reason": "fetch failed"
    },
    {
      "url": "https://www.jaquar.com/en/cls-cylindrical-opal-glass-nickel-finish-base-wall-lamp",
      "reason": "fetch failed"
    },
    {
      "url": "https://www.jaquar.com/en/cls-2lights-opal-globe-glass-nickel-finishing-wall-lamp",
      "reason": "fetch failed"
    },
    {
      "url": "https://www.jaquar.com/en/cls-opal-globe-glass-wall-lamp-nickel-finish-base",
      "reason": "fetch failed"
    },
    {
      "url": "https://www.jaquar.com/en/cls-opal-glass-wall-lamp-nickel-finishing-wall-lamp",
      "reason": "fetch failed"
    },
    {
      "url": "https://www.jaquar.com/en/cls-rusty-finish-mesh-filament-wall-lamp",
      "reason": "fetch failed"
    },
    {
      "url": "https://www.jaquar.com/en/cls-mesh-ceramic-rusty-finish-wall-lamp",
      "reason": "fetch failed"
    },
    {
      "url": "https://www.jaquar.com/en/1810uf",
      "reason": "fetch failed"
    },
    {
      "url": "https://www.jaquar.com/en/1810bt-clear",
      "reason": "fetch failed"
    },
    {
      "url": "https://www.jaquar.com/en/cls-2-taps-style-antique-green-finishing-wall-lamp",
      "reason": "fetch failed"
    },
    {
      "url": "https://www.jaquar.com/en/cls-tap-style-antique-green-finishing-wall-lamp",
      "reason": "fetch failed"
    },
    {
      "url": "https://www.jaquar.com/en/cls-2-lights-green-marble-antique-finish-wall-lamp",
      "reason": "fetch failed"
    },
    {
      "url": "https://www.jaquar.com/en/cls-green-marble-antique-finish-wall-lamp",
      "reason": "fetch failed"
    },
    {
      "url": "https://www.jaquar.com/en/cls-aluminium-mesh-wall-lamp",
      "reason": "fetch failed"
    },
    {
      "url": "https://www.jaquar.com/en/cls-cone-wall-light",
      "reason": "fetch failed"
    },
    {
      "url": "https://www.jaquar.com/en/cls-2lights-champagne-chrome-finish-wall-lamp",
      "reason": "fetch failed"
    },
    {
      "url": "https://www.jaquar.com/en/cls-champagne-chrome-finish-wall-lamp",
      "reason": "fetch failed"
    },
    {
      "url": "https://www.jaquar.com/en/cls-2-lights-frosted-glass-chrome-finish-wall-lamp",
      "reason": "fetch failed"
    },
    {
      "url": "https://www.jaquar.com/en/cls-frosted-glass-chrome-finish-wall-lamp",
      "reason": "fetch failed"
    },
    {
      "url": "https://www.jaquar.com/en/cls-cylindrical-frosted-glass-wall-lamp",
      "reason": "fetch failed"
    },
    {
      "url": "https://www.jaquar.com/en/cls-black-fabric-shade-chrome-finish-wall-lamp",
      "reason": "fetch failed"
    },
    {
      "url": "https://www.jaquar.com/en/cls-e14-5-bulb-copper-finish-pipe-wall-lamp",
      "reason": "fetch failed"
    },
    {
      "url": "https://www.jaquar.com/en/cls-e14-single-bulb-copper-finish-pipe-wall-lamp",
      "reason": "fetch failed"
    },
    {
      "url": "https://www.jaquar.com/en/cls-hexagon-shape-wall-lamp",
      "reason": "fetch failed"
    },
    {
      "url": "https://www.jaquar.com/en/cls-copper-glass-with-cognac-finishing-wall-lamp",
      "reason": "fetch failed"
    },
    {
      "url": "https://www.jaquar.com/en/cls-conical-beige-nickel-finish-table-lamp",
      "reason": "fetch failed"
    },
    {
      "url": "https://www.jaquar.com/en/cls-hammered-pattern-base-brash-finish-table-lamp",
      "reason": "fetch failed"
    },
    {
      "url": "https://www.jaquar.com/en/cls-opal-glass-marble-base-table-lamp",
      "reason": "fetch failed"
    },
    {
      "url": "https://www.jaquar.com/en/cls-fabric-shade-table-lamp-chrome",
      "reason": "fetch failed"
    },
    {
      "url": "https://www.jaquar.com/en/cls-fabric-shade-chrome-finishing-table-lamp",
      "reason": "fetch failed"
    },
    {
      "url": "https://www.jaquar.com/en/cls-red-leather-chrome-finishing-table-lamp",
      "reason": "fetch failed"
    },
    {
      "url": "https://www.jaquar.com/en/cls-red-leather-table-lamp",
      "reason": "fetch failed"
    },
    {
      "url": "https://www.jaquar.com/en/cls-pleat-fabric-shade-crystal-table-lamp",
      "reason": "fetch failed"
    },
    {
      "url": "https://www.jaquar.com/en/cls-antique-brass-finishing-table-lamp-shade",
      "reason": "fetch failed"
    },
    {
      "url": "https://www.jaquar.com/en/cls-pleat-fabric-shade-crystal-table-lamp-chrome-finish",
      "reason": "fetch failed"
    },
    {
      "url": "https://www.jaquar.com/en/cls-cognac-glass-table-lamp",
      "reason": "fetch failed"
    },
    {
      "url": "https://www.jaquar.com/en/cls-black-fabric-3lt-table-lamp",
      "reason": "fetch failed"
    },
    {
      "url": "https://www.jaquar.com/en/cls-black-finishing-table-lamp-1x7w",
      "reason": "fetch failed"
    },
    {
      "url": "https://www.jaquar.com/en/cls-half-dome-antique-white-finish-table-lamp",
      "reason": "fetch failed"
    },
    {
      "url": "https://www.jaquar.com/en/meta-manual-vertical-6-ltr-water-heater",
      "reason": "fetch failed"
    },
    {
      "url": "https://www.jaquar.com/en/meta-manual-vertical-10-ltr-water-heater",
      "reason": "fetch failed"
    },
    {
      "url": "https://www.jaquar.com/en/meta-manual-vertical-15-ltr-water-heater",
      "reason": "fetch failed"
    },
    {
      "url": "https://www.jaquar.com/en/meta-manual-vertical-25-ltr-water-heater",
      "reason": "fetch failed"
    },
    {
      "url": "https://www.jaquar.com/en/meta-manual-semi-digital-25-ltr-water-heater",
      "reason": "fetch failed"
    },
    {
      "url": "https://www.jaquar.com/en/meta-manual-vertical-semi-digital-15-ltr-water-heater",
      "reason": "fetch failed"
    },
    {
      "url": "https://www.jaquar.com/en/meta-vertical-semi-digital-10-ltr-water-heater",
      "reason": "fetch failed"
    },
    {
      "url": "https://www.jaquar.com/en/cls-clear-glass-brushed-brass-table-lamp",
      "reason": "fetch failed"
    },
    {
      "url": "https://www.jaquar.com/en/cls-antique-brass-table-lamp-4lights",
      "reason": "fetch failed"
    },
    {
      "url": "https://www.jaquar.com/en/cls-clear-glass-gold-finishceiling-light",
      "reason": "fetch failed"
    },
    {
      "url": "https://www.jaquar.com/en/cls-honey-glass-gold-finish-ceiling-light",
      "reason": "fetch failed"
    },
    {
      "url": "https://www.jaquar.com/en/cls-3-pendents-black-powder-coated-ceiling-light",
      "reason": "fetch failed"
    },
    {
      "url": "https://www.jaquar.com/en/cls-black-powder-coated-pendant-ceiling-light",
      "reason": "fetch failed"
    },
    {
      "url": "https://www.jaquar.com/en/cls-marble-pattern-pattern-ceiling-light",
      "reason": "fetch failed"
    },
    {
      "url": "https://www.jaquar.com/en/cls-black-crystal-chandelier-ceiling-light",
      "reason": "fetch failed"
    },
    {
      "url": "https://www.jaquar.com/en/meta-vertical-semi-digital-6-ltr-water-heater",
      "reason": "fetch failed"
    },
    {
      "url": "https://www.jaquar.com/en/cls-industrial-style-copper-finish-ceiling-light",
      "reason": "fetch failed"
    },
    {
      "url": "https://www.jaquar.com/en/cls-nickel-fiish-pendent-light-e27",
      "reason": "fetch failed"
    },
    {
      "url": "https://www.jaquar.com/en/cls-aluminum-pendant-sanded-black-paint-ceiling-light",
      "reason": "fetch failed"
    },
    {
      "url": "https://www.jaquar.com/en/cls-coffee-painted-finish-ceiling-light",
      "reason": "fetch failed"
    },
    {
      "url": "https://www.jaquar.com/en/cls-aluminium-pendant-light-with-shiny-brass-finish",
      "reason": "fetch failed"
    },
    {
      "url": "https://www.jaquar.com/en/cls-industrial-style-sanded-black-finish-ceiling-light",
      "reason": "fetch failed"
    },
    {
      "url": "https://www.jaquar.com/en/cls-white-powder-finish-ceiling-light",
      "reason": "fetch failed"
    },
    {
      "url": "https://www.jaquar.com/en/cls-copper-finish-globe-ceiling-light",
      "reason": "fetch failed"
    },
    {
      "url": "https://www.jaquar.com/en/cls-3light-frosted-glass-rose-gold-finish-ceiling-light",
      "reason": "fetch failed"
    },
    {
      "url": "https://www.jaquar.com/en/cls-frosted-glass-rose-gold-finish-ceiling-light",
      "reason": "fetch failed"
    },
    {
      "url": "https://www.jaquar.com/en/cls-conical-pendant-black-finish-ceiling-light",
      "reason": "fetch failed"
    },
    {
      "url": "https://www.jaquar.com/en/cls-mesh-shade-copper-finish-ceiling-light",
      "reason": "fetch failed"
    },
    {
      "url": "https://www.jaquar.com/en/cls-clear-glass-round-hanging-light",
      "reason": "fetch failed"
    },
    {
      "url": "https://www.jaquar.com/en/cls-smoky-glass-chrome-finish-pendant-ceiling-light",
      "reason": "fetch failed"
    },
    {
      "url": "https://www.jaquar.com/en/cls-chrome-finish-pendant-ceiling-filament-light",
      "reason": "fetch failed"
    },
    {
      "url": "https://www.jaquar.com/en/cls-rose-gold-mesh-chrome-finish-ceiling-light",
      "reason": "fetch failed"
    },
    {
      "url": "https://www.jaquar.com/en/cls-clear-glass-rose-gold-finish-ceiling-light",
      "reason": "fetch failed"
    },
    {
      "url": "https://www.jaquar.com/en/cls-100mm-copper-finishing-pendant-ceiling-light",
      "reason": "fetch failed"
    },
    {
      "url": "https://www.jaquar.com/en/cls-130mm-copper-finishing-ceiling-light",
      "reason": "fetch failed"
    },
    {
      "url": "https://www.jaquar.com/en/cls-170mm-copper-glass-copper-finish-ceiling-light",
      "reason": "fetch failed"
    },
    {
      "url": "https://www.jaquar.com/en/cls-160mm-smoky-glass-chrome-finish-ceiling-light",
      "reason": "fetch failed"
    },
    {
      "url": "https://www.jaquar.com/en/cls-120mm-smoky-glass-chrome-finish-ceiling-light",
      "reason": "fetch failed"
    },
    {
      "url": "https://www.jaquar.com/en/cls-6light-champagne-opal-glass-chrome-finish",
      "reason": "fetch failed"
    },
    {
      "url": "https://www.jaquar.com/en/cls-8lt-frosted-glass-chrome-finish-ceiling-light",
      "reason": "fetch failed"
    },
    {
      "url": "https://www.jaquar.com/en/cls-6lt-frosted-glass-chandelier-ceiling-light",
      "reason": "fetch failed"
    },
    {
      "url": "https://www.jaquar.com/en/cls-800mm-black-hemp-rope-ball-pendant-ceiling-light",
      "reason": "fetch failed"
    },
    {
      "url": "https://www.jaquar.com/en/cls-600mm-black-hemp-rope-ball-pendant-ceiling-light",
      "reason": "fetch failed"
    },
    {
      "url": "https://www.jaquar.com/en/cls-400mm-black-hemp-rope-ball-pendant-ceiling-light",
      "reason": "fetch failed"
    },
    {
      "url": "https://www.jaquar.com/en/cls-3-clear-glass-balls-brushed-brass-finish-ceiling-light",
      "reason": "fetch failed"
    },
    {
      "url": "https://www.jaquar.com/en/jaquar-12-light-meta-swan-black-finish-ceiling-light",
      "reason": "fetch failed"
    },
    {
      "url": "https://www.jaquar.com/en/cls-curved-strips-rose-gold-finish-ceiling-light",
      "reason": "fetch failed"
    },
    {
      "url": "https://www.jaquar.com/en/cls-curved-strips-copper-finishing-ceiling-light",
      "reason": "fetch failed"
    },
    {
      "url": "https://www.jaquar.com/en/cls-6lt-cone-shaped-chrome-finish-ceiling-light",
      "reason": "fetch failed"
    },
    {
      "url": "https://www.jaquar.com/en/cls-3lt-cone-shaped-chrome-finish-ceiling-light",
      "reason": "fetch failed"
    },
    {
      "url": "https://www.jaquar.com/en/cls-4-light-square-star-shape-ceiling-light",
      "reason": "fetch failed"
    },
    {
      "url": "https://www.jaquar.com/en/cls-8-light-square-star-shape-ceiling-light",
      "reason": "fetch failed"
    },
    {
      "url": "https://www.jaquar.com/en/cls-4-light-round-star-shape-ceiling-light",
      "reason": "fetch failed"
    },
    {
      "url": "https://www.jaquar.com/en/cls-6-light-round-star-shape-ceiling-light",
      "reason": "fetch failed"
    },
    {
      "url": "https://www.jaquar.com/en/cls-1720mm-rectangular-shape-pipe-copper-finish-ceiling-light",
      "reason": "fetch failed"
    },
    {
      "url": "https://www.jaquar.com/en/cls-950mm-round-pipe-copper-finish-ceiling-light",
      "reason": "fetch failed"
    },
    {
      "url": "https://www.jaquar.com/en/cls-9lt-black-fabric-shade-chrome-finish-ceiling-light",
      "reason": "fetch failed"
    },
    {
      "url": "https://www.jaquar.com/en/cls-hexagon-3-head-copper-finish-ceiling-light",
      "reason": "fetch failed"
    },
    {
      "url": "https://www.jaquar.com/en/cls-smokey-glass-chrome-finish-ceiling-light",
      "reason": "fetch failed"
    },
    {
      "url": "https://www.jaquar.com/en/cls-300mm-clear-glass-gold-finish-pendant-ceiling-light",
      "reason": "fetch failed"
    },
    {
      "url": "https://www.jaquar.com/en/cls-450mm-clear-glass-gold-finish-ceiling-light",
      "reason": "fetch failed"
    },
    {
      "url": "https://www.jaquar.com/en/cls-copper-plated-clear-glass-dome-ceiling-light",
      "reason": "fetch failed"
    },
    {
      "url": "https://www.jaquar.com/en/cls-cognac-glass-pendant-ceiling-light",
      "reason": "fetch failed"
    },
    {
      "url": "https://www.jaquar.com/en/cls-diamond-cut-antique-brass-ceiling-light",
      "reason": "fetch failed"
    },
    {
      "url": "https://www.jaquar.com/en/cls-clear-glass-brushed-brass-finish-ceiling-light",
      "reason": "fetch failed"
    },
    {
      "url": "https://www.jaquar.com/en/cls-brushed-brass-finish-ceiling-light",
      "reason": "fetch failed"
    },
    {
      "url": "https://www.jaquar.com/en/cls-antique-white-finishing-floor-lamp-2",
      "reason": "fetch failed"
    },
    {
      "url": "https://www.jaquar.com/en/cls-marble-base-chrome-finishing-floor-lamp",
      "reason": "fetch failed"
    },
    {
      "url": "https://www.jaquar.com/en/cls-shade-cheval-floor-lamp-black-finish-horse",
      "reason": "fetch failed"
    },
    {
      "url": "https://www.jaquar.com/en/cls-fabric-shade-wood-alloy-zinc-legs-floor-lamp",
      "reason": "fetch failed"
    },
    {
      "url": "https://www.jaquar.com/en/cls-wooden-lamp",
      "reason": "fetch failed"
    },
    {
      "url": "https://www.jaquar.com/en/cls-black-floor-standing-3x7w-lamp",
      "reason": "fetch failed"
    },
    {
      "url": "https://www.jaquar.com/en/cls-grey-pattern-hemisphere-floor-lamp",
      "reason": "fetch failed"
    },
    {
      "url": "https://www.jaquar.com/en/cls-brushed-brass-finishing-floor-lamp",
      "reason": "fetch failed"
    },
    {
      "url": "https://www.jaquar.com/en/cls-ursa-15head-fabric-shade-chandelier",
      "reason": "fetch failed"
    },
    {
      "url": "https://www.jaquar.com/en/cls-galaxy-asfour-almaaza-chandelier",
      "reason": "fetch failed"
    },
    {
      "url": "https://www.jaquar.com/en/cls-arcturus-gold-and-chrome-chandelier",
      "reason": "fetch failed"
    },
    {
      "url": "https://www.jaquar.com/en/cls-vela-32head-natural-pink-jade-chandelier",
      "reason": "fetch failed"
    },
    {
      "url": "https://www.jaquar.com/en/cls-mensa-56head-natural-pink-jade-chandelier",
      "reason": "fetch failed"
    },
    {
      "url": "https://www.jaquar.com/en/cls-pollux-48head-bobeche-glass-chandelier",
      "reason": "fetch failed"
    },
    {
      "url": "https://www.jaquar.com/en/cls-carina-18heads-fabric-shade-chandelier",
      "reason": "fetch failed"
    },
    {
      "url": "https://www.jaquar.com/en/cls-ara-bronze-chandelier",
      "reason": "fetch failed"
    },
    {
      "url": "https://www.jaquar.com/en/cls-apus-51bulb-chandelier",
      "reason": "fetch failed"
    },
    {
      "url": "https://www.jaquar.com/en/cls-antila-silver-white-chandelier",
      "reason": "fetch failed"
    },
    {
      "url": "https://www.jaquar.com/en/cls-octans-30head-fabric-shade-chandelier",
      "reason": "fetch failed"
    },
    {
      "url": "https://www.jaquar.com/en/cls-pictor-30head-jade-chandelier",
      "reason": "fetch failed"
    },
    {
      "url": "https://www.jaquar.com/en/cls-centaurus-30heads-natural-jade-chandelier",
      "reason": "fetch failed"
    },
    {
      "url": "https://www.jaquar.com/en/cls-pegasus-18head-natural-jade-chandelier",
      "reason": "fetch failed"
    },
    {
      "url": "https://www.jaquar.com/en/cls-phoenix-32head-natural-jade-chandelier",
      "reason": "fetch failed"
    },
    {
      "url": "https://www.jaquar.com/en/cls-lantana-31head-natural-jade-chandelier",
      "reason": "fetch failed"
    },
    {
      "url": "https://www.jaquar.com/en/cls-trillium-30head-bobeche-glass-chandelier",
      "reason": "fetch failed"
    },
    {
      "url": "https://www.jaquar.com/en/cls-wisteria-80head-marble-chandelier",
      "reason": "fetch failed"
    },
    {
      "url": "https://www.jaquar.com/en/cls-bergenia-36heads-chandelier",
      "reason": "fetch failed"
    },
    {
      "url": "https://www.jaquar.com/en/cls-selene-30head-bobeche-glass-chandelier",
      "reason": "fetch failed"
    },
    {
      "url": "https://www.jaquar.com/en/cls-celosia-bobeche-glass-chandelier",
      "reason": "fetch failed"
    },
    {
      "url": "https://www.jaquar.com/en/cls-circinus-18bulb-natural-jade-chandelier",
      "reason": "fetch failed"
    },
    {
      "url": "https://www.jaquar.com/en/cls-cassia-natural-jade-chandelier-70-lamps",
      "reason": "fetch failed"
    },
    {
      "url": "https://www.jaquar.com/en/cls-ground-burial-18w-2",
      "reason": "fetch failed"
    },
    {
      "url": "https://www.jaquar.com/en/cls-ground-burial-3w-led-light-2",
      "reason": "fetch failed"
    },
    {
      "url": "https://www.jaquar.com/en/cls-ground-burial-1w-led-light-2",
      "reason": "fetch failed"
    },
    {
      "url": "https://www.jaquar.com/en/cls-flexible-led-light-linear-flex-18w-2",
      "reason": "fetch failed"
    },
    {
      "url": "https://www.jaquar.com/en/cls-flexible-led-light-linear-flex-13w-2",
      "reason": "fetch failed"
    },
    {
      "url": "https://www.jaquar.com/en/cls-ss-body-flexible-led-light-linear-flex-12w-2",
      "reason": "fetch failed"
    },
    {
      "url": "https://www.jaquar.com/en/cls-flexible-led-light-linear-flex-8w-2",
      "reason": "fetch failed"
    },
    {
      "url": "https://www.jaquar.com/en/shower-basket-large-black-matt",
      "reason": "fetch failed"
    },
    {
      "url": "https://www.jaquar.com/en/shower-basket-small-black-matt",
      "reason": "fetch failed"
    },
    {
      "url": "https://www.jaquar.com/en/shower-basket-large-chrome-2",
      "reason": "fetch failed"
    },
    {
      "url": "https://www.jaquar.com/en/shower-basket-small-chrome",
      "reason": "fetch failed"
    },
    {
      "url": "https://www.jaquar.com/en/sensor-faucet-for-wash-basin-stainless-steel-3",
      "reason": "fetch failed"
    },
    {
      "url": "https://www.jaquar.com/en/sensor-faucet-for-wash-basin-graphite-3",
      "reason": "fetch failed"
    },
    {
      "url": "https://www.jaquar.com/en/sensor-faucet-for-wash-basin-black-matt-4",
      "reason": "fetch failed"
    },
    {
      "url": "https://www.jaquar.com/en/sensor-faucet-for-wash-basin-black-chrome-3",
      "reason": "fetch failed"
    },
    {
      "url": "https://www.jaquar.com/en/sensor-faucet-for-wash-basin-antique-copper-3",
      "reason": "fetch failed"
    },
    {
      "url": "https://www.jaquar.com/en/sensor-faucet-for-wash-basin-antique-bronze-3",
      "reason": "fetch failed"
    },
    {
      "url": "https://www.jaquar.com/en/bath-and-shower-mixer-stainless-steel-3",
      "reason": "fetch failed"
    },
    {
      "url": "https://www.jaquar.com/en/bath-and-shower-mixer-graphite-3",
      "reason": "fetch failed"
    },
    {
      "url": "https://www.jaquar.com/en/bath-and-shower-mixer-black-matt-4",
      "reason": "fetch failed"
    },
    {
      "url": "https://www.jaquar.com/en/bath-and-shower-mixer-black-chrome-4",
      "reason": "fetch failed"
    },
    {
      "url": "https://www.jaquar.com/en/bath-and-shower-mixer-antique-copper-3",
      "reason": "fetch failed"
    },
    {
      "url": "https://www.jaquar.com/en/bath-and-shower-mixer-antique-bronze-3",
      "reason": "fetch failed"
    },
    {
      "url": "https://www.jaquar.com/en/exposed-shower-mixer-wall-mounted-stainless-steel",
      "reason": "fetch failed"
    },
    {
      "url": "https://www.jaquar.com/en/exposed-shower-mixer-wall-mounted-graphite",
      "reason": "fetch failed"
    },
    {
      "url": "https://www.jaquar.com/en/exposed-shower-mixer-wall-mounted-black-matt",
      "reason": "fetch failed"
    },
    {
      "url": "https://www.jaquar.com/en/exposed-shower-mixer-wall-mounted-black-chrome",
      "reason": "fetch failed"
    },
    {
      "url": "https://www.jaquar.com/en/exposed-shower-mixer-wall-mounted-antique-copper",
      "reason": "fetch failed"
    },
    {
      "url": "https://www.jaquar.com/en/exposed-shower-mixer-wall-mounted-antique-bronze",
      "reason": "fetch failed"
    },
    {
      "url": "https://www.jaquar.com/en/multifunction-thermostatic-shower-mixer-stainless-steel",
      "reason": "fetch failed"
    },
    {
      "url": "https://www.jaquar.com/en/multifunction-thermostatic-shower-mixer-graphite",
      "reason": "fetch failed"
    },
    {
      "url": "https://www.jaquar.com/en/multifunction-thermostatic-shower-mixer-black-matt",
      "reason": "fetch failed"
    },
    {
      "url": "https://www.jaquar.com/en/multifunction-thermostatic-shower-mixer-black-chrome",
      "reason": "fetch failed"
    },
    {
      "url": "https://www.jaquar.com/en/multifunction-thermostatic-shower-mixer-antique-copper",
      "reason": "fetch failed"
    },
    {
      "url": "https://www.jaquar.com/en/multifunction-thermostatic-shower-mixer-antique-bronze",
      "reason": "fetch failed"
    },
    {
      "url": "https://www.jaquar.com/en/corner-shower-basket-chrome",
      "reason": "fetch failed"
    },
    {
      "url": "https://www.jaquar.com/en/corner-shower-basket-black-matt",
      "reason": "fetch failed"
    },
    {
      "url": "https://www.jaquar.com/en/sensor-faucet-for-wash-basin-chrome-3",
      "reason": "fetch failed"
    },
    {
      "url": "https://www.jaquar.com/en/bath-and-shower-mixer-chrome-3",
      "reason": "fetch failed"
    },
    {
      "url": "https://www.jaquar.com/en/exposed-shower-mixer-wall-mounted-chrome-2",
      "reason": "fetch failed"
    },
    {
      "url": "https://www.jaquar.com/en/multifunction-thermostatic-shower-mixer-chrome",
      "reason": "fetch failed"
    },
    {
      "url": "https://www.jaquar.com/en/aquamax-exposed-part-kit-of-single-lever-shower-mixer-stainless-steel",
      "reason": "fetch failed"
    },
    {
      "url": "https://www.jaquar.com/en/aquamax-exposed-part-kit-of-single-lever-shower-mixer-graphite",
      "reason": "fetch failed"
    },
    {
      "url": "https://www.jaquar.com/en/aquamax-exposed-part-kit-of-single-lever-shower-mixer-chrome-5",
      "reason": "fetch failed"
    },
    {
      "url": "https://www.jaquar.com/en/single-lever-exposed-parts-kit-stainless-steel-3",
      "reason": "fetch failed"
    },
    {
      "url": "https://www.jaquar.com/en/single-lever-exposed-parts-kit-graphite-4",
      "reason": "fetch failed"
    },
    {
      "url": "https://www.jaquar.com/en/single-lever-exposed-parts-kit-black-matt-3",
      "reason": "fetch failed"
    },
    {
      "url": "https://www.jaquar.com/en/single-lever-exposed-parts-kit-black-chrome-3",
      "reason": "fetch failed"
    },
    {
      "url": "https://www.jaquar.com/en/single-lever-exposed-parts-kit-antique-bronze-4",
      "reason": "fetch failed"
    },
    {
      "url": "https://www.jaquar.com/en/single-lever-exposed-parts-kit-antique-copper-3",
      "reason": "fetch failed"
    },
    {
      "url": "https://www.jaquar.com/en/single-lever-exposed-parts-kit-of-diverter-stainless-steel-2",
      "reason": "fetch failed"
    },
    {
      "url": "https://www.jaquar.com/en/single-lever-exposed-parts-kit-of-diverter-graphite-2",
      "reason": "fetch failed"
    },
    {
      "url": "https://www.jaquar.com/en/single-lever-exposed-parts-kit-of-diverter-black-matt-2",
      "reason": "fetch failed"
    },
    {
      "url": "https://www.jaquar.com/en/single-lever-exposed-parts-kit-of-diverter-black-chrome-2",
      "reason": "fetch failed"
    },
    {
      "url": "https://www.jaquar.com/en/single-lever-exposed-parts-kit-of-diverter-antique-copper",
      "reason": "fetch failed"
    },
    {
      "url": "https://www.jaquar.com/en/single-lever-exposed-parts-kit-of-diverter-antique-bronze-4",
      "reason": "fetch failed"
    },
    {
      "url": "https://www.jaquar.com/en/single-lever-exposed-parts-kit-chrome-6",
      "reason": "fetch failed"
    },
    {
      "url": "https://www.jaquar.com/en/single-lever-exposed-parts-kit-of-diverter-chrome-4",
      "reason": "fetch failed"
    },
    {
      "url": "https://www.jaquar.com/en/bottle-trap-stainless-steel-2",
      "reason": "fetch failed"
    },
    {
      "url": "https://www.jaquar.com/en/bottle-trap-graphite-2",
      "reason": "fetch failed"
    },
    {
      "url": "https://www.jaquar.com/en/bottle-trap-black-matt-2",
      "reason": "fetch failed"
    },
    {
      "url": "https://www.jaquar.com/en/bottle-trap-black-chrome-2",
      "reason": "fetch failed"
    },
    {
      "url": "https://www.jaquar.com/en/bottle-trap-antique-copper-2",
      "reason": "fetch failed"
    },
    {
      "url": "https://www.jaquar.com/en/bottle-trap-antique-bronze-2",
      "reason": "fetch failed"
    },
    {
      "url": "https://www.jaquar.com/en/bottle-trap-stainless-steel",
      "reason": "fetch failed"
    },
    {
      "url": "https://www.jaquar.com/en/bottle-trap-graphite",
      "reason": "fetch failed"
    },
    {
      "url": "https://www.jaquar.com/en/bottle-trap-black-matt",
      "reason": "fetch failed"
    },
    {
      "url": "https://www.jaquar.com/en/bottle-trap-black-chrome",
      "reason": "fetch failed"
    },
    {
      "url": "https://www.jaquar.com/en/bottle-trap-antique-copper",
      "reason": "fetch failed"
    },
    {
      "url": "https://www.jaquar.com/en/bottle-trap-antique-bronze",
      "reason": "fetch failed"
    },
    {
      "url": "https://www.jaquar.com/en/optima-right-version-sliding-shower-enclosures_1000-1500",
      "reason": "fetch failed"
    },
    {
      "url": "https://www.jaquar.com/en/angular-stop-cock-stainless-steel-7",
      "reason": "fetch failed"
    },
    {
      "url": "https://www.jaquar.com/en/angular-stop-cock-graphite-7",
      "reason": "fetch failed"
    },
    {
      "url": "https://www.jaquar.com/en/angular-stop-cock-black-matt-7",
      "reason": "fetch failed"
    },
    {
      "url": "https://www.jaquar.com/en/angular-stop-cock-black-chrome-7",
      "reason": "fetch failed"
    },
    {
      "url": "https://www.jaquar.com/en/angular-stop-cock-antique-copper-7",
      "reason": "fetch failed"
    },
    {
      "url": "https://www.jaquar.com/en/angular-stop-cock-antique-bronze-7",
      "reason": "fetch failed"
    },
    {
      "url": "https://www.jaquar.com/en/angular-stop-cock-chrome-7",
      "reason": "fetch failed"
    },
    {
      "url": "https://www.jaquar.com/en/click-clack-waste-gold-bright-pvd-2",
      "reason": "fetch failed"
    },
    {
      "url": "https://www.jaquar.com/en/click-clack-waste-gold-matt-pvd-2",
      "reason": "fetch failed"
    },
    {
      "url": "https://www.jaquar.com/en/single-lever-tall-boy-black-chrome-body-black-matt",
      "reason": "fetch failed"
    },
    {
      "url": "https://www.jaquar.com/en/kubix-prime-bath-tub-spout-gold-bright-pvd",
      "reason": "fetch failed"
    },
    {
      "url": "https://www.jaquar.com/en/kubix-prime-bath-tub-spout-gold-matt-pvd",
      "reason": "fetch failed"
    },
    {
      "url": "https://www.jaquar.com/en/kubix-prime-bath-spout-gold-bright-pvd",
      "reason": "fetch failed"
    },
    {
      "url": "https://www.jaquar.com/en/kubix-prime-bath-spout-gold-matt-pvd",
      "reason": "fetch failed"
    },
    {
      "url": "https://www.jaquar.com/en/exposed-shower-pipe-gold-bright-pvd",
      "reason": "fetch failed"
    },
    {
      "url": "https://www.jaquar.com/en/exposed-shower-pipe-gold-matt-pvd",
      "reason": "fetch failed"
    },
    {
      "url": "https://www.jaquar.com/en/sliding-rail-gold-bright-pvd-2",
      "reason": "fetch failed"
    },
    {
      "url": "https://www.jaquar.com/en/sliding-rail-gold-matt-pvd-2",
      "reason": "fetch failed"
    },
    {
      "url": "https://www.jaquar.com/en/wall-outlet-gold-bright-pvd-2",
      "reason": "fetch failed"
    },
    {
      "url": "https://www.jaquar.com/en/wall-outlet-gold-matt-pvd-2",
      "reason": "fetch failed"
    },
    {
      "url": "https://www.jaquar.com/en/wall-outlet-gold-matt-pvd",
      "reason": "fetch failed"
    },
    {
      "url": "https://www.jaquar.com/en/wall-outlet-gold-bright-pvd",
      "reason": "fetch failed"
    },
    {
      "url": "https://www.jaquar.com/en/sliding-rail-gold-bright-pvd",
      "reason": "fetch failed"
    },
    {
      "url": "https://www.jaquar.com/en/sliding-rail-gold-matt-pvd",
      "reason": "fetch failed"
    },
    {
      "url": "https://www.jaquar.com/en/premium-wall-bracket-gold-bright-pvd",
      "reason": "fetch failed"
    },
    {
      "url": "https://www.jaquar.com/en/premium-wall-bracket-gold-matt-pvd",
      "reason": "fetch failed"
    },
    {
      "url": "https://www.jaquar.com/en/flexible-tube-gold-bright-pvd",
      "reason": "fetch failed"
    },
    {
      "url": "https://www.jaquar.com/en/flexible-tube-gold-matt-pvd",
      "reason": "fetch failed"
    },
    {
      "url": "https://www.jaquar.com/en/shower-arm-gold-bright-pvd-5",
      "reason": "fetch failed"
    },
    {
      "url": "https://www.jaquar.com/en/shower-arm-gold-matt-pvd-5",
      "reason": "fetch failed"
    },
    {
      "url": "https://www.jaquar.com/en/shower-arm-gold-bright-pvd-4",
      "reason": "fetch failed"
    },
    {
      "url": "https://www.jaquar.com/en/shower-arm-gold-matt-pvd-4",
      "reason": "fetch failed"
    },
    {
      "url": "https://www.jaquar.com/en/shower-arm-gold-bright-pvd-3",
      "reason": "fetch failed"
    },
    {
      "url": "https://www.jaquar.com/en/shower-arm-gold-matt-pvd-3",
      "reason": "fetch failed"
    },
    {
      "url": "https://www.jaquar.com/en/shower-arm-gold-bright-pvd-2",
      "reason": "fetch failed"
    },
    {
      "url": "https://www.jaquar.com/en/shower-arm-gold-matt-pvd-2",
      "reason": "fetch failed"
    },
    {
      "url": "https://www.jaquar.com/en/single-lever-bidet-mixer-with-popup-waste-gold-bright-pvd",
      "reason": "fetch failed"
    },
    {
      "url": "https://www.jaquar.com/en/single-lever-bidet-mixer-with-popup-waste-gold-matt-pvd",
      "reason": "fetch failed"
    },
    {
      "url": "https://www.jaquar.com/en/square-shape-single-flow-maze-overhead-shower-gold-bright-pvd-2",
      "reason": "fetch failed"
    },
    {
      "url": "https://www.jaquar.com/en/square-shape-single-flow-maze-overhead-shower-gold-matt-pvd-2",
      "reason": "fetch failed"
    },
    {
      "url": "https://www.jaquar.com/en/round-shapemaze-overhead-shower-gold-bright-pvd",
      "reason": "fetch failed"
    },
    {
      "url": "https://www.jaquar.com/en/round-shapemaze-overhead-shower-gold-matt-pvd",
      "reason": "fetch failed"
    },
    {
      "url": "https://www.jaquar.com/en/square-shape-single-flow-maze-overhead-shower-gold-bright-pvd",
      "reason": "fetch failed"
    },
    {
      "url": "https://www.jaquar.com/en/square-shape-single-flow-maze-overhead-shower-gold-matt-pvd",
      "reason": "fetch failed"
    },
    {
      "url": "https://www.jaquar.com/en/round-shape-single-flow-maze-overhead-shower-gold-bright-pvd",
      "reason": "fetch failed"
    },
    {
      "url": "https://www.jaquar.com/en/round-shape-single-flow-maze-overhead-shower-gold-matt-pvd",
      "reason": "fetch failed"
    },
    {
      "url": "https://www.jaquar.com/en/square-shape-maze-overhead-shower-gold-bright-pvd",
      "reason": "fetch failed"
    },
    {
      "url": "https://www.jaquar.com/en/square-shape-maze-overhead-shower-gold-matt-pvd",
      "reason": "fetch failed"
    },
    {
      "url": "https://www.jaquar.com/en/maze-overhead-shower-gold-bright-pvd",
      "reason": "fetch failed"
    },
    {
      "url": "https://www.jaquar.com/en/maze-overhead-shower-gold-matt-pvd",
      "reason": "fetch failed"
    },
    {
      "url": "https://www.jaquar.com/en/single-lever-1-hole-bidet-mixer-with-popup-waste-system-gold-bright-pvd-2",
      "reason": "fetch failed"
    },
    {
      "url": "https://www.jaquar.com/en/single-lever-1-hole-bidet-mixer-with-popup-waste-system-gold-matt-pvd-2",
      "reason": "fetch failed"
    },
    {
      "url": "https://www.jaquar.com/en/control-plate-kubix-gold-bright-pvd",
      "reason": "fetch failed"
    },
    {
      "url": "https://www.jaquar.com/en/control-plate-kubix-gold-matt-pvd",
      "reason": "fetch failed"
    },
    {
      "url": "https://www.jaquar.com/en/control-plate-opal-gold-bright-pvd",
      "reason": "fetch failed"
    },
    {
      "url": "https://www.jaquar.com/en/control-plate-opal-gold-matt-pvd",
      "reason": "fetch failed"
    },
    {
      "url": "https://www.jaquar.com/en/rectangular-shape-maze-hand-shower-gold-bright-pvd",
      "reason": "fetch failed"
    },
    {
      "url": "https://www.jaquar.com/en/rectangular-shape-maze-hand-shower-gold-matt-pvd",
      "reason": "fetch failed"
    },
    {
      "url": "https://www.jaquar.com/en/square-shape-maze-hand-shower-gold-bright-pvd",
      "reason": "fetch failed"
    },
    {
      "url": "https://www.jaquar.com/en/square-shape-maze-hand-shower-gold-matt-pvd",
      "reason": "fetch failed"
    },
    {
      "url": "https://www.jaquar.com/en/maze-hand-shower-%C3%B895mm-round-shape-gold-bright-pvd",
      "reason": "fetch failed"
    },
    {
      "url": "https://www.jaquar.com/en/maze-hand-shower-ø95mm-round-shape-gold-bright-pvd",
      "reason": "fetch failed"
    },
    {
      "url": "https://www.jaquar.com/en/maze-hand-shower-%C3%B895mm-round-shape-gold-matt-pvd",
      "reason": "fetch failed"
    },
    {
      "url": "https://www.jaquar.com/en/maze-hand-shower-ø95mm-round-shape-gold-matt-pvd",
      "reason": "fetch failed"
    },
    {
      "url": "https://www.jaquar.com/en/rectangular-shape-gold-bright-body-shower",
      "reason": "fetch failed"
    },
    {
      "url": "https://www.jaquar.com/en/rectangular-shape-gold-matt-body-shower-130x120",
      "reason": "fetch failed"
    },
    {
      "url": "https://www.jaquar.com/en/body-shower-%C3%B8120mm-round-shape-gold-bright-pvd",
      "reason": "fetch failed"
    },
    {
      "url": "https://www.jaquar.com/en/body-shower-ø120mm-round-shape-gold-bright-pvd",
      "reason": "fetch failed"
    },
    {
      "url": "https://www.jaquar.com/en/body-shower-%C3%B8120mm-round-shape-gold-matt-pvd",
      "reason": "fetch failed"
    },
    {
      "url": "https://www.jaquar.com/en/body-shower-ø120mm-round-shape-gold-matt-pvd",
      "reason": "fetch failed"
    },
    {
      "url": "https://www.jaquar.com/en/bottle-trap-gold-bright-pvd-2",
      "reason": "fetch failed"
    },
    {
      "url": "https://www.jaquar.com/en/bottle-trap-gold-bright-pvd",
      "reason": "fetch failed"
    },
    {
      "url": "https://www.jaquar.com/en/bottle-trap-gold-matt-pvd-2",
      "reason": "fetch failed"
    },
    {
      "url": "https://www.jaquar.com/en/bottle-trap-gold-matt-pvd",
      "reason": "fetch failed"
    },
    {
      "url": "https://www.jaquar.com/en/bottle-trap-chrome-2",
      "reason": "fetch failed"
    },
    {
      "url": "https://www.jaquar.com/en/bottle-trap-chrome",
      "reason": "fetch failed"
    },
    {
      "url": "https://www.jaquar.com/en/click-clack-waste-gold-bright-pvd",
      "reason": "fetch failed"
    },
    {
      "url": "https://www.jaquar.com/en/click-clack-waste-gold-matt-pvd",
      "reason": "fetch failed"
    },
    {
      "url": "https://www.jaquar.com/en/waste-coupling-gold-bright-pvd-2",
      "reason": "fetch failed"
    },
    {
      "url": "https://www.jaquar.com/en/waste-coupling-gold-matt-pvd-2",
      "reason": "fetch failed"
    },
    {
      "url": "https://www.jaquar.com/en/waste-coupling-gold-bright-pvd",
      "reason": "fetch failed"
    },
    {
      "url": "https://www.jaquar.com/en/waste-coupling-gold-matt-pvd",
      "reason": "fetch failed"
    },
    {
      "url": "https://www.jaquar.com/en/hand-shower-health-faucet-gold-bright-pvd",
      "reason": "fetch failed"
    },
    {
      "url": "https://www.jaquar.com/en/hand-shower-health-faucet-gold-matt-pvd",
      "reason": "fetch failed"
    },
    {
      "url": "https://www.jaquar.com/en/towel-rack-gold-bright-pvd",
      "reason": "fetch failed"
    },
    {
      "url": "https://www.jaquar.com/en/towel-rack-gold-matt-pvd",
      "reason": "fetch failed"
    },
    {
      "url": "https://www.jaquar.com/en/glass-shelf-gold-bright-pvd",
      "reason": "fetch failed"
    },
    {
      "url": "https://www.jaquar.com/en/glass-shelf-gold-matt-pvd",
      "reason": "fetch failed"
    },
    {
      "url": "https://www.jaquar.com/en/double-coat-hook-gold-bright-pvd-2",
      "reason": "fetch failed"
    },
    {
      "url": "https://www.jaquar.com/en/double-coat-hook-gold-matt-pvd-2",
      "reason": "fetch failed"
    },
    {
      "url": "https://www.jaquar.com/en/toilet-roll-holder-with-flap-gold-bright-pvd-2",
      "reason": "fetch failed"
    },
    {
      "url": "https://www.jaquar.com/en/toilet-roll-holder-with-flap-gold-matt-pvd-2",
      "reason": "fetch failed"
    },
    {
      "url": "https://www.jaquar.com/en/tumbler-holder-gold-bright-pvd-2",
      "reason": "fetch failed"
    },
    {
      "url": "https://www.jaquar.com/en/tumbler-holder-gold-matt-pvd-2",
      "reason": "fetch failed"
    },
    {
      "url": "https://www.jaquar.com/en/soap-dish-holder-gold-bright-pvd-2",
      "reason": "fetch failed"
    },
    {
      "url": "https://www.jaquar.com/en/soap-dish-holder-gold-matt-pvd-2",
      "reason": "fetch failed"
    },
    {
      "url": "https://www.jaquar.com/en/towel-ring-square-gold-bright-pvd",
      "reason": "fetch failed"
    },
    {
      "url": "https://www.jaquar.com/en/towel-ring-square-gold-matt-pvd",
      "reason": "fetch failed"
    },
    {
      "url": "https://www.jaquar.com/en/single-towel-rail-gold-bright-pvd",
      "reason": "fetch failed"
    },
    {
      "url": "https://www.jaquar.com/en/single-towel-rail-gold-matt-pvd",
      "reason": "fetch failed"
    },
    {
      "url": "https://www.jaquar.com/en/towel-rack-600mm-long-gold-bright-pvd",
      "reason": "fetch failed"
    },
    {
      "url": "https://www.jaquar.com/en/towel-rack-600mm-long-gold-matt-pvd",
      "reason": "fetch failed"
    },
    {
      "url": "https://www.jaquar.com/en/glass-shelf-600mm-long-gold-bright-pvd",
      "reason": "fetch failed"
    },
    {
      "url": "https://www.jaquar.com/en/glass-shelf-600mm-long-gold-matt-pvd",
      "reason": "fetch failed"
    },
    {
      "url": "https://www.jaquar.com/en/double-coat-hook-gold-matt-pvd",
      "reason": "fetch failed"
    },
    {
      "url": "https://www.jaquar.com/en/double-coat-hook-gold-bright-pvd",
      "reason": "fetch failed"
    },
    {
      "url": "https://www.jaquar.com/en/toilet-roll-holder-with-flap-gold-matt-pvd",
      "reason": "fetch failed"
    },
    {
      "url": "https://www.jaquar.com/en/toilet-roll-holder-with-flap-gold-bright-pvd",
      "reason": "fetch failed"
    },
    {
      "url": "https://www.jaquar.com/en/tumbler-holder-gold-matt-pvd",
      "reason": "fetch failed"
    },
    {
      "url": "https://www.jaquar.com/en/tumbler-holder-gold-bright-pvd",
      "reason": "fetch failed"
    },
    {
      "url": "https://www.jaquar.com/en/soap-dish-holder-gold-bright-pvd",
      "reason": "fetch failed"
    },
    {
      "url": "https://www.jaquar.com/en/soap-dish-holder-gold-matt-pvd",
      "reason": "fetch failed"
    },
    {
      "url": "https://www.jaquar.com/en/towel-ring-round-with-round-flange-gold-bright-pvd",
      "reason": "fetch failed"
    },
    {
      "url": "https://www.jaquar.com/en/towel-ring-round-with-round-flange-gold-matt-pvd",
      "reason": "fetch failed"
    },
    {
      "url": "https://www.jaquar.com/en/single-towel-rail-600mm-long-gold-bright-pvd",
      "reason": "fetch failed"
    },
    {
      "url": "https://www.jaquar.com/en/single-towel-rail-600mm-long-gold-matt",
      "reason": "fetch failed"
    },
    {
      "url": "https://www.jaquar.com/en/hand-shower-%C3%B8105mm-round-shape-chrome",
      "reason": "fetch failed"
    },
    {
      "url": "https://www.jaquar.com/en/hand-shower-ø105mm-round-shape-chrome",
      "reason": "fetch failed"
    },
    {
      "url": "https://www.jaquar.com/en/exposed-part-kit-of-concealed-flush-cock",
      "reason": "fetch failed"
    },
    {
      "url": "https://www.jaquar.com/en/overhead-shower-round-shape-copy",
      "reason": "fetch failed"
    },
    {
      "url": "https://www.jaquar.com/en/aquamax-exposed-part-kit-of-thermostatic-shower-mixer-with-3-way-diverter-gold-bright-pvd-2",
      "reason": "fetch failed"
    },
    {
      "url": "https://www.jaquar.com/en/exposed-wall-mixer-stainless-steel-2",
      "reason": "fetch failed"
    },
    {
      "url": "https://www.jaquar.com/en/exposed-wall-mixer-graphite-2",
      "reason": "fetch failed"
    },
    {
      "url": "https://www.jaquar.com/en/exposed-wall-mixer-black-matt-2",
      "reason": "fetch failed"
    },
    {
      "url": "https://www.jaquar.com/en/exposed-wall-mixer-black-chrome-2",
      "reason": "fetch failed"
    },
    {
      "url": "https://www.jaquar.com/en/exposed-wall-mixer-antique-copper-2",
      "reason": "fetch failed"
    },
    {
      "url": "https://www.jaquar.com/en/exposed-wall-mixer-antique-bronze-2",
      "reason": "fetch failed"
    },
    {
      "url": "https://www.jaquar.com/en/exposed-wall-mixer-chrome-2",
      "reason": "fetch failed"
    },
    {
      "url": "https://www.jaquar.com/en/solo-bowl-with-cistern-for-coupled-wc",
      "reason": "fetch failed"
    },
    {
      "url": "https://www.jaquar.com/en/floor-mounted-single-lever-basin-mixer-2",
      "reason": "fetch failed"
    },
    {
      "url": "https://www.jaquar.com/en/floor-mounted-single-lever-basin-mixer-gold-matt-pvd",
      "reason": "fetch failed"
    },
    {
      "url": "https://www.jaquar.com/en/floor-mounted-single-lever-basin-mixer-gold-bright-pvd",
      "reason": "fetch failed"
    },
    {
      "url": "https://www.jaquar.com/en/floor-mounted-single-lever-basin-mixer-lever-gold-matt-pvd-body-black-matt",
      "reason": "fetch failed"
    },
    {
      "url": "https://www.jaquar.com/en/floor-mounted-single-lever-basin-mixer-black-matt",
      "reason": "fetch failed"
    },
    {
      "url": "https://www.jaquar.com/en/floor-mounted-single-lever-basin-mixer-chrome",
      "reason": "fetch failed"
    },
    {
      "url": "https://www.jaquar.com/en/floor-mounted-single-lever-basin-mixer-lever-black-chrome-body-black-matt",
      "reason": "fetch failed"
    },
    {
      "url": "https://www.jaquar.com/en/floor-mounted-single-lever-basin-mixer-black-chrome",
      "reason": "fetch failed"
    },
    {
      "url": "https://www.jaquar.com/en/commercial-sanitaryware-urinal",
      "reason": "fetch failed"
    },
    {
      "url": "https://www.jaquar.com/en/wall-hung-wc-13",
      "reason": "fetch failed"
    },
    {
      "url": "https://www.jaquar.com/en/single-lever-1-hole-bidet-mixer-lever-gold-bright-pvd-body-gold-matt-pvd",
      "reason": "fetch failed"
    },
    {
      "url": "https://www.jaquar.com/en/single-lever-1-hole-bidet-mixer-lever-black-chrome-body-black-matt",
      "reason": "fetch failed"
    },
    {
      "url": "https://www.jaquar.com/en/single-lever-1-hole-bidet-mixer-lever-gold-matt-pvd-body-black-matt",
      "reason": "fetch failed"
    },
    {
      "url": "https://www.jaquar.com/en/single-lever-1-hole-bidet-mixer-gold-bright-pvd",
      "reason": "fetch failed"
    },
    {
      "url": "https://www.jaquar.com/en/single-lever-1-hole-bidet-mixer-gold-matt-pvd",
      "reason": "fetch failed"
    },
    {
      "url": "https://www.jaquar.com/en/single-lever-1-hole-bidet-mixer-black-matt-3",
      "reason": "fetch failed"
    },
    {
      "url": "https://www.jaquar.com/en/single-lever-1-hole-bidet-mixer-black-chrome-3",
      "reason": "fetch failed"
    },
    {
      "url": "https://www.jaquar.com/en/single-lever-tall-boy-lever-gold-bright-pvd-body-gold-matt-pvd-2",
      "reason": "fetch failed"
    },
    {
      "url": "https://www.jaquar.com/en/single-lever-tall-boy-lever-gold-matt-pvd-body-black-matt-2",
      "reason": "fetch failed"
    },
    {
      "url": "https://www.jaquar.com/en/single-lever-tall-boy-gold-bright-pvd-3",
      "reason": "fetch failed"
    },
    {
      "url": "https://www.jaquar.com/en/single-lever-tall-boy-gold-matt-pvd-3",
      "reason": "fetch failed"
    },
    {
      "url": "https://www.jaquar.com/en/single-lever-tall-boy-black-matt-6",
      "reason": "fetch failed"
    },
    {
      "url": "https://www.jaquar.com/en/single-lever-tall-boy-black-chrome-6",
      "reason": "fetch failed"
    },
    {
      "url": "https://www.jaquar.com/en/single-lever-extended-basin-mixer-lever-gold-bright-pvd-body-gold-matt-pvd-2",
      "reason": "fetch failed"
    },
    {
      "url": "https://www.jaquar.com/en/single-lever-extended-basin-mixer-lever-black-chrome-body-black-matt-2",
      "reason": "fetch failed"
    },
    {
      "url": "https://www.jaquar.com/en/single-lever-extended-basin-mixer-lever-gold-matt-pvd-body-black-matt-2",
      "reason": "fetch failed"
    },
    {
      "url": "https://www.jaquar.com/en/single-lever-extended-basin-mixer-gold-bright-pvd-2",
      "reason": "fetch failed"
    },
    {
      "url": "https://www.jaquar.com/en/single-lever-extended-basin-mixer-gold-matt-pvd-2",
      "reason": "fetch failed"
    },
    {
      "url": "https://www.jaquar.com/en/single-lever-extended-basin-mixer-black-matt-2",
      "reason": "fetch failed"
    },
    {
      "url": "https://www.jaquar.com/en/single-lever-extended-basin-mixer-black-chrome-2",
      "reason": "fetch failed"
    },
    {
      "url": "https://www.jaquar.com/en/single-lever-basin-mixer-lever-gold-bright-pvd-body-gold-matt-pvd-2",
      "reason": "fetch failed"
    },
    {
      "url": "https://www.jaquar.com/en/single-lever-basin-mixer-lever-black-chrome-body-black-matt-2",
      "reason": "fetch failed"
    },
    {
      "url": "https://www.jaquar.com/en/single-lever-basin-mixer-lever-gold-matt-pvd-body-black-matt-2",
      "reason": "fetch failed"
    },
    {
      "url": "https://www.jaquar.com/en/control-plate-laguna-gold-matt-pvd-2",
      "reason": "fetch failed"
    },
    {
      "url": "https://www.jaquar.com/en/control-plate-laguna-gold-bright-pvd-2",
      "reason": "fetch failed"
    },
    {
      "url": "https://www.jaquar.com/en/single-lever-basin-mixer-gold-bright-pvd-4",
      "reason": "fetch failed"
    },
    {
      "url": "https://www.jaquar.com/en/single-lever-basin-mixer-gold-matt-pvd-4",
      "reason": "fetch failed"
    },
    {
      "url": "https://www.jaquar.com/en/single-lever-basin-mixer-black-matt-11",
      "reason": "fetch failed"
    },
    {
      "url": "https://www.jaquar.com/en/single-lever-basin-mixer-black-chrome-12",
      "reason": "fetch failed"
    },
    {
      "url": "https://www.jaquar.com/en/control-plate-laguna-black-matt-2",
      "reason": "fetch failed"
    },
    {
      "url": "https://www.jaquar.com/en/control-plate-laguna-black-chrome-2",
      "reason": "fetch failed"
    },
    {
      "url": "https://www.jaquar.com/en/control-plate-laguna-chrome-2",
      "reason": "fetch failed"
    },
    {
      "url": "https://www.jaquar.com/en/bowl-with-cistern",
      "reason": "fetch failed"
    },
    {
      "url": "https://www.jaquar.com/en/single-lever-1-hole-bidet-mixer-chrome-3",
      "reason": "fetch failed"
    },
    {
      "url": "https://www.jaquar.com/en/single-lever-tall-boy-chrome-7",
      "reason": "fetch failed"
    },
    {
      "url": "https://www.jaquar.com/en/single-lever-extended-basin-mixer-chrome-2",
      "reason": "fetch failed"
    },
    {
      "url": "https://www.jaquar.com/en/single-lever-basin-mixer-chrome-10",
      "reason": "fetch failed"
    },
    {
      "url": "https://www.jaquar.com/en/laguna-1700mm-built-in-bathtub-with-frame",
      "reason": "fetch failed"
    },
    {
      "url": "https://www.jaquar.com/en/laguna-built-in-bathtub-1700mm",
      "reason": "fetch failed"
    },
    {
      "url": "https://www.jaquar.com/en/laguna-1800mm-built-in-bathtub-with-frame",
      "reason": "fetch failed"
    },
    {
      "url": "https://www.jaquar.com/en/laguna-1800mm-built-in-bathtub",
      "reason": "fetch failed"
    },
    {
      "url": "https://www.jaquar.com/en/laguna-water-system",
      "reason": "fetch failed"
    },
    {
      "url": "https://www.jaquar.com/en/laguna-combi-system",
      "reason": "fetch failed"
    },
    {
      "url": "https://www.jaquar.com/en/jwp-wht-laguna170wx",
      "reason": "fetch failed"
    },
    {
      "url": "https://www.jaquar.com/en/laguna-whirlpool-and-airpool-combi-system",
      "reason": "fetch failed"
    },
    {
      "url": "https://www.jaquar.com/en/laguna-free-standing-5hole-bathtub",
      "reason": "fetch failed"
    },
    {
      "url": "https://www.jaquar.com/en/laguna-free-standing-bathtub",
      "reason": "fetch failed"
    },
    {
      "url": "https://www.jaquar.com/en/wall-hung-basin-with-full-pedestal-3",
      "reason": "fetch failed"
    },
    {
      "url": "https://www.jaquar.com/en/wall-hung-basin-with-full-pedestal-2",
      "reason": "fetch failed"
    },
    {
      "url": "https://www.jaquar.com/en/rimless-blind-installation-wall-hung-wc-5",
      "reason": "fetch failed"
    },
    {
      "url": "https://www.jaquar.com/en/wall-hung-basin-with-full-pedestal",
      "reason": "fetch failed"
    },
    {
      "url": "https://www.jaquar.com/en/tankless-wall-hung-wc-3",
      "reason": "fetch failed"
    },
    {
      "url": "https://www.jaquar.com/en/wall-hung-wc-12",
      "reason": "fetch failed"
    },
    {
      "url": "https://www.jaquar.com/en/wall-hung-basin-7",
      "reason": "fetch failed"
    },
    {
      "url": "https://www.jaquar.com/en/dis-wht-93955p180uf",
      "reason": "fetch failed"
    },
    {
      "url": "https://www.jaquar.com/en/package-1-exclusive",
      "reason": "fetch failed"
    },
    {
      "url": "https://www.jaquar.com/en/package-1-luxury",
      "reason": "fetch failed"
    },
    {
      "url": "https://www.jaquar.com/en/package-1-premium",
      "reason": "fetch failed"
    },
    {
      "url": "https://www.jaquar.com/en/package-1-regular",
      "reason": "fetch failed"
    },
    {
      "url": "https://www.jaquar.com/en/shower-enclosure-economy",
      "reason": "fetch failed"
    },
    {
      "url": "https://www.jaquar.com/en/opal-integrated-wash-basin",
      "reason": "fetch failed"
    },
    {
      "url": "https://www.jaquar.com/en/kubix-integrated-washbasin",
      "reason": "fetch failed"
    },
    {
      "url": "https://www.jaquar.com/en/rimless-bowl-with-cistern-3",
      "reason": "fetch failed"
    },
    {
      "url": "https://www.jaquar.com/en/wall-hung-bidet-blind-installation",
      "reason": "fetch failed"
    },
    {
      "url": "https://www.jaquar.com/en/aria-wallhung-bidet",
      "reason": "fetch failed"
    },
    {
      "url": "https://www.jaquar.com/en/shower-arm-stainless-steel-11",
      "reason": "fetch failed"
    },
    {
      "url": "https://www.jaquar.com/en/shower-arm-graphite-11",
      "reason": "fetch failed"
    },
    {
      "url": "https://www.jaquar.com/en/shower-arm-black-matt-10",
      "reason": "fetch failed"
    },
    {
      "url": "https://www.jaquar.com/en/shower-arm-black-chrome-10",
      "reason": "fetch failed"
    },
    {
      "url": "https://www.jaquar.com/en/shower-arm-antique-copper-10",
      "reason": "fetch failed"
    },
    {
      "url": "https://www.jaquar.com/en/shower-arm-antique-bronze-9",
      "reason": "fetch failed"
    },
    {
      "url": "https://www.jaquar.com/en/shower-arm-stainless-steel-10",
      "reason": "fetch failed"
    },
    {
      "url": "https://www.jaquar.com/en/shower-arm-graphite-10",
      "reason": "fetch failed"
    },
    {
      "url": "https://www.jaquar.com/en/shower-arm-black-matt-9",
      "reason": "fetch failed"
    },
    {
      "url": "https://www.jaquar.com/en/shower-arm-black-chrome-9",
      "reason": "fetch failed"
    },
    {
      "url": "https://www.jaquar.com/en/shower-arm-antique-copper-9",
      "reason": "fetch failed"
    },
    {
      "url": "https://www.jaquar.com/en/shower-arm-antique-bronze-8",
      "reason": "fetch failed"
    },
    {
      "url": "https://www.jaquar.com/en/shower-arm-stainless-steel-9",
      "reason": "fetch failed"
    },
    {
      "url": "https://www.jaquar.com/en/shower-arm-graphite-9",
      "reason": "fetch failed"
    },
    {
      "url": "https://www.jaquar.com/en/shower-arm-black-matt-8",
      "reason": "fetch failed"
    },
    {
      "url": "https://www.jaquar.com/en/shower-arm-black-chrome-8",
      "reason": "fetch failed"
    },
    {
      "url": "https://www.jaquar.com/en/shower-arm-antique-copper-8",
      "reason": "fetch failed"
    },
    {
      "url": "https://www.jaquar.com/en/shower-arm-antique-bronze-7",
      "reason": "fetch failed"
    },
    {
      "url": "https://www.jaquar.com/en/shower-arm-chrome-12",
      "reason": "fetch failed"
    },
    {
      "url": "https://www.jaquar.com/en/shower-arm-stainless-steel-8",
      "reason": "fetch failed"
    },
    {
      "url": "https://www.jaquar.com/en/shower-arm-graphite-8",
      "reason": "fetch failed"
    },
    {
      "url": "https://www.jaquar.com/en/shower-arm-black-matt-7",
      "reason": "fetch failed"
    },
    {
      "url": "https://www.jaquar.com/en/shower-arm-black-chrome-7",
      "reason": "fetch failed"
    },
    {
      "url": "https://www.jaquar.com/en/shower-arm-antique-copper-7",
      "reason": "fetch failed"
    },
    {
      "url": "https://www.jaquar.com/en/shower-arm-chrome-11",
      "reason": "fetch failed"
    },
    {
      "url": "https://www.jaquar.com/en/sink-mixer-1-hole-stainless-steel",
      "reason": "fetch failed"
    },
    {
      "url": "https://www.jaquar.com/en/sink-mixer-1-hole-graphite",
      "reason": "fetch failed"
    },
    {
      "url": "https://www.jaquar.com/en/sink-mixer-1-hole-black-matt",
      "reason": "fetch failed"
    },
    {
      "url": "https://www.jaquar.com/en/sink-mixer-1-hole-black-chrome",
      "reason": "fetch failed"
    },
    {
      "url": "https://www.jaquar.com/en/sink-mixer-1-hole-antique-copper",
      "reason": "fetch failed"
    },
    {
      "url": "https://www.jaquar.com/en/sink-mixer-1-hole-antique-bronze",
      "reason": "fetch failed"
    },
    {
      "url": "https://www.jaquar.com/en/wall-mixer-3-in-1-system-stainless-steel-3",
      "reason": "fetch failed"
    },
    {
      "url": "https://www.jaquar.com/en/wall-mixer-3-in-1-system-graphite-3",
      "reason": "fetch failed"
    },
    {
      "url": "https://www.jaquar.com/en/wall-mixer-3-in-1-system-black-matt-3",
      "reason": "fetch failed"
    },
    {
      "url": "https://www.jaquar.com/en/wall-mixer-3-in-1-system-black-chrome-3",
      "reason": "fetch failed"
    },
    {
      "url": "https://www.jaquar.com/en/wall-mixer-3-in-1-system-antique-copper-3",
      "reason": "fetch failed"
    },
    {
      "url": "https://www.jaquar.com/en/wall-mixer-3-in-1-system-antique-bronze-3",
      "reason": "fetch failed"
    },
    {
      "url": "https://www.jaquar.com/en/shower-arm-chrome-10",
      "reason": "fetch failed"
    },
    {
      "url": "https://www.jaquar.com/en/shower-arm-chrome-9",
      "reason": "fetch failed"
    },
    {
      "url": "https://www.jaquar.com/en/shower-arm-chrome-8",
      "reason": "fetch failed"
    },
    {
      "url": "https://www.jaquar.com/en/sink-mixer-1-hole-chrome",
      "reason": "fetch failed"
    },
    {
      "url": "https://www.jaquar.com/en/wall-mixer-3-in-1-system-chrome-3",
      "reason": "fetch failed"
    },
    {
      "url": "https://www.jaquar.com/en/alive-maze-overhead-shower-stainless-steel",
      "reason": "fetch failed"
    },
    {
      "url": "https://www.jaquar.com/en/alive-maze-overhead-shower-graphite",
      "reason": "fetch failed"
    },
    {
      "url": "https://www.jaquar.com/en/alive-maze-overhead-shower-black-matt",
      "reason": "fetch failed"
    },
    {
      "url": "https://www.jaquar.com/en/alive-maze-overhead-shower-black-chrome",
      "reason": "fetch failed"
    },
    {
      "url": "https://www.jaquar.com/en/alive-maze-overhead-shower-antique-copper",
      "reason": "fetch failed"
    },
    {
      "url": "https://www.jaquar.com/en/alive-maze-overhead-shower-antique-bronze",
      "reason": "fetch failed"
    },
    {
      "url": "https://www.jaquar.com/en/alive-maze-prime-stainless-steel",
      "reason": "fetch failed"
    },
    {
      "url": "https://www.jaquar.com/en/alive-maze-prime-graphite",
      "reason": "fetch failed"
    },
    {
      "url": "https://www.jaquar.com/en/alive-maze-prime-black-matt",
      "reason": "fetch failed"
    },
    {
      "url": "https://www.jaquar.com/en/alive-maze-prime-black-chrome",
      "reason": "fetch failed"
    },
    {
      "url": "https://www.jaquar.com/en/alive-maze-prime-antique-copper",
      "reason": "fetch failed"
    },
    {
      "url": "https://www.jaquar.com/en/alive-maze-prime-antique-bronze",
      "reason": "fetch failed"
    },
    {
      "url": "https://www.jaquar.com/en/victorian-shower-head-round-stainless-steel",
      "reason": "fetch failed"
    },
    {
      "url": "https://www.jaquar.com/en/victorian-shower-head-round-graphite",
      "reason": "fetch failed"
    },
    {
      "url": "https://www.jaquar.com/en/victorian-shower-head-round-black-matt",
      "reason": "fetch failed"
    },
    {
      "url": "https://www.jaquar.com/en/victorian-shower-head-round-black-chrome",
      "reason": "fetch failed"
    },
    {
      "url": "https://www.jaquar.com/en/victorian-shower-head-round-antique-copper",
      "reason": "fetch failed"
    },
    {
      "url": "https://www.jaquar.com/en/victorian-shower-head-round-antique-bronze",
      "reason": "fetch failed"
    },
    {
      "url": "https://www.jaquar.com/en/maze-prime-square-shape-graphite",
      "reason": "fetch failed"
    },
    {
      "url": "https://www.jaquar.com/en/maze-prime-square-shape-stainless-steel",
      "reason": "fetch failed"
    },
    {
      "url": "https://www.jaquar.com/en/maze-prime-square-shape-black-matt",
      "reason": "fetch failed"
    },
    {
      "url": "https://www.jaquar.com/en/maze-prime-square-shape-black-chrome",
      "reason": "fetch failed"
    },
    {
      "url": "https://www.jaquar.com/en/maze-prime-square-shape-antique-copper",
      "reason": "fetch failed"
    },
    {
      "url": "https://www.jaquar.com/en/maze-prime-square-shape-antique-bronze",
      "reason": "fetch failed"
    },
    {
      "url": "https://www.jaquar.com/en/maze-prime-round-shape-single-function-shower-stainless-steel",
      "reason": "fetch failed"
    },
    {
      "url": "https://www.jaquar.com/en/maze-prime-round-shape-single-function-shower-graphite",
      "reason": "fetch failed"
    },
    {
      "url": "https://www.jaquar.com/en/maze-prime-round-shape-single-function-shower-black-matt",
      "reason": "fetch failed"
    },
    {
      "url": "https://www.jaquar.com/en/maze-prime-round-shape-single-function-shower-black-chrome",
      "reason": "fetch failed"
    },
    {
      "url": "https://www.jaquar.com/en/maze-prime-round-shape-single-function-shower-antique-copper",
      "reason": "fetch failed"
    },
    {
      "url": "https://www.jaquar.com/en/maze-prime-round-shape-single-function-shower-antique-bronze",
      "reason": "fetch failed"
    },
    {
      "url": "https://www.jaquar.com/en/water-fall-overhead-shower-stainless-steel",
      "reason": "fetch failed"
    },
    {
      "url": "https://www.jaquar.com/en/water-fall-overhead-shower-graphite",
      "reason": "fetch failed"
    },
    {
      "url": "https://www.jaquar.com/en/water-fall-overhead-shower-black-matt",
      "reason": "fetch failed"
    },
    {
      "url": "https://www.jaquar.com/en/water-fall-overhead-shower-black-chrome",
      "reason": "fetch failed"
    },
    {
      "url": "https://www.jaquar.com/en/water-fall-overhead-shower-antique-copper",
      "reason": "fetch failed"
    },
    {
      "url": "https://www.jaquar.com/en/victorian-shower-head-round-chrome-2",
      "reason": "fetch failed"
    },
    {
      "url": "https://www.jaquar.com/en/maze-prime-square-shape-chrome-2",
      "reason": "fetch failed"
    },
    {
      "url": "https://www.jaquar.com/en/maze-prime-round-shape-single-function-shower-chrome-3",
      "reason": "fetch failed"
    },
    {
      "url": "https://www.jaquar.com/en/alive-maze-overhead-shower-chrome",
      "reason": "fetch failed"
    },
    {
      "url": "https://www.jaquar.com/en/alive-maze-prime-chrome",
      "reason": "fetch failed"
    },
    {
      "url": "https://www.jaquar.com/en/water-fall-overhead-shower-chrome",
      "reason": "fetch failed"
    },
    {
      "url": "https://www.jaquar.com/en/square-shape-single-flow-maze-overhead-shower-stainless-steel-3",
      "reason": "fetch failed"
    },
    {
      "url": "https://www.jaquar.com/en/square-shape-single-flow-maze-overhead-shower-graphite-3",
      "reason": "fetch failed"
    },
    {
      "url": "https://www.jaquar.com/en/square-shape-single-flow-maze-overhead-shower-black-matt-3",
      "reason": "fetch failed"
    },
    {
      "url": "https://www.jaquar.com/en/square-shape-single-flow-maze-overhead-shower-black-chrome-3",
      "reason": "fetch failed"
    },
    {
      "url": "https://www.jaquar.com/en/square-shape-single-flow-maze-overhead-shower-antique-copper-4",
      "reason": "fetch failed"
    },
    {
      "url": "https://www.jaquar.com/en/square-shape-single-flow-maze-overhead-shower-antique-bronze-3",
      "reason": "fetch failed"
    },
    {
      "url": "https://www.jaquar.com/en/maze-overhead-shower-stainless-steel-2",
      "reason": "fetch failed"
    },
    {
      "url": "https://www.jaquar.com/en/maze-overhead-shower-graphite-2",
      "reason": "fetch failed"
    },
    {
      "url": "https://www.jaquar.com/en/maze-overhead-shower-black-matt-2",
      "reason": "fetch failed"
    },
    {
      "url": "https://www.jaquar.com/en/maze-overhead-shower-black-chrome-2",
      "reason": "fetch failed"
    },
    {
      "url": "https://www.jaquar.com/en/maze-overhead-shower-antique-copper-2",
      "reason": "fetch failed"
    },
    {
      "url": "https://www.jaquar.com/en/maze-overhead-shower-antique-bronze-2",
      "reason": "fetch failed"
    },
    {
      "url": "https://www.jaquar.com/en/maze-overhead-shower-340x220mm-oval-shape-single-flow-stainless-steel",
      "reason": "fetch failed"
    },
    {
      "url": "https://www.jaquar.com/en/maze-overhead-shower-340x220mm-oval-shape-single-flow-graphite",
      "reason": "fetch failed"
    },
    {
      "url": "https://www.jaquar.com/en/maze-overhead-shower-340x220mm-oval-shape-single-flow-black-matt",
      "reason": "fetch failed"
    },
    {
      "url": "https://www.jaquar.com/en/maze-overhead-shower-340x220mm-oval-shape-single-flow-black-chrome",
      "reason": "fetch failed"
    },
    {
      "url": "https://www.jaquar.com/en/maze-overhead-shower-340x220mm-oval-shape-single-flow-antique-copper",
      "reason": "fetch failed"
    },
    {
      "url": "https://www.jaquar.com/en/maze-overhead-shower-340x220mm-oval-shape-single-flow-antique-bronze",
      "reason": "fetch failed"
    },
    {
      "url": "https://www.jaquar.com/en/round-shapemaze-overhead-shower-stainless-steel",
      "reason": "fetch failed"
    },
    {
      "url": "https://www.jaquar.com/en/round-shapemaze-overhead-shower-graphite",
      "reason": "fetch failed"
    },
    {
      "url": "https://www.jaquar.com/en/round-shapemaze-overhead-shower-black-matt",
      "reason": "fetch failed"
    },
    {
      "url": "https://www.jaquar.com/en/round-shapemaze-overhead-shower-black-chrome",
      "reason": "fetch failed"
    },
    {
      "url": "https://www.jaquar.com/en/round-shapemaze-overhead-shower-antique-copper",
      "reason": "fetch failed"
    },
    {
      "url": "https://www.jaquar.com/en/round-shapemaze-overhead-shower-antique-bronze",
      "reason": "fetch failed"
    },
    {
      "url": "https://www.jaquar.com/en/square-shape-single-flow-maze-overhead-shower-stainless-steel-2",
      "reason": "fetch failed"
    },
    {
      "url": "https://www.jaquar.com/en/square-shape-single-flow-maze-overhead-shower-graphite-2",
      "reason": "fetch failed"
    },
    {
      "url": "https://www.jaquar.com/en/square-shape-single-flow-maze-overhead-shower-black-matt-2",
      "reason": "fetch failed"
    },
    {
      "url": "https://www.jaquar.com/en/square-shape-single-flow-maze-overhead-shower-black-chrome-2",
      "reason": "fetch failed"
    },
    {
      "url": "https://www.jaquar.com/en/square-shape-single-flow-maze-overhead-shower-antique-copper-3",
      "reason": "fetch failed"
    },
    {
      "url": "https://www.jaquar.com/en/square-shape-single-flow-maze-overhead-shower-antique-bronze-2",
      "reason": "fetch failed"
    },
    {
      "url": "https://www.jaquar.com/en/round-shape-single-flow-maze-overhead-shower-stainless-steel-2",
      "reason": "fetch failed"
    },
    {
      "url": "https://www.jaquar.com/en/round-shape-single-flow-maze-overhead-shower-graphite-2",
      "reason": "fetch failed"
    },
    {
      "url": "https://www.jaquar.com/en/round-shape-single-flow-maze-overhead-shower-black-matt-2",
      "reason": "fetch failed"
    },
    {
      "url": "https://www.jaquar.com/en/round-shape-single-flow-maze-overhead-shower-black-chrome-2",
      "reason": "fetch failed"
    },
    {
      "url": "https://www.jaquar.com/en/round-shape-single-flow-maze-overhead-shower-antique-copper-2",
      "reason": "fetch failed"
    },
    {
      "url": "https://www.jaquar.com/en/round-shape-single-flow-maze-overhead-shower-antique-bronze-2",
      "reason": "fetch failed"
    },
    {
      "url": "https://www.jaquar.com/en/square-shape-maze-overhead-shower-stainless-steel",
      "reason": "fetch failed"
    },
    {
      "url": "https://www.jaquar.com/en/square-shape-maze-overhead-shower-graphite",
      "reason": "fetch failed"
    },
    {
      "url": "https://www.jaquar.com/en/square-shape-maze-overhead-shower-black-matt",
      "reason": "fetch failed"
    },
    {
      "url": "https://www.jaquar.com/en/square-shape-maze-overhead-shower-black-chrome",
      "reason": "fetch failed"
    },
    {
      "url": "https://www.jaquar.com/en/square-shape-maze-overhead-shower-antique-copper",
      "reason": "fetch failed"
    },
    {
      "url": "https://www.jaquar.com/en/square-shape-maze-overhead-shower-antique-bronze",
      "reason": "fetch failed"
    },
    {
      "url": "https://www.jaquar.com/en/maze-overhead-shower-stainless-steel",
      "reason": "fetch failed"
    },
    {
      "url": "https://www.jaquar.com/en/maze-overhead-shower-graphite",
      "reason": "fetch failed"
    },
    {
      "url": "https://www.jaquar.com/en/maze-overhead-shower-black-matt",
      "reason": "fetch failed"
    },
    {
      "url": "https://www.jaquar.com/en/maze-overhead-shower-black-chrome",
      "reason": "fetch failed"
    },
    {
      "url": "https://www.jaquar.com/en/maze-overhead-shower-antique-copper",
      "reason": "fetch failed"
    },
    {
      "url": "https://www.jaquar.com/en/maze-overhead-shower-antique-bronze",
      "reason": "fetch failed"
    },
    {
      "url": "https://www.jaquar.com/en/square-shape-single-flow-maze-overhead-shower-stainless-steel",
      "reason": "fetch failed"
    },
    {
      "url": "https://www.jaquar.com/en/square-shape-single-flow-maze-overhead-shower-graphite",
      "reason": "fetch failed"
    },
    {
      "url": "https://www.jaquar.com/en/square-shape-single-flow-maze-overhead-shower-black-matt",
      "reason": "fetch failed"
    },
    {
      "url": "https://www.jaquar.com/en/square-shape-single-flow-maze-overhead-shower-black-chrome",
      "reason": "fetch failed"
    },
    {
      "url": "https://www.jaquar.com/en/square-shape-single-flow-maze-overhead-shower-antique-copper",
      "reason": "fetch failed"
    },
    {
      "url": "https://www.jaquar.com/en/square-shape-single-flow-maze-overhead-shower-antique-bronze",
      "reason": "fetch failed"
    },
    {
      "url": "https://www.jaquar.com/en/round-shape-single-flow-maze-overhead-shower-stainless-steel",
      "reason": "fetch failed"
    },
    {
      "url": "https://www.jaquar.com/en/round-shape-single-flow-maze-overhead-shower-graphite",
      "reason": "fetch failed"
    },
    {
      "url": "https://www.jaquar.com/en/round-shape-single-flow-maze-overhead-shower-black-matt",
      "reason": "fetch failed"
    },
    {
      "url": "https://www.jaquar.com/en/round-shape-single-flow-maze-overhead-shower-black-chrome",
      "reason": "fetch failed"
    },
    {
      "url": "https://www.jaquar.com/en/round-shape-single-flow-maze-overhead-shower-antique-copper",
      "reason": "fetch failed"
    },
    {
      "url": "https://www.jaquar.com/en/round-shape-single-flow-maze-overhead-shower-antique-bronze",
      "reason": "fetch failed"
    },
    {
      "url": "https://www.jaquar.com/en/square-shape-single-flow-maze-overhead-shower-chrome-3",
      "reason": "fetch failed"
    },
    {
      "url": "https://www.jaquar.com/en/maze-overhead-shower-chrome-2",
      "reason": "fetch failed"
    },
    {
      "url": "https://www.jaquar.com/en/maze-overhead-shower-340x220mm-oval-shape-single-flow-chrome",
      "reason": "fetch failed"
    },
    {
      "url": "https://www.jaquar.com/en/round-shapemaze-overhead-shower-chrome",
      "reason": "fetch failed"
    },
    {
      "url": "https://www.jaquar.com/en/square-shape-single-flow-maze-overhead-shower-chrome-2",
      "reason": "fetch failed"
    },
    {
      "url": "https://www.jaquar.com/en/round-shape-single-flow-maze-overhead-shower-chrome-2",
      "reason": "fetch failed"
    },
    {
      "url": "https://www.jaquar.com/en/square-shape-maze-overhead-shower-chrome",
      "reason": "fetch failed"
    },
    {
      "url": "https://www.jaquar.com/en/maze-overhead-shower-chrome",
      "reason": "fetch failed"
    },
    {
      "url": "https://www.jaquar.com/en/square-shape-single-flow-maze-overhead-shower-chrome",
      "reason": "fetch failed"
    },
    {
      "url": "https://www.jaquar.com/en/round-shape-single-flow-maze-overhead-shower-chrome",
      "reason": "fetch failed"
    },
    {
      "url": "https://www.jaquar.com/en/sink-mixer-stainless-steel",
      "reason": "fetch failed"
    },
    {
      "url": "https://www.jaquar.com/en/sink-mixer-graphite",
      "reason": "fetch failed"
    },
    {
      "url": "https://www.jaquar.com/en/sink-mixer-black-matt",
      "reason": "fetch failed"
    },
    {
      "url": "https://www.jaquar.com/en/sink-mixer-black-chrome",
      "reason": "fetch failed"
    },
    {
      "url": "https://www.jaquar.com/en/sink-mixer-antique-copper",
      "reason": "fetch failed"
    },
    {
      "url": "https://www.jaquar.com/en/sink-mixer-antique-bronze",
      "reason": "fetch failed"
    },
    {
      "url": "https://www.jaquar.com/en/4-hole-bath-tub-mixer-stainless-steel",
      "reason": "fetch failed"
    },
    {
      "url": "https://www.jaquar.com/en/4-hole-bath-tub-mixer-graphite",
      "reason": "fetch failed"
    },
    {
      "url": "https://www.jaquar.com/en/4-hole-bath-tub-mixer-black-matt",
      "reason": "fetch failed"
    },
    {
      "url": "https://www.jaquar.com/en/4-hole-bath-tub-mixer-black-chrome",
      "reason": "fetch failed"
    },
    {
      "url": "https://www.jaquar.com/en/4-hole-bath-tub-mixer-antique-copper",
      "reason": "fetch failed"
    },
    {
      "url": "https://www.jaquar.com/en/4-hole-bath-tub-mixer-antique-bronze",
      "reason": "fetch failed"
    },
    {
      "url": "https://www.jaquar.com/en/control-plate-alive-stainless-steel",
      "reason": "fetch failed"
    },
    {
      "url": "https://www.jaquar.com/en/control-plate-alive-graphite",
      "reason": "fetch failed"
    },
    {
      "url": "https://www.jaquar.com/en/control-plate-alive-black-matt",
      "reason": "fetch failed"
    },
    {
      "url": "https://www.jaquar.com/en/control-plate-alive-black-chrome",
      "reason": "fetch failed"
    },
    {
      "url": "https://www.jaquar.com/en/control-plate-alive-antique-copper",
      "reason": "fetch failed"
    },
    {
      "url": "https://www.jaquar.com/en/control-plate-alive-antique-bronze",
      "reason": "fetch failed"
    },
    {
      "url": "https://www.jaquar.com/en/control-plate-vignette-prime-stainless-steel",
      "reason": "fetch failed"
    },
    {
      "url": "https://www.jaquar.com/en/control-plate-vignette-prime-graphite",
      "reason": "fetch failed"
    },
    {
      "url": "https://www.jaquar.com/en/control-plate-vignette-prime-black-matt",
      "reason": "fetch failed"
    },
    {
      "url": "https://www.jaquar.com/en/control-plate-vignette-prime-black-chrome",
      "reason": "fetch failed"
    },
    {
      "url": "https://www.jaquar.com/en/control-plate-vignette-prime-antique-copper",
      "reason": "fetch failed"
    },
    {
      "url": "https://www.jaquar.com/en/control-plate-vignette-prime-antique-bronze",
      "reason": "fetch failed"
    },
    {
      "url": "https://www.jaquar.com/en/control-plate-kubix-stainless-steel",
      "reason": "fetch failed"
    },
    {
      "url": "https://www.jaquar.com/en/control-plate-kubix-graphite",
      "reason": "fetch failed"
    },
    {
      "url": "https://www.jaquar.com/en/control-plate-kubix-black-matt",
      "reason": "fetch failed"
    },
    {
      "url": "https://www.jaquar.com/en/control-plate-kubix-black-chrome",
      "reason": "fetch failed"
    },
    {
      "url": "https://www.jaquar.com/en/control-plate-kubix-antique-copper",
      "reason": "fetch failed"
    },
    {
      "url": "https://www.jaquar.com/en/control-plate-kubix-antique-bronze",
      "reason": "fetch failed"
    },
    {
      "url": "https://www.jaquar.com/en/control-plate-opal-stainless-steel",
      "reason": "fetch failed"
    },
    {
      "url": "https://www.jaquar.com/en/control-plate-opal-graphite",
      "reason": "fetch failed"
    },
    {
      "url": "https://www.jaquar.com/en/control-plate-opal-black-matt",
      "reason": "fetch failed"
    },
    {
      "url": "https://www.jaquar.com/en/control-plate-opal-black-chrome",
      "reason": "fetch failed"
    },
    {
      "url": "https://www.jaquar.com/en/control-plate-opal-antique-copper",
      "reason": "fetch failed"
    },
    {
      "url": "https://www.jaquar.com/en/control-plate-opal-antique-bronze",
      "reason": "fetch failed"
    },
    {
      "url": "https://www.jaquar.com/en/control-plate-ornamix-prime-stainless-steel",
      "reason": "fetch failed"
    },
    {
      "url": "https://www.jaquar.com/en/control-plate-ornamix-prime-graphite",
      "reason": "fetch failed"
    },
    {
      "url": "https://www.jaquar.com/en/control-plate-ornamix-prime-black-matt",
      "reason": "fetch failed"
    },
    {
      "url": "https://www.jaquar.com/en/control-plate-ornamix-prime-black-chrome",
      "reason": "fetch failed"
    },
    {
      "url": "https://www.jaquar.com/en/control-plate-ornamix-prime-antique-copper",
      "reason": "fetch failed"
    },
    {
      "url": "https://www.jaquar.com/en/control-plate-ornamix-prime-antique-bronze",
      "reason": "fetch failed"
    },
    {
      "url": "https://www.jaquar.com/en/sink-mixer-chrome",
      "reason": "fetch failed"
    },
    {
      "url": "https://www.jaquar.com/en/4-hole-bath-tub-mixer-chrome",
      "reason": "fetch failed"
    },
    {
      "url": "https://www.jaquar.com/en/control-plate-alive-chrome",
      "reason": "fetch failed"
    },
    {
      "url": "https://www.jaquar.com/en/control-plate-kubix-chrome",
      "reason": "fetch failed"
    },
    {
      "url": "https://www.jaquar.com/en/control-plate-vignette-prime-chrome",
      "reason": "fetch failed"
    },
    {
      "url": "https://www.jaquar.com/en/control-plate-opal-chrome",
      "reason": "fetch failed"
    },
    {
      "url": "https://www.jaquar.com/en/control-plate-ornamix-prime-chrome",
      "reason": "fetch failed"
    },
    {
      "url": "https://www.jaquar.com/en/alive-maze-hand-shower-stainless-steel",
      "reason": "fetch failed"
    },
    {
      "url": "https://www.jaquar.com/en/alive-maze-hand-shower-graphite",
      "reason": "fetch failed"
    },
    {
      "url": "https://www.jaquar.com/en/alive-maze-hand-shower-black-matt",
      "reason": "fetch failed"
    },
    {
      "url": "https://www.jaquar.com/en/alive-maze-hand-shower-black-chrome",
      "reason": "fetch failed"
    },
    {
      "url": "https://www.jaquar.com/en/alive-maze-hand-shower-antique-copper",
      "reason": "fetch failed"
    },
    {
      "url": "https://www.jaquar.com/en/alive-maze-hand-shower-antique-bronze",
      "reason": "fetch failed"
    },
    {
      "url": "https://www.jaquar.com/en/hand-shower-stainless-steel",
      "reason": "fetch failed"
    },
    {
      "url": "https://www.jaquar.com/en/hand-shower-graphite",
      "reason": "fetch failed"
    },
    {
      "url": "https://www.jaquar.com/en/hand-shower-black-matt",
      "reason": "fetch failed"
    },
    {
      "url": "https://www.jaquar.com/en/hand-shower-black-chrome",
      "reason": "fetch failed"
    },
    {
      "url": "https://www.jaquar.com/en/hand-shower-antique-copper",
      "reason": "fetch failed"
    },
    {
      "url": "https://www.jaquar.com/en/hand-shower-antique-bronze",
      "reason": "fetch failed"
    },
    {
      "url": "https://www.jaquar.com/en/rectangular-shape-maze-hand-shower-stainless-steel",
      "reason": "fetch failed"
    },
    {
      "url": "https://www.jaquar.com/en/rectangular-shape-maze-hand-shower-graphite",
      "reason": "fetch failed"
    },
    {
      "url": "https://www.jaquar.com/en/rectangular-shape-maze-hand-shower-black-matt",
      "reason": "fetch failed"
    },
    {
      "url": "https://www.jaquar.com/en/rectangular-shape-maze-hand-shower-black-chrome",
      "reason": "fetch failed"
    },
    {
      "url": "https://www.jaquar.com/en/rectangular-shape-maze-hand-shower-antique-copper",
      "reason": "fetch failed"
    },
    {
      "url": "https://www.jaquar.com/en/rectangular-shape-maze-hand-shower-antique-bronze",
      "reason": "fetch failed"
    },
    {
      "url": "https://www.jaquar.com/en/square-shape-maze-hand-shower-stainless-steel",
      "reason": "fetch failed"
    },
    {
      "url": "https://www.jaquar.com/en/square-shape-maze-hand-shower-graphite",
      "reason": "fetch failed"
    },
    {
      "url": "https://www.jaquar.com/en/square-shape-maze-hand-shower-black-matt",
      "reason": "fetch failed"
    },
    {
      "url": "https://www.jaquar.com/en/square-shape-maze-hand-shower-black-chrome",
      "reason": "fetch failed"
    },
    {
      "url": "https://www.jaquar.com/en/square-shape-maze-hand-shower-antique-copper",
      "reason": "fetch failed"
    },
    {
      "url": "https://www.jaquar.com/en/square-shape-maze-hand-shower-antique-bronze",
      "reason": "fetch failed"
    },
    {
      "url": "https://www.jaquar.com/en/maze-hand-shower-%C3%B895mm-round-shape-stainless-steel",
      "reason": "fetch failed"
    },
    {
      "url": "https://www.jaquar.com/en/maze-hand-shower-ø95mm-round-shape-stainless-steel",
      "reason": "fetch failed"
    },
    {
      "url": "https://www.jaquar.com/en/maze-hand-shower-%C3%B895mm-round-shape-graphite",
      "reason": "fetch failed"
    },
    {
      "url": "https://www.jaquar.com/en/maze-hand-shower-ø95mm-round-shape-graphite",
      "reason": "fetch failed"
    },
    {
      "url": "https://www.jaquar.com/en/maze-hand-shower-%C3%B895mm-round-shape-black-matt",
      "reason": "fetch failed"
    },
    {
      "url": "https://www.jaquar.com/en/maze-hand-shower-ø95mm-round-shape-black-matt",
      "reason": "fetch failed"
    },
    {
      "url": "https://www.jaquar.com/en/maze-hand-shower-%C3%B895mm-round-shape-black-chrome",
      "reason": "fetch failed"
    },
    {
      "url": "https://www.jaquar.com/en/maze-hand-shower-ø95mm-round-shape-black-chrome",
      "reason": "fetch failed"
    },
    {
      "url": "https://www.jaquar.com/en/maze-hand-shower-%C3%B895mm-round-shape-antique-copper",
      "reason": "fetch failed"
    },
    {
      "url": "https://www.jaquar.com/en/maze-hand-shower-ø95mm-round-shape-antique-copper",
      "reason": "fetch failed"
    },
    {
      "url": "https://www.jaquar.com/en/maze-hand-shower-%C3%B895mm-round-shape-antique-bronze",
      "reason": "fetch failed"
    },
    {
      "url": "https://www.jaquar.com/en/maze-hand-shower-ø95mm-round-shape-antique-bronze",
      "reason": "fetch failed"
    },
    {
      "url": "https://www.jaquar.com/en/metropole-flush-valve-stainless-steel-2",
      "reason": "fetch failed"
    },
    {
      "url": "https://www.jaquar.com/en/metropole-flush-valve-graphite-2",
      "reason": "fetch failed"
    },
    {
      "url": "https://www.jaquar.com/en/metropole-flush-valve-black-matt-2",
      "reason": "fetch failed"
    },
    {
      "url": "https://www.jaquar.com/en/metropole-flush-valve-black-chrome-2",
      "reason": "fetch failed"
    },
    {
      "url": "https://www.jaquar.com/en/metropole-flush-valve-antique-copper-2",
      "reason": "fetch failed"
    },
    {
      "url": "https://www.jaquar.com/en/metropole-flush-valve-antique-bronze-2",
      "reason": "fetch failed"
    },
    {
      "url": "https://www.jaquar.com/en/metropole-flush-valve-stainless-steel",
      "reason": "fetch failed"
    },
    {
      "url": "https://www.jaquar.com/en/metropole-flush-valve-graphite",
      "reason": "fetch failed"
    },
    {
      "url": "https://www.jaquar.com/en/metropole-flush-valve-black-matt",
      "reason": "fetch failed"
    },
    {
      "url": "https://www.jaquar.com/en/metropole-flush-valve-black-chrome",
      "reason": "fetch failed"
    },
    {
      "url": "https://www.jaquar.com/en/metropole-flush-valve-antique-copper",
      "reason": "fetch failed"
    },
    {
      "url": "https://www.jaquar.com/en/metropole-flush-valve-antique-bronze",
      "reason": "fetch failed"
    },
    {
      "url": "https://www.jaquar.com/en/metropole-flush-valve-dual-flow-40mm-size-stainless-steel",
      "reason": "fetch failed"
    },
    {
      "url": "https://www.jaquar.com/en/metropole-flush-valve-dual-flow-40mm-size-graphite",
      "reason": "fetch failed"
    },
    {
      "url": "https://www.jaquar.com/en/metropole-flush-valve-dual-flow-40mm-size-black-matt",
      "reason": "fetch failed"
    },
    {
      "url": "https://www.jaquar.com/en/metropole-flush-valve-dual-flow-40mm-size-black-chrome",
      "reason": "fetch failed"
    },
    {
      "url": "https://www.jaquar.com/en/metropole-flush-valve-dual-flow-40mm-size-antique-copper",
      "reason": "fetch failed"
    },
    {
      "url": "https://www.jaquar.com/en/metropole-flush-valve-dual-flow-40mm-size-antique-bronze",
      "reason": "fetch failed"
    },
    {
      "url": "https://www.jaquar.com/en/metropole-flush-valve-dual-flow-40mm-size-concealed-body-flv-ssf-1089dfp",
      "reason": "fetch failed"
    },
    {
      "url": "https://www.jaquar.com/en/metropole-flush-valve-dual-flow-40mm-size-concealed-body-graphite-2",
      "reason": "fetch failed"
    },
    {
      "url": "https://www.jaquar.com/en/metropole-flush-valve-dual-flow-40mm-size-concealed-body-black-matt-2",
      "reason": "fetch failed"
    },
    {
      "url": "https://www.jaquar.com/en/metropole-flush-valve-dual-flow-40mm-size-concealed-body-black-chrome-2",
      "reason": "fetch failed"
    },
    {
      "url": "https://www.jaquar.com/en/metropole-flush-valve-dual-flow-40mm-size-concealed-body-antique-copper-2",
      "reason": "fetch failed"
    },
    {
      "url": "https://www.jaquar.com/en/metropole-flush-valve-dual-flow-40mm-size-concealed-body-antique-bronze-2",
      "reason": "fetch failed"
    },
    {
      "url": "https://www.jaquar.com/en/metropole-flush-valve-dual-flow-32mm-size-concealed-body-stainless-steel",
      "reason": "fetch failed"
    },
    {
      "url": "https://www.jaquar.com/en/metropole-flush-valve-dual-flow-32mm-size-concealed-body-graphite-finish",
      "reason": "fetch failed"
    },
    {
      "url": "https://www.jaquar.com/en/metropole-flush-valve-dual-flow-32mm-size-concealed-body-black-matt-finish",
      "reason": "fetch failed"
    },
    {
      "url": "https://www.jaquar.com/en/metropole-flush-valve-dual-flow-32mm-size-concealed-body-black-chrome",
      "reason": "fetch failed"
    },
    {
      "url": "https://www.jaquar.com/en/metropole-flush-valve-dual-flow-32mm-size-concealed-body-antique-copper-finish",
      "reason": "fetch failed"
    },
    {
      "url": "https://www.jaquar.com/en/metropole-flush-valve-dual-flow-32mm-size-concealed-body-antique-bronze-finish",
      "reason": "fetch failed"
    },
    {
      "url": "https://www.jaquar.com/en/alive-maze-hand-shower-chrome",
      "reason": "fetch failed"
    },
    {
      "url": "https://www.jaquar.com/en/hand-shower-chrome",
      "reason": "fetch failed"
    },
    {
      "url": "https://www.jaquar.com/en/rectangular-shape-maze-hand-shower-chrome",
      "reason": "fetch failed"
    },
    {
      "url": "https://www.jaquar.com/en/square-shape-maze-hand-shower-chrome",
      "reason": "fetch failed"
    },
    {
      "url": "https://www.jaquar.com/en/maze-hand-shower-%C3%B895mm-round-shape-chrome",
      "reason": "fetch failed"
    },
    {
      "url": "https://www.jaquar.com/en/maze-hand-shower-ø95mm-round-shape-chrome",
      "reason": "fetch failed"
    },
    {
      "url": "https://www.jaquar.com/en/metropole-flush-valve-chrome-2",
      "reason": "fetch failed"
    },
    {
      "url": "https://www.jaquar.com/en/metropole-flush-valve-chrome",
      "reason": "fetch failed"
    },
    {
      "url": "https://www.jaquar.com/en/metropole-flush-valve-dual-flow-40mm-size-chrome",
      "reason": "fetch failed"
    },
    {
      "url": "https://www.jaquar.com/en/metropole-flush-valve-dual-flow-40mm-size-concealed-body-flv-chr-1089dfp",
      "reason": "fetch failed"
    },
    {
      "url": "https://www.jaquar.com/en/metropole-flush-valve-dual-flow-32mm-size-concealed-body-chrome",
      "reason": "fetch failed"
    },
    {
      "url": "https://www.jaquar.com/en/shower-arm-stainless-steel-7",
      "reason": "fetch failed"
    },
    {
      "url": "https://www.jaquar.com/en/shower-arm-graphite-7",
      "reason": "fetch failed"
    },
    {
      "url": "https://www.jaquar.com/en/shower-arm-black-matt-6",
      "reason": "fetch failed"
    },
    {
      "url": "https://www.jaquar.com/en/shower-arm-antique-copper-6",
      "reason": "fetch failed"
    },
    {
      "url": "https://www.jaquar.com/en/shower-arm-black-chrome-6",
      "reason": "fetch failed"
    },
    {
      "url": "https://www.jaquar.com/en/shower-arm-antique-bronze-6",
      "reason": "fetch failed"
    },
    {
      "url": "https://www.jaquar.com/en/exposed-shower-pipe-stainless-steel-2",
      "reason": "fetch failed"
    },
    {
      "url": "https://www.jaquar.com/en/exposed-shower-pipe-graphite-2",
      "reason": "fetch failed"
    },
    {
      "url": "https://www.jaquar.com/en/exposed-shower-pipe-black-matt-2",
      "reason": "fetch failed"
    },
    {
      "url": "https://www.jaquar.com/en/exposed-shower-pipe-black-chrome-2",
      "reason": "fetch failed"
    },
    {
      "url": "https://www.jaquar.com/en/exposed-shower-pipe-antique-copper-2",
      "reason": "fetch failed"
    },
    {
      "url": "https://www.jaquar.com/en/exposed-shower-pipe-antique-bronze-2",
      "reason": "fetch failed"
    },
    {
      "url": "https://www.jaquar.com/en/shower-arm-chrome-7",
      "reason": "fetch failed"
    },
    {
      "url": "https://www.jaquar.com/en/exposed-shower-pipe-chrome-2",
      "reason": "fetch failed"
    },
    {
      "url": "https://www.jaquar.com/en/exposed-shower-pipe-with-hand-shower-holder-stainless-steel",
      "reason": "fetch failed"
    },
    {
      "url": "https://www.jaquar.com/en/exposed-shower-pipe-with-hand-shower-holder-graphite",
      "reason": "fetch failed"
    },
    {
      "url": "https://www.jaquar.com/en/exposed-shower-pipe-with-hand-shower-holder-black-matt",
      "reason": "fetch failed"
    },
    {
      "url": "https://www.jaquar.com/en/exposed-shower-pipe-with-hand-shower-holder-black-chrome",
      "reason": "fetch failed"
    },
    {
      "url": "https://www.jaquar.com/en/exposed-shower-pipe-with-hand-shower-holder-antique-copper",
      "reason": "fetch failed"
    },
    {
      "url": "https://www.jaquar.com/en/exposed-shower-pipe-stainless-steel",
      "reason": "fetch failed"
    },
    {
      "url": "https://www.jaquar.com/en/exposed-shower-pipe-graphite",
      "reason": "fetch failed"
    },
    {
      "url": "https://www.jaquar.com/en/exposed-shower-pipe-black-matt",
      "reason": "fetch failed"
    },
    {
      "url": "https://www.jaquar.com/en/exposed-shower-pipe-black-chrome",
      "reason": "fetch failed"
    },
    {
      "url": "https://www.jaquar.com/en/exposed-shower-pipe-antique-copper",
      "reason": "fetch failed"
    },
    {
      "url": "https://www.jaquar.com/en/exposed-shower-pipe-with-hand-shower-holder-antique-bronze",
      "reason": "fetch failed"
    },
    {
      "url": "https://www.jaquar.com/en/exposed-shower-pipe-antique-bronze",
      "reason": "fetch failed"
    },
    {
      "url": "https://www.jaquar.com/en/exposed-shower-pipe-with-hand-shower-holder-chrome-2",
      "reason": "fetch failed"
    },
    {
      "url": "https://www.jaquar.com/en/exposed-shower-pipe-chrome",
      "reason": "fetch failed"
    },
    {
      "url": "https://www.jaquar.com/en/sliding-rail-stainless-steel-5",
      "reason": "fetch failed"
    },
    {
      "url": "https://www.jaquar.com/en/sliding-rail-graphite-5",
      "reason": "fetch failed"
    },
    {
      "url": "https://www.jaquar.com/en/sliding-rail-black-matt-5",
      "reason": "fetch failed"
    },
    {
      "url": "https://www.jaquar.com/en/sliding-rail-black-chrome-5",
      "reason": "fetch failed"
    },
    {
      "url": "https://www.jaquar.com/en/sliding-rail-antique-copper-6",
      "reason": "fetch failed"
    },
    {
      "url": "https://www.jaquar.com/en/sliding-rail-antique-bronze-4",
      "reason": "fetch failed"
    },
    {
      "url": "https://www.jaquar.com/en/sliding-rail-chrome-6",
      "reason": "fetch failed"
    },
    {
      "url": "https://www.jaquar.com/en/sliding-rail-stainless-steel-4",
      "reason": "fetch failed"
    },
    {
      "url": "https://www.jaquar.com/en/sliding-rail-graphite-4",
      "reason": "fetch failed"
    },
    {
      "url": "https://www.jaquar.com/en/sliding-rail-black-matt-4",
      "reason": "fetch failed"
    },
    {
      "url": "https://www.jaquar.com/en/sliding-rail-black-chrome-4",
      "reason": "fetch failed"
    },
    {
      "url": "https://www.jaquar.com/en/sliding-rail-antique-copper-5",
      "reason": "fetch failed"
    },
    {
      "url": "https://www.jaquar.com/en/sliding-rail-chrome-antique-bronze",
      "reason": "fetch failed"
    },
    {
      "url": "https://www.jaquar.com/en/sliding-rail-chrome-5",
      "reason": "fetch failed"
    },
    {
      "url": "https://www.jaquar.com/en/wall-outlet-stainless-steel-2",
      "reason": "fetch failed"
    },
    {
      "url": "https://www.jaquar.com/en/wall-outlet-graphite-2",
      "reason": "fetch failed"
    },
    {
      "url": "https://www.jaquar.com/en/wall-outlet-black-matt-2",
      "reason": "fetch failed"
    },
    {
      "url": "https://www.jaquar.com/en/wall-outlet-black-chrome-2",
      "reason": "fetch failed"
    },
    {
      "url": "https://www.jaquar.com/en/wall-outlet-antique-copper-2",
      "reason": "fetch failed"
    },
    {
      "url": "https://www.jaquar.com/en/wall-outlet-antique-bronze-2",
      "reason": "fetch failed"
    },
    {
      "url": "https://www.jaquar.com/en/wall-outlet-chrome-3",
      "reason": "fetch failed"
    },
    {
      "url": "https://www.jaquar.com/en/wall-outlet-stainless-steel",
      "reason": "fetch failed"
    },
    {
      "url": "https://www.jaquar.com/en/wall-outlet-graphite",
      "reason": "fetch failed"
    },
    {
      "url": "https://www.jaquar.com/en/wall-outlet-black-matt",
      "reason": "fetch failed"
    },
    {
      "url": "https://www.jaquar.com/en/wall-outlet-black-chrome",
      "reason": "fetch failed"
    },
    {
      "url": "https://www.jaquar.com/en/wall-outlet-antique-copper",
      "reason": "fetch failed"
    },
    {
      "url": "https://www.jaquar.com/en/wall-outlet-antique-bronze",
      "reason": "fetch failed"
    },
    {
      "url": "https://www.jaquar.com/en/wall-outlet-chrome",
      "reason": "fetch failed"
    },
    {
      "url": "https://www.jaquar.com/en/sliding-rail-stainless-steel-3",
      "reason": "fetch failed"
    },
    {
      "url": "https://www.jaquar.com/en/sliding-rail-graphite-3",
      "reason": "fetch failed"
    },
    {
      "url": "https://www.jaquar.com/en/sliding-rail-black-matt-3",
      "reason": "fetch failed"
    },
    {
      "url": "https://www.jaquar.com/en/sliding-rail-black-chrome-3",
      "reason": "fetch failed"
    },
    {
      "url": "https://www.jaquar.com/en/sliding-rail-antique-copper-4",
      "reason": "fetch failed"
    },
    {
      "url": "https://www.jaquar.com/en/sliding-rail-antique-bronze-3",
      "reason": "fetch failed"
    },
    {
      "url": "https://www.jaquar.com/en/sliding-rail-chrome-4",
      "reason": "fetch failed"
    },
    {
      "url": "https://www.jaquar.com/en/sliding-rail-stainless-steel-2",
      "reason": "fetch failed"
    },
    {
      "url": "https://www.jaquar.com/en/sliding-rail-graphite-2",
      "reason": "fetch failed"
    },
    {
      "url": "https://www.jaquar.com/en/sliding-rail-black-matt-2",
      "reason": "fetch failed"
    },
    {
      "url": "https://www.jaquar.com/en/sliding-rail-black-chrome-2",
      "reason": "fetch failed"
    },
    {
      "url": "https://www.jaquar.com/en/sliding-rail-antique-copper-3",
      "reason": "fetch failed"
    },
    {
      "url": "https://www.jaquar.com/en/sliding-rail-antique-bronze-2",
      "reason": "fetch failed"
    },
    {
      "url": "https://www.jaquar.com/en/sliding-rail-1187n-2",
      "reason": "fetch failed"
    },
    {
      "url": "https://www.jaquar.com/en/sliding-rail-stainless-steel",
      "reason": "fetch failed"
    },
    {
      "url": "https://www.jaquar.com/en/flat-sliding-rail-graphite-finish",
      "reason": "fetch failed"
    },
    {
      "url": "https://www.jaquar.com/en/sliding-rail-black-chrome",
      "reason": "fetch failed"
    },
    {
      "url": "https://www.jaquar.com/en/sliding-rail-black-matt",
      "reason": "fetch failed"
    },
    {
      "url": "https://www.jaquar.com/en/sliding-rail-antique-copper-2",
      "reason": "fetch failed"
    },
    {
      "url": "https://www.jaquar.com/en/sliding-rail-chrome-2",
      "reason": "fetch failed"
    },
    {
      "url": "https://www.jaquar.com/en/sliding-rail-antique-bronze",
      "reason": "fetch failed"
    },
    {
      "url": "https://www.jaquar.com/en/wall-qutlet-with-shower-hook-stainless-steel",
      "reason": "fetch failed"
    },
    {
      "url": "https://www.jaquar.com/en/wall-qutlet-with-shower-hook-graphite",
      "reason": "fetch failed"
    },
    {
      "url": "https://www.jaquar.com/en/wall-qutlet-with-shower-hook-black-matt",
      "reason": "fetch failed"
    },
    {
      "url": "https://www.jaquar.com/en/wall-qutlet-with-shower-hook-black-chrome",
      "reason": "fetch failed"
    },
    {
      "url": "https://www.jaquar.com/en/wall-qutlet-with-shower-hook-antique-copper",
      "reason": "fetch failed"
    },
    {
      "url": "https://www.jaquar.com/en/wall-qutlet-with-shower-hook-antique-bronze",
      "reason": "fetch failed"
    },
    {
      "url": "https://www.jaquar.com/en/wall-qutlet-with-shower-hook-chrome-2",
      "reason": "fetch failed"
    },
    {
      "url": "https://www.jaquar.com/en/wall-outlet-with-shower-hook-stainless-steel",
      "reason": "fetch failed"
    },
    {
      "url": "https://www.jaquar.com/en/wall-outlet-with-shower-hook-graphite",
      "reason": "fetch failed"
    },
    {
      "url": "https://www.jaquar.com/en/wall-outlet-with-shower-hook-black-matt",
      "reason": "fetch failed"
    },
    {
      "url": "https://www.jaquar.com/en/wall-outlet-with-shower-hook-black-chrome",
      "reason": "fetch failed"
    },
    {
      "url": "https://www.jaquar.com/en/wall-outlet-with-shower-hook-antique-copper",
      "reason": "fetch failed"
    },
    {
      "url": "https://www.jaquar.com/en/wall-outlet-with-shower-hook-antique-bronze",
      "reason": "fetch failed"
    },
    {
      "url": "https://www.jaquar.com/en/wall-outlet-with-shower-hook-chrome",
      "reason": "fetch failed"
    },
    {
      "url": "https://www.jaquar.com/en/premium-wall-bracket-stainless-steel",
      "reason": "fetch failed"
    },
    {
      "url": "https://www.jaquar.com/en/premium-wall-bracket-graphite",
      "reason": "fetch failed"
    },
    {
      "url": "https://www.jaquar.com/en/premium-wall-bracket-black-matt",
      "reason": "fetch failed"
    },
    {
      "url": "https://www.jaquar.com/en/premium-wall-bracket-black-chrome",
      "reason": "fetch failed"
    },
    {
      "url": "https://www.jaquar.com/en/premium-wall-bracket-antique-copper",
      "reason": "fetch failed"
    },
    {
      "url": "https://www.jaquar.com/en/premium-wall-bracket-antique-bronze",
      "reason": "fetch failed"
    },
    {
      "url": "https://www.jaquar.com/en/premium-wall-bracket-chrome",
      "reason": "fetch failed"
    },
    {
      "url": "https://www.jaquar.com/en/flexible-tube-stainless-steel",
      "reason": "fetch failed"
    },
    {
      "url": "https://www.jaquar.com/en/flexible-tube-graphite",
      "reason": "fetch failed"
    },
    {
      "url": "https://www.jaquar.com/en/flexible-tube-black-chrome",
      "reason": "fetch failed"
    },
    {
      "url": "https://www.jaquar.com/en/flexible-tube-antique-copper",
      "reason": "fetch failed"
    },
    {
      "url": "https://www.jaquar.com/en/flexible-tube-antique-bronze",
      "reason": "fetch failed"
    },
    {
      "url": "https://www.jaquar.com/en/flexible-tube-chrome",
      "reason": "fetch failed"
    },
    {
      "url": "https://www.jaquar.com/en/shower-arm-casted-stainless-steel-3",
      "reason": "fetch failed"
    },
    {
      "url": "https://www.jaquar.com/en/shower-arm-casted-graphite-3",
      "reason": "fetch failed"
    },
    {
      "url": "https://www.jaquar.com/en/shower-arm-casted-black-matt-3",
      "reason": "fetch failed"
    },
    {
      "url": "https://www.jaquar.com/en/shower-arm-casted-black-chrome-3",
      "reason": "fetch failed"
    },
    {
      "url": "https://www.jaquar.com/en/shower-arm-casted-antique-copper-3",
      "reason": "fetch failed"
    },
    {
      "url": "https://www.jaquar.com/en/shower-arm-casted-antique-bronze-2",
      "reason": "fetch failed"
    },
    {
      "url": "https://www.jaquar.com/en/shower-arm-casted-chrome-3",
      "reason": "fetch failed"
    },
    {
      "url": "https://www.jaquar.com/en/victorian-shower-arm-stainless-steel",
      "reason": "fetch failed"
    },
    {
      "url": "https://www.jaquar.com/en/victorian-shower-arm-graphite",
      "reason": "fetch failed"
    },
    {
      "url": "https://www.jaquar.com/en/victorian-shower-arm-black-matt",
      "reason": "fetch failed"
    },
    {
      "url": "https://www.jaquar.com/en/victorian-shower-arm-black-chrome",
      "reason": "fetch failed"
    },
    {
      "url": "https://www.jaquar.com/en/victorian-shower-arm-antique-copper",
      "reason": "fetch failed"
    },
    {
      "url": "https://www.jaquar.com/en/victorian-shower-arm-antique-bronze",
      "reason": "fetch failed"
    },
    {
      "url": "https://www.jaquar.com/en/victorian-shower-arm-chrome",
      "reason": "fetch failed"
    },
    {
      "url": "https://www.jaquar.com/en/shower-arm-casted-stainless-steel-2",
      "reason": "fetch failed"
    },
    {
      "url": "https://www.jaquar.com/en/shower-arm-casted-graphite-2",
      "reason": "fetch failed"
    },
    {
      "url": "https://www.jaquar.com/en/shower-arm-casted-black-matt-2",
      "reason": "fetch failed"
    },
    {
      "url": "https://www.jaquar.com/en/shower-arm-casted-black-chrome-2",
      "reason": "fetch failed"
    },
    {
      "url": "https://www.jaquar.com/en/asted-flat-shape-shower-arm-190mm",
      "reason": "fetch failed"
    },
    {
      "url": "https://www.jaquar.com/en/shower-arm-casted-chrome-antique-bronze",
      "reason": "fetch failed"
    },
    {
      "url": "https://www.jaquar.com/en/shower-arm-casted-chrome-2",
      "reason": "fetch failed"
    },
    {
      "url": "https://www.jaquar.com/en/shower-arm-stainless-steel-6",
      "reason": "fetch failed"
    },
    {
      "url": "https://www.jaquar.com/en/shower-arm-graphite-6",
      "reason": "fetch failed"
    },
    {
      "url": "https://www.jaquar.com/en/shower-arm-black-matt-5",
      "reason": "fetch failed"
    },
    {
      "url": "https://www.jaquar.com/en/shower-arm-black-chrome-5",
      "reason": "fetch failed"
    },
    {
      "url": "https://www.jaquar.com/en/shower-arm-antique-copper-5",
      "reason": "fetch failed"
    },
    {
      "url": "https://www.jaquar.com/en/shower-arm-antique-bronze-5",
      "reason": "fetch failed"
    },
    {
      "url": "https://www.jaquar.com/en/shower-arm-chrome-6",
      "reason": "fetch failed"
    },
    {
      "url": "https://www.jaquar.com/en/shower-arm-stainless-steel-5",
      "reason": "fetch failed"
    },
    {
      "url": "https://www.jaquar.com/en/shower-arm-graphite-5",
      "reason": "fetch failed"
    },
    {
      "url": "https://www.jaquar.com/en/shower-arm-black-matt-4",
      "reason": "fetch failed"
    },
    {
      "url": "https://www.jaquar.com/en/shower-arm-black-chrome-4",
      "reason": "fetch failed"
    },
    {
      "url": "https://www.jaquar.com/en/shower-arm-antique-copper-4",
      "reason": "fetch failed"
    },
    {
      "url": "https://www.jaquar.com/en/shower-arm-antique-bronze-4",
      "reason": "fetch failed"
    },
    {
      "url": "https://www.jaquar.com/en/shower-arm-chrome-5",
      "reason": "fetch failed"
    },
    {
      "url": "https://www.jaquar.com/en/shower-arm-stainless-steel-4",
      "reason": "fetch failed"
    },
    {
      "url": "https://www.jaquar.com/en/shower-arm-graphite-4",
      "reason": "fetch failed"
    },
    {
      "url": "https://www.jaquar.com/en/shower-arm-black-matt-3",
      "reason": "fetch failed"
    },
    {
      "url": "https://www.jaquar.com/en/shower-arm-black-chrome-3",
      "reason": "fetch failed"
    },
    {
      "url": "https://www.jaquar.com/en/shower-arm-antique-copper-3",
      "reason": "fetch failed"
    },
    {
      "url": "https://www.jaquar.com/en/shower-arm-antique-bronze-3",
      "reason": "fetch failed"
    },
    {
      "url": "https://www.jaquar.com/en/shower-arm-chrome-4",
      "reason": "fetch failed"
    },
    {
      "url": "https://www.jaquar.com/en/shower-arm-casted-stainless-steel",
      "reason": "fetch failed"
    },
    {
      "url": "https://www.jaquar.com/en/shower-arm-casted-graphite",
      "reason": "fetch failed"
    },
    {
      "url": "https://www.jaquar.com/en/shower-arm-casted-black-matt",
      "reason": "fetch failed"
    },
    {
      "url": "https://www.jaquar.com/en/shower-arm-casted-black-chrome",
      "reason": "fetch failed"
    },
    {
      "url": "https://www.jaquar.com/en/shower-arm-casted-antique-copper",
      "reason": "fetch failed"
    },
    {
      "url": "https://www.jaquar.com/en/shower-arm-casted-antique-bronze",
      "reason": "fetch failed"
    },
    {
      "url": "https://www.jaquar.com/en/shower-arm-casted-chrome",
      "reason": "fetch failed"
    },
    {
      "url": "https://www.jaquar.com/en/shower-arm-stainless-steel-3",
      "reason": "fetch failed"
    },
    {
      "url": "https://www.jaquar.com/en/shower-arm-graphite-3",
      "reason": "fetch failed"
    },
    {
      "url": "https://www.jaquar.com/en/shower-arm-black-matt-2",
      "reason": "fetch failed"
    },
    {
      "url": "https://www.jaquar.com/en/shower-arm-black-chrome-2",
      "reason": "fetch failed"
    },
    {
      "url": "https://www.jaquar.com/en/shower-arm-antique-copper-2",
      "reason": "fetch failed"
    },
    {
      "url": "https://www.jaquar.com/en/shower-arm-antique-bronze-2",
      "reason": "fetch failed"
    },
    {
      "url": "https://www.jaquar.com/en/shower-arm-chrome-3",
      "reason": "fetch failed"
    },
    {
      "url": "https://www.jaquar.com/en/shower-arm-stainless-steel-2",
      "reason": "fetch failed"
    },
    {
      "url": "https://www.jaquar.com/en/shower-arm-graphite-2",
      "reason": "fetch failed"
    },
    {
      "url": "https://www.jaquar.com/en/shower-arm-black-matt",
      "reason": "fetch failed"
    },
    {
      "url": "https://www.jaquar.com/en/shower-arm-black-chrome",
      "reason": "fetch failed"
    },
    {
      "url": "https://www.jaquar.com/en/shower-arm-antique-copper",
      "reason": "fetch failed"
    },
    {
      "url": "https://www.jaquar.com/en/shower-arm-antique-bronze",
      "reason": "fetch failed"
    },
    {
      "url": "https://www.jaquar.com/en/shower-arm-chrome-2",
      "reason": "fetch failed"
    },
    {
      "url": "https://www.jaquar.com/en/metropole-flush-valve-dual-flow-40mm-size-concealed-body-stainless-steel",
      "reason": "fetch failed"
    },
    {
      "url": "https://www.jaquar.com/en/metropole-flush-valve-dual-flow-40mm-size-concealed-body-graphite",
      "reason": "fetch failed"
    },
    {
      "url": "https://www.jaquar.com/en/metropole-flush-valve-dual-flow-40mm-size-concealed-body-black-matt",
      "reason": "fetch failed"
    },
    {
      "url": "https://www.jaquar.com/en/metropole-flush-valve-dual-flow-40mm-size-concealed-body-black-chrome",
      "reason": "fetch failed"
    },
    {
      "url": "https://www.jaquar.com/en/metropole-flush-valve-dual-flow-40mm-size-concealed-body-antique-copper",
      "reason": "fetch failed"
    },
    {
      "url": "https://www.jaquar.com/en/metropole-flush-valve-dual-flow-40mm-size-concealed-body-antique-bronze",
      "reason": "fetch failed"
    },
    {
      "url": "https://www.jaquar.com/en/metropole-flush-valve-dual-flow-40mm-size-concealed-body-chrome",
      "reason": "fetch failed"
    },
    {
      "url": "https://www.jaquar.com/en/i-flush-with-concealed-body-stainless-steel",
      "reason": "fetch failed"
    },
    {
      "url": "https://www.jaquar.com/en/i-flush-with-concealed-body-graphite",
      "reason": "fetch failed"
    },
    {
      "url": "https://www.jaquar.com/en/i-flush-with-concealed-body-black-matt",
      "reason": "fetch failed"
    },
    {
      "url": "https://www.jaquar.com/en/i-flush-with-concealed-body-black-chrome",
      "reason": "fetch failed"
    },
    {
      "url": "https://www.jaquar.com/en/i-flush-with-concealed-body-antique-copper",
      "reason": "fetch failed"
    },
    {
      "url": "https://www.jaquar.com/en/i-flush-with-concealed-body-antique-bronze",
      "reason": "fetch failed"
    },
    {
      "url": "https://www.jaquar.com/en/i-flush-with-concealed-body-chrome",
      "reason": "fetch failed"
    },
    {
      "url": "https://www.jaquar.com/en/body-shower-130x120mm-rectangular-shape-stainless-steel",
      "reason": "fetch failed"
    },
    {
      "url": "https://www.jaquar.com/en/body-shower-130x120mm-rectangular-shape-graphite",
      "reason": "fetch failed"
    },
    {
      "url": "https://www.jaquar.com/en/body-shower-130x120mm-rectangular-shape-black-matt",
      "reason": "fetch failed"
    },
    {
      "url": "https://www.jaquar.com/en/body-shower-130x120mm-rectangular-shape-black-chrome",
      "reason": "fetch failed"
    },
    {
      "url": "https://www.jaquar.com/en/body-shower-130x120mm-rectangular-shape-antique-copper",
      "reason": "fetch failed"
    },
    {
      "url": "https://www.jaquar.com/en/body-shower-130x120mm-rectangular-shape-antique-bronze",
      "reason": "fetch failed"
    },
    {
      "url": "https://www.jaquar.com/en/body-shower-%C3%B8120mm-round-shape-stainless-steel",
      "reason": "fetch failed"
    },
    {
      "url": "https://www.jaquar.com/en/body-shower-ø120mm-round-shape-stainless-steel",
      "reason": "fetch failed"
    },
    {
      "url": "https://www.jaquar.com/en/body-shower-%C3%B8120mm-round-shape-graphite",
      "reason": "fetch failed"
    },
    {
      "url": "https://www.jaquar.com/en/body-shower-ø120mm-round-shape-graphite",
      "reason": "fetch failed"
    },
    {
      "url": "https://www.jaquar.com/en/body-shower-%C3%B8120mm-round-shape-black-matt",
      "reason": "fetch failed"
    },
    {
      "url": "https://www.jaquar.com/en/body-shower-ø120mm-round-shape-black-matt",
      "reason": "fetch failed"
    },
    {
      "url": "https://www.jaquar.com/en/body-shower-%C3%B8120mm-round-shape-black-chrome",
      "reason": "fetch failed"
    },
    {
      "url": "https://www.jaquar.com/en/body-shower-ø120mm-round-shape-black-chrome",
      "reason": "fetch failed"
    },
    {
      "url": "https://www.jaquar.com/en/body-shower-%C3%B8120mm-round-shape-antique-copper",
      "reason": "fetch failed"
    },
    {
      "url": "https://www.jaquar.com/en/body-shower-ø120mm-round-shape-antique-copper",
      "reason": "fetch failed"
    },
    {
      "url": "https://www.jaquar.com/en/body-shower-%C3%B8120mm-round-shape-antique-bronze",
      "reason": "fetch failed"
    },
    {
      "url": "https://www.jaquar.com/en/body-shower-ø120mm-round-shape-antique-bronze",
      "reason": "fetch failed"
    },
    {
      "url": "https://www.jaquar.com/en/body-shower-%C3%B8120mm-round-shape-chrome",
      "reason": "fetch failed"
    },
    {
      "url": "https://www.jaquar.com/en/body-shower-ø120mm-round-shape-chrome",
      "reason": "fetch failed"
    },
    {
      "url": "https://www.jaquar.com/en/body-shower-stainless-steel",
      "reason": "fetch failed"
    },
    {
      "url": "https://www.jaquar.com/en/body-shower-graphite",
      "reason": "fetch failed"
    },
    {
      "url": "https://www.jaquar.com/en/body-shower-black-matt",
      "reason": "fetch failed"
    },
    {
      "url": "https://www.jaquar.com/en/body-shower-black-chrome",
      "reason": "fetch failed"
    },
    {
      "url": "https://www.jaquar.com/en/body-shower-antique-copper",
      "reason": "fetch failed"
    },
    {
      "url": "https://www.jaquar.com/en/body-shower-antique-bronze",
      "reason": "fetch failed"
    },
    {
      "url": "https://www.jaquar.com/en/body-shower-chrome",
      "reason": "fetch failed"
    },
    {
      "url": "https://www.jaquar.com/en/joystick-1-hole-bidet-mixer-stainless-steel",
      "reason": "fetch failed"
    },
    {
      "url": "https://www.jaquar.com/en/joystick-1-hole-bidet-mixer-graphite",
      "reason": "fetch failed"
    },
    {
      "url": "https://www.jaquar.com/en/joystick-1-hole-bidet-mixer-black-matt",
      "reason": "fetch failed"
    },
    {
      "url": "https://www.jaquar.com/en/joystick-1-hole-bidet-mixer-black-chrome",
      "reason": "fetch failed"
    },
    {
      "url": "https://www.jaquar.com/en/joystick-1-hole-bidet-mixer-antique-copper",
      "reason": "fetch failed"
    },
    {
      "url": "https://www.jaquar.com/en/joystick-1-hole-bidet-mixer-antique-bronze",
      "reason": "fetch failed"
    },
    {
      "url": "https://www.jaquar.com/en/aquamax-exposed-part-kit-with-3-way-diverter-stainless-steel",
      "reason": "fetch failed"
    },
    {
      "url": "https://www.jaquar.com/en/joystick-1-hole-bidet-mixer-chrome",
      "reason": "fetch failed"
    },
    {
      "url": "https://www.jaquar.com/en/aquamax-exposed-part-kit-with-3-way-diverter-graphite",
      "reason": "fetch failed"
    },
    {
      "url": "https://www.jaquar.com/en/aquamax-exposed-part-kit-with-3-way-diverter-black-matt",
      "reason": "fetch failed"
    },
    {
      "url": "https://www.jaquar.com/en/aquamax-exposed-part-kit-with-3-way-diverter-black-chrome",
      "reason": "fetch failed"
    },
    {
      "url": "https://www.jaquar.com/en/aquamax-exposed-part-kit-with-3-way-diverter-antique-bronze",
      "reason": "fetch failed"
    },
    {
      "url": "https://www.jaquar.com/en/aquamax-exposed-part-kit-with-3-way-diverter-antique-copper",
      "reason": "fetch failed"
    },
    {
      "url": "https://www.jaquar.com/en/aquamax-exposed-part-kit-with-3-way-diverter-chrome-3",
      "reason": "fetch failed"
    },
    {
      "url": "https://www.jaquar.com/en/aquamax-exposed-part-kit-with-2-way-diverter-stainless-steel",
      "reason": "fetch failed"
    },
    {
      "url": "https://www.jaquar.com/en/aquamax-exposed-part-kit-with-2-way-diverter-graphite",
      "reason": "fetch failed"
    },
    {
      "url": "https://www.jaquar.com/en/aquamax-exposed-part-kit-with-2-way-diverter-black-matt",
      "reason": "fetch failed"
    },
    {
      "url": "https://www.jaquar.com/en/aquamax-exposed-part-kit-with-2-way-diverter-black-chrome",
      "reason": "fetch failed"
    },
    {
      "url": "https://www.jaquar.com/en/aquamax-exposed-part-kit-with-2-way-diverter-antique-copper",
      "reason": "fetch failed"
    },
    {
      "url": "https://www.jaquar.com/en/aquamax-exposed-part-kit-with-2-way-diverter-antique-bronze",
      "reason": "fetch failed"
    },
    {
      "url": "https://www.jaquar.com/en/aquamax-exposed-part-kit-with-2-way-diverter-chrome-3",
      "reason": "fetch failed"
    },
    {
      "url": "https://www.jaquar.com/en/aquamax-exposed-part-kit-of-thermostatic-shower-mixer-stainless-steel-2",
      "reason": "fetch failed"
    },
    {
      "url": "https://www.jaquar.com/en/aquamax-exposed-part-kit-of-thermostatic-shower-mixer-graphite-2",
      "reason": "fetch failed"
    },
    {
      "url": "https://www.jaquar.com/en/aquamax-exposed-part-kit-of-thermostatic-shower-mixer-black-matt-2",
      "reason": "fetch failed"
    },
    {
      "url": "https://www.jaquar.com/en/aquamax-exposed-part-kit-of-thermostatic-shower-mixer-black-chrome-2",
      "reason": "fetch failed"
    },
    {
      "url": "https://www.jaquar.com/en/aquamax-exposed-part-kit-of-thermostatic-shower-mixer-antique-copper-2",
      "reason": "fetch failed"
    },
    {
      "url": "https://www.jaquar.com/en/aquamax-exposed-part-kit-of-thermostatic-shower-mixer-antique-bronze-2",
      "reason": "fetch failed"
    },
    {
      "url": "https://www.jaquar.com/en/aquamax-exposed-part-kit-of-thermostatic-shower-mixer-chrome-7",
      "reason": "fetch failed"
    },
    {
      "url": "https://www.jaquar.com/en/kubix-prime-bath-tub-spout-stainless-steel-2",
      "reason": "fetch failed"
    },
    {
      "url": "https://www.jaquar.com/en/kubix-prime-bath-tub-spout-graphite-2",
      "reason": "fetch failed"
    },
    {
      "url": "https://www.jaquar.com/en/kubix-prime-bath-tub-spout-black-matt-2",
      "reason": "fetch failed"
    },
    {
      "url": "https://www.jaquar.com/en/kubix-prime-bath-tub-spout-black-chrome-2",
      "reason": "fetch failed"
    },
    {
      "url": "https://www.jaquar.com/en/kubix-prime-bath-tub-spout-antique-copper-2",
      "reason": "fetch failed"
    },
    {
      "url": "https://www.jaquar.com/en/kubix-prime-bath-tub-spout-antique-bronze-2",
      "reason": "fetch failed"
    },
    {
      "url": "https://www.jaquar.com/en/click-clack-waste-stainless-steel-4",
      "reason": "fetch failed"
    },
    {
      "url": "https://www.jaquar.com/en/click-clack-waste-graphite-4",
      "reason": "fetch failed"
    },
    {
      "url": "https://www.jaquar.com/en/click-clack-waste-black-matt-4",
      "reason": "fetch failed"
    },
    {
      "url": "https://www.jaquar.com/en/click-clack-waste-black-chrome-4",
      "reason": "fetch failed"
    },
    {
      "url": "https://www.jaquar.com/en/click-clack-waste-antique-copper-4",
      "reason": "fetch failed"
    },
    {
      "url": "https://www.jaquar.com/en/click-clack-waste-antique-bronze-4",
      "reason": "fetch failed"
    },
    {
      "url": "https://www.jaquar.com/en/click-clack-waste-chrome-4",
      "reason": "fetch failed"
    },
    {
      "url": "https://www.jaquar.com/en/click-clack-waste-stainless-steel-3",
      "reason": "fetch failed"
    },
    {
      "url": "https://www.jaquar.com/en/click-clack-waste-graphite-3",
      "reason": "fetch failed"
    },
    {
      "url": "https://www.jaquar.com/en/click-clack-waste-black-matt-3",
      "reason": "fetch failed"
    },
    {
      "url": "https://www.jaquar.com/en/click-clack-waste-black-chrome-3",
      "reason": "fetch failed"
    },
    {
      "url": "https://www.jaquar.com/en/click-clack-waste-antique-copper-3",
      "reason": "fetch failed"
    },
    {
      "url": "https://www.jaquar.com/en/click-clack-waste-antique-bronze-3",
      "reason": "fetch failed"
    },
    {
      "url": "https://www.jaquar.com/en/click-clack-waste-chrome-3",
      "reason": "fetch failed"
    },
    {
      "url": "https://www.jaquar.com/en/click-clack-waste-stainless-steel-2",
      "reason": "fetch failed"
    },
    {
      "url": "https://www.jaquar.com/en/click-clack-waste-graphite-2",
      "reason": "fetch failed"
    },
    {
      "url": "https://www.jaquar.com/en/click-clack-waste-black-matt-2",
      "reason": "fetch failed"
    },
    {
      "url": "https://www.jaquar.com/en/click-clack-waste-black-chrome-2",
      "reason": "fetch failed"
    },
    {
      "url": "https://www.jaquar.com/en/click-clack-waste-antique-copper-2",
      "reason": "fetch failed"
    },
    {
      "url": "https://www.jaquar.com/en/click-clack-waste-antique-bronze-2",
      "reason": "fetch failed"
    },
    {
      "url": "https://www.jaquar.com/en/click-clack-waste-chrome-2",
      "reason": "fetch failed"
    },
    {
      "url": "https://www.jaquar.com/en/click-clack-waste-stainless-steel",
      "reason": "fetch failed"
    },
    {
      "url": "https://www.jaquar.com/en/click-clack-waste-graphite",
      "reason": "fetch failed"
    },
    {
      "url": "https://www.jaquar.com/en/click-clack-waste-black-matt",
      "reason": "fetch failed"
    },
    {
      "url": "https://www.jaquar.com/en/click-clack-waste-black-chrome",
      "reason": "fetch failed"
    },
    {
      "url": "https://www.jaquar.com/en/click-clack-waste-antique-copper",
      "reason": "fetch failed"
    },
    {
      "url": "https://www.jaquar.com/en/click-clack-waste-antique-bronze",
      "reason": "fetch failed"
    },
    {
      "url": "https://www.jaquar.com/en/kubix-prime-bath-spout-stainless-steel",
      "reason": "fetch failed"
    },
    {
      "url": "https://www.jaquar.com/en/kubix-prime-bath-spout-graphite",
      "reason": "fetch failed"
    },
    {
      "url": "https://www.jaquar.com/en/kubix-prime-bath-spout-black-matt",
      "reason": "fetch failed"
    },
    {
      "url": "https://www.jaquar.com/en/kubix-prime-bath-spout-black-chrome",
      "reason": "fetch failed"
    },
    {
      "url": "https://www.jaquar.com/en/click-clack-waste-chrome",
      "reason": "fetch failed"
    },
    {
      "url": "https://www.jaquar.com/en/kubix-prime-bath-spout-antique-copper",
      "reason": "fetch failed"
    },
    {
      "url": "https://www.jaquar.com/en/waste-coupling-stainless-steel-4",
      "reason": "fetch failed"
    },
    {
      "url": "https://www.jaquar.com/en/waste-coupling-graphite-5",
      "reason": "fetch failed"
    },
    {
      "url": "https://www.jaquar.com/en/waste-coupling-black-matt-4",
      "reason": "fetch failed"
    },
    {
      "url": "https://www.jaquar.com/en/waste-coupling-black-chrome-4",
      "reason": "fetch failed"
    },
    {
      "url": "https://www.jaquar.com/en/waste-coupling-antique-copper-4",
      "reason": "fetch failed"
    },
    {
      "url": "https://www.jaquar.com/en/waste-coupling-antique-bronze-4",
      "reason": "fetch failed"
    },
    {
      "url": "https://www.jaquar.com/en/waste-coupling-chrome-4",
      "reason": "fetch failed"
    },
    {
      "url": "https://www.jaquar.com/en/kubix-prime-bath-spout-antique-bronze",
      "reason": "fetch failed"
    },
    {
      "url": "https://www.jaquar.com/en/kubix-prime-bath-tub-spout-chrome-2",
      "reason": "fetch failed"
    },
    {
      "url": "https://www.jaquar.com/en/kubix-prime-bath-spout-chrome",
      "reason": "fetch failed"
    },
    {
      "url": "https://www.jaquar.com/en/waste-coupling-stainless-steel-3",
      "reason": "fetch failed"
    },
    {
      "url": "https://www.jaquar.com/en/waste-coupling-graphite-3",
      "reason": "fetch failed"
    },
    {
      "url": "https://www.jaquar.com/en/waste-coupling-black-matt-3",
      "reason": "fetch failed"
    },
    {
      "url": "https://www.jaquar.com/en/waste-coupling-black-chrome-3",
      "reason": "fetch failed"
    },
    {
      "url": "https://www.jaquar.com/en/waste-coupling-antique-copper-3",
      "reason": "fetch failed"
    },
    {
      "url": "https://www.jaquar.com/en/waste-coupling-antique-bronze-3",
      "reason": "fetch failed"
    },
    {
      "url": "https://www.jaquar.com/en/waste-coupling-chrome-3",
      "reason": "fetch failed"
    },
    {
      "url": "https://www.jaquar.com/en/waste-coupling-stainless-steel-2",
      "reason": "fetch failed"
    },
    {
      "url": "https://www.jaquar.com/en/waste-coupling-graphite-2",
      "reason": "fetch failed"
    },
    {
      "url": "https://www.jaquar.com/en/waste-coupling-black-matt-2",
      "reason": "fetch failed"
    },
    {
      "url": "https://www.jaquar.com/en/waste-coupling-black-chrome-2",
      "reason": "fetch failed"
    },
    {
      "url": "https://www.jaquar.com/en/waste-coupling-antique-copper-2",
      "reason": "fetch failed"
    },
    {
      "url": "https://www.jaquar.com/en/waste-coupling-antique-bronze-2",
      "reason": "fetch failed"
    },
    {
      "url": "https://www.jaquar.com/en/waste-coupling-stainless-steel",
      "reason": "fetch failed"
    },
    {
      "url": "https://www.jaquar.com/en/waste-coupling-graphite",
      "reason": "fetch failed"
    },
    {
      "url": "https://www.jaquar.com/en/waste-coupling-black-matt",
      "reason": "fetch failed"
    },
    {
      "url": "https://www.jaquar.com/en/waste-coupling-black-chrome",
      "reason": "fetch failed"
    },
    {
      "url": "https://www.jaquar.com/en/waste-coupling-antique-copper",
      "reason": "fetch failed"
    },
    {
      "url": "https://www.jaquar.com/en/waste-coupling-antique-bronze",
      "reason": "fetch failed"
    },
    {
      "url": "https://www.jaquar.com/en/waste-coupling-chrome-2",
      "reason": "fetch failed"
    },
    {
      "url": "https://www.jaquar.com/en/waste-coupling-chrome",
      "reason": "fetch failed"
    },
    {
      "url": "https://www.jaquar.com/en/round-wall-outlet-stainless-steel",
      "reason": "fetch failed"
    },
    {
      "url": "https://www.jaquar.com/en/round-wall-outlet-graphite",
      "reason": "fetch failed"
    },
    {
      "url": "https://www.jaquar.com/en/round-wall-outlet-black-matt",
      "reason": "fetch failed"
    },
    {
      "url": "https://www.jaquar.com/en/round-wall-outlet-black-chrome",
      "reason": "fetch failed"
    },
    {
      "url": "https://www.jaquar.com/en/round-wall-outlet-antique-copper",
      "reason": "fetch failed"
    },
    {
      "url": "https://www.jaquar.com/en/round-wall-outlet-chrome-copy",
      "reason": "fetch failed"
    },
    {
      "url": "https://www.jaquar.com/en/round-wall-outlet-chrome",
      "reason": "fetch failed"
    },
    {
      "url": "https://www.jaquar.com/en/hand-shower-health-faucet-stainless-steel-2",
      "reason": "fetch failed"
    },
    {
      "url": "https://www.jaquar.com/en/hand-shower-health-faucet-graphite-2",
      "reason": "fetch failed"
    },
    {
      "url": "https://www.jaquar.com/en/hand-shower-health-faucet-black-chrome-2",
      "reason": "fetch failed"
    },
    {
      "url": "https://www.jaquar.com/en/hand-shower-health-faucet-antique-copper-2",
      "reason": "fetch failed"
    },
    {
      "url": "https://www.jaquar.com/en/hand-shower-health-faucet-antique-bronze-2",
      "reason": "fetch failed"
    },
    {
      "url": "https://www.jaquar.com/en/hand-shower-health-faucet-chrome-2",
      "reason": "fetch failed"
    },
    {
      "url": "https://www.jaquar.com/en/continental_prime-exposed-part-of-concealed-stop-cock",
      "reason": "fetch failed"
    },
    {
      "url": "https://www.jaquar.com/en/double-coat-hook-stainless-steel-3",
      "reason": "fetch failed"
    },
    {
      "url": "https://www.jaquar.com/en/double-coat-hook-graphite-3",
      "reason": "fetch failed"
    },
    {
      "url": "https://www.jaquar.com/en/double-coat-hook-black-matt-3",
      "reason": "fetch failed"
    },
    {
      "url": "https://www.jaquar.com/en/double-coat-hook-black-chrome-3",
      "reason": "fetch failed"
    },
    {
      "url": "https://www.jaquar.com/en/double-coat-hook-antique-copper-3",
      "reason": "fetch failed"
    },
    {
      "url": "https://www.jaquar.com/en/double-coat-hook-antique-bronze-3",
      "reason": "fetch failed"
    },
    {
      "url": "https://www.jaquar.com/en/double-coat-hook-chrome-3",
      "reason": "fetch failed"
    },
    {
      "url": "https://www.jaquar.com/en/toilet-roll-holder-stainless-steel-5",
      "reason": "fetch failed"
    },
    {
      "url": "https://www.jaquar.com/en/toilet-roll-holder-graphite-5",
      "reason": "fetch failed"
    },
    {
      "url": "https://www.jaquar.com/en/toilet-roll-holder-black-matt-5",
      "reason": "fetch failed"
    },
    {
      "url": "https://www.jaquar.com/en/toilet-roll-holder-black-chrome-5",
      "reason": "fetch failed"
    },
    {
      "url": "https://www.jaquar.com/en/toilet-roll-holder-antique-copper-5",
      "reason": "fetch failed"
    },
    {
      "url": "https://www.jaquar.com/en/toilet-roll-holder-antique-bronze-5",
      "reason": "fetch failed"
    },
    {
      "url": "https://www.jaquar.com/en/toilet-roll-holder-chrome-7",
      "reason": "fetch failed"
    },
    {
      "url": "https://www.jaquar.com/en/soap-dish-holder-stainless-steel-4",
      "reason": "fetch failed"
    },
    {
      "url": "https://www.jaquar.com/en/soap-dish-holder-graphite-4",
      "reason": "fetch failed"
    },
    {
      "url": "https://www.jaquar.com/en/soap-dish-holder-black-matt-4",
      "reason": "fetch failed"
    },
    {
      "url": "https://www.jaquar.com/en/soap-dish-holder-black-chrome-4",
      "reason": "fetch failed"
    },
    {
      "url": "https://www.jaquar.com/en/soap-dish-holder-antique-copper-4",
      "reason": "fetch failed"
    },
    {
      "url": "https://www.jaquar.com/en/soap-dish-holder-antique-bronze-3",
      "reason": "fetch failed"
    },
    {
      "url": "https://www.jaquar.com/en/soap-dish-holder-chrome-3",
      "reason": "fetch failed"
    },
    {
      "url": "https://www.jaquar.com/en/double-coat-hook-stainless-steel-2",
      "reason": "fetch failed"
    },
    {
      "url": "https://www.jaquar.com/en/double-coat-hook-graphite-2",
      "reason": "fetch failed"
    },
    {
      "url": "https://www.jaquar.com/en/double-coat-hook-black-matt-2",
      "reason": "fetch failed"
    },
    {
      "url": "https://www.jaquar.com/en/double-coat-hook-black-chrome-2",
      "reason": "fetch failed"
    },
    {
      "url": "https://www.jaquar.com/en/double-coat-hook-antique-copper-2",
      "reason": "fetch failed"
    },
    {
      "url": "https://www.jaquar.com/en/double-coat-hook-antique-bronze-2",
      "reason": "fetch failed"
    },
    {
      "url": "https://www.jaquar.com/en/double-coat-hook-chrome-2",
      "reason": "fetch failed"
    },
    {
      "url": "https://www.jaquar.com/en/double-coat-hook-stainless-steel",
      "reason": "fetch failed"
    },
    {
      "url": "https://www.jaquar.com/en/double-coat-hook-graphite",
      "reason": "fetch failed"
    },
    {
      "url": "https://www.jaquar.com/en/double-coat-hook-black-matt",
      "reason": "fetch failed"
    },
    {
      "url": "https://www.jaquar.com/en/double-coat-hook-black-chrome",
      "reason": "fetch failed"
    },
    {
      "url": "https://www.jaquar.com/en/double-coat-hook-antique-copper",
      "reason": "fetch failed"
    },
    {
      "url": "https://www.jaquar.com/en/double-coat-hook-antique-bronze",
      "reason": "fetch failed"
    },
    {
      "url": "https://www.jaquar.com/en/double-coat-hook-chrome",
      "reason": "fetch failed"
    },
    {
      "url": "https://www.jaquar.com/en/towel-rack-stainless-steel-6",
      "reason": "fetch failed"
    },
    {
      "url": "https://www.jaquar.com/en/towel-rack-graphite-6",
      "reason": "fetch failed"
    },
    {
      "url": "https://www.jaquar.com/en/towel-rack-black-matt-5",
      "reason": "fetch failed"
    },
    {
      "url": "https://www.jaquar.com/en/towel-rack-black-chrome-5",
      "reason": "fetch failed"
    },
    {
      "url": "https://www.jaquar.com/en/towel-rack-antique-copper-5",
      "reason": "fetch failed"
    },
    {
      "url": "https://www.jaquar.com/en/towel-rack-antique-bronze-5",
      "reason": "fetch failed"
    },
    {
      "url": "https://www.jaquar.com/en/towel-rack-chrome-7",
      "reason": "fetch failed"
    },
    {
      "url": "https://www.jaquar.com/en/towel-rack-stainless-steel-5",
      "reason": "fetch failed"
    },
    {
      "url": "https://www.jaquar.com/en/towel-rack-graphite-5",
      "reason": "fetch failed"
    },
    {
      "url": "https://www.jaquar.com/en/towel-rack-black-matt-4",
      "reason": "fetch failed"
    },
    {
      "url": "https://www.jaquar.com/en/towel-rack-black-chrome-4",
      "reason": "fetch failed"
    },
    {
      "url": "https://www.jaquar.com/en/towel-rack-antique-copper-4",
      "reason": "fetch failed"
    },
    {
      "url": "https://www.jaquar.com/en/towel-rack-antique-bronze-4",
      "reason": "fetch failed"
    },
    {
      "url": "https://www.jaquar.com/en/towel-rack-chrome-6",
      "reason": "fetch failed"
    },
    {
      "url": "https://www.jaquar.com/en/towel-rack-stainless-steel-4",
      "reason": "fetch failed"
    },
    {
      "url": "https://www.jaquar.com/en/towel-rack-graphite-4",
      "reason": "fetch failed"
    },
    {
      "url": "https://www.jaquar.com/en/towel-rack-black-matt-3",
      "reason": "fetch failed"
    },
    {
      "url": "https://www.jaquar.com/en/towel-rack-antique-copper-3",
      "reason": "fetch failed"
    },
    {
      "url": "https://www.jaquar.com/en/towel-rack-black-chrome-3",
      "reason": "fetch failed"
    },
    {
      "url": "https://www.jaquar.com/en/towel-rack-antique-bronze-3",
      "reason": "fetch failed"
    },
    {
      "url": "https://www.jaquar.com/en/towel-rack-chrome-4",
      "reason": "fetch failed"
    },
    {
      "url": "https://www.jaquar.com/en/towel-rack-stainless-steel-3",
      "reason": "fetch failed"
    },
    {
      "url": "https://www.jaquar.com/en/towel-rack-graphite-3",
      "reason": "fetch failed"
    },
    {
      "url": "https://www.jaquar.com/en/towel-rack-black-matt-2",
      "reason": "fetch failed"
    },
    {
      "url": "https://www.jaquar.com/en/towel-rack-black-chrome-2",
      "reason": "fetch failed"
    },
    {
      "url": "https://www.jaquar.com/en/towel-rack-antique-copper-2",
      "reason": "fetch failed"
    },
    {
      "url": "https://www.jaquar.com/en/towel-rack-antique-bronze-2",
      "reason": "fetch failed"
    },
    {
      "url": "https://www.jaquar.com/en/towel-rack-chrome-3",
      "reason": "fetch failed"
    },
    {
      "url": "https://www.jaquar.com/en/towel-rack-stainless-steel-2",
      "reason": "fetch failed"
    },
    {
      "url": "https://www.jaquar.com/en/towel-rack-graphite-2",
      "reason": "fetch failed"
    },
    {
      "url": "https://www.jaquar.com/en/towel-rack-chrome-black-matt",
      "reason": "fetch failed"
    },
    {
      "url": "https://www.jaquar.com/en/towel-rack-chrome-black-chrome",
      "reason": "fetch failed"
    },
    {
      "url": "https://www.jaquar.com/en/towel-rack-chrome-antique-copper",
      "reason": "fetch failed"
    },
    {
      "url": "https://www.jaquar.com/en/towel-rack-chrome-antique-bronze",
      "reason": "fetch failed"
    },
    {
      "url": "https://www.jaquar.com/en/towel-rack-chrome-2",
      "reason": "fetch failed"
    },
    {
      "url": "https://www.jaquar.com/en/exposed-parts-of-floor-mounted-single-lever-bath-mixer-stainless-steel-6",
      "reason": "fetch failed"
    },
    {
      "url": "https://www.jaquar.com/en/exposed-parts-of-floor-mounted-single-lever-bath-mixer-graphite-6",
      "reason": "fetch failed"
    },
    {
      "url": "https://www.jaquar.com/en/exposed-parts-of-floor-mounted-single-lever-bath-mixer-black-matt-6",
      "reason": "fetch failed"
    },
    {
      "url": "https://www.jaquar.com/en/exposed-parts-of-floor-mounted-single-lever-bath-mixer-black-chrome-6",
      "reason": "fetch failed"
    },
    {
      "url": "https://www.jaquar.com/en/exposed-parts-of-floor-mounted-single-lever-bath-mixer-antique-copper-6",
      "reason": "fetch failed"
    },
    {
      "url": "https://www.jaquar.com/en/exposed-parts-of-floor-mounted-single-lever-bath-mixer-antique-bronze-6",
      "reason": "fetch failed"
    },
    {
      "url": "https://www.jaquar.com/en/exposed-parts-of-floor-mounted-single-lever-bath-mixer-chrome-6",
      "reason": "fetch failed"
    },
    {
      "url": "https://www.jaquar.com/en/alive-bath-tub-spout-stainless-steel-2",
      "reason": "fetch failed"
    },
    {
      "url": "https://www.jaquar.com/en/alive-bath-tub-spout-graphite-2",
      "reason": "fetch failed"
    },
    {
      "url": "https://www.jaquar.com/en/alive-bath-tub-spout-black-matt-2",
      "reason": "fetch failed"
    },
    {
      "url": "https://www.jaquar.com/en/alive-bath-tub-spout-black-chrome-2",
      "reason": "fetch failed"
    },
    {
      "url": "https://www.jaquar.com/en/alive-bath-tub-spout-antique-copper-2",
      "reason": "fetch failed"
    },
    {
      "url": "https://www.jaquar.com/en/alive-bath-tub-spout-antique-bronze-2",
      "reason": "fetch failed"
    },
    {
      "url": "https://www.jaquar.com/en/alive-bath-tub-spout-85463",
      "reason": "fetch failed"
    },
    {
      "url": "https://www.jaquar.com/en/alive-bath-tub-spout-stainless-steel",
      "reason": "fetch failed"
    },
    {
      "url": "https://www.jaquar.com/en/alive-bath-tub-spout-graphite",
      "reason": "fetch failed"
    },
    {
      "url": "https://www.jaquar.com/en/alive-bath-tub-spout-black-matt",
      "reason": "fetch failed"
    },
    {
      "url": "https://www.jaquar.com/en/alive-bath-tub-spout-black-chrome",
      "reason": "fetch failed"
    },
    {
      "url": "https://www.jaquar.com/en/alive-bath-tub-spout-antique-copper",
      "reason": "fetch failed"
    },
    {
      "url": "https://www.jaquar.com/en/alive-bath-tub-spout-antique-bronze",
      "reason": "fetch failed"
    },
    {
      "url": "https://www.jaquar.com/en/alive-bath-tub-spout-chrome",
      "reason": "fetch failed"
    },
    {
      "url": "https://www.jaquar.com/en/vignette-prime-bath-tub-spout-stainless-steel-2",
      "reason": "fetch failed"
    },
    {
      "url": "https://www.jaquar.com/en/vignette-prime-bath-tub-spout-graphite-2",
      "reason": "fetch failed"
    },
    {
      "url": "https://www.jaquar.com/en/vignette-prime-bath-tub-spout-black-matt-2",
      "reason": "fetch failed"
    },
    {
      "url": "https://www.jaquar.com/en/vignette-prime-bath-tub-spout-black-chrome-2",
      "reason": "fetch failed"
    },
    {
      "url": "https://www.jaquar.com/en/vignette-prime-bath-tub-spout-antique-copper-2",
      "reason": "fetch failed"
    },
    {
      "url": "https://www.jaquar.com/en/vignette-prime-bath-tub-spout-antique-bronze-2",
      "reason": "fetch failed"
    },
    {
      "url": "https://www.jaquar.com/en/vignette-prime-bath-tub-spout-chrome-2",
      "reason": "fetch failed"
    },
    {
      "url": "https://www.jaquar.com/en/vignette-prime-bath-tub-spout-stainless-steel",
      "reason": "fetch failed"
    },
    {
      "url": "https://www.jaquar.com/en/vignette-prime-bath-tub-spout-graphite",
      "reason": "fetch failed"
    },
    {
      "url": "https://www.jaquar.com/en/vignette-prime-bath-tub-spout-black-matt",
      "reason": "fetch failed"
    },
    {
      "url": "https://www.jaquar.com/en/vignette-prime-bath-tub-spout-black-chrome",
      "reason": "fetch failed"
    },
    {
      "url": "https://www.jaquar.com/en/vignette-prime-bath-tub-spout-antique-copper",
      "reason": "fetch failed"
    },
    {
      "url": "https://www.jaquar.com/en/vignette-prime-bath-tub-spout-antique-bronze",
      "reason": "fetch failed"
    },
    {
      "url": "https://www.jaquar.com/en/vignette-prime-bath-tub-spout-chrome",
      "reason": "fetch failed"
    },
    {
      "url": "https://www.jaquar.com/en/opal-prime-bathtub-spout-stainless-steel-2",
      "reason": "fetch failed"
    },
    {
      "url": "https://www.jaquar.com/en/opal-prime-bathtub-spout-graphite-2",
      "reason": "fetch failed"
    },
    {
      "url": "https://www.jaquar.com/en/opal-prime-bathtub-spout-black-matt-2",
      "reason": "fetch failed"
    },
    {
      "url": "https://www.jaquar.com/en/opal-prime-bathtub-spout-black-chrome-2",
      "reason": "fetch failed"
    },
    {
      "url": "https://www.jaquar.com/en/opal-prime-bathtub-spout-antique-copper-2",
      "reason": "fetch failed"
    },
    {
      "url": "https://www.jaquar.com/en/opal-prime-bathtub-spout-antique-bronze-2",
      "reason": "fetch failed"
    },
    {
      "url": "https://www.jaquar.com/en/opal-prime-bathtub-spout-chrome-3",
      "reason": "fetch failed"
    },
    {
      "url": "https://www.jaquar.com/en/opal-prime-bathtub-spout-stainless-steel",
      "reason": "fetch failed"
    },
    {
      "url": "https://www.jaquar.com/en/graphite-opal-prime-bathtub-spout",
      "reason": "fetch failed"
    },
    {
      "url": "https://www.jaquar.com/en/opal-prime-bathtub-spout-black-matt",
      "reason": "fetch failed"
    },
    {
      "url": "https://www.jaquar.com/en/opal-prime-bathtub-spout-black-chrome",
      "reason": "fetch failed"
    },
    {
      "url": "https://www.jaquar.com/en/opal-prime-bathtub-spout-antique-copper",
      "reason": "fetch failed"
    },
    {
      "url": "https://www.jaquar.com/en/opal-prime-bathtub-spout-antique-bronze",
      "reason": "fetch failed"
    },
    {
      "url": "https://www.jaquar.com/en/opal-prime-bathtub-spout-chrome",
      "reason": "fetch failed"
    },
    {
      "url": "https://www.jaquar.com/en/ornamix-prime-bath-tub-spout-stainless-steel-2",
      "reason": "fetch failed"
    },
    {
      "url": "https://www.jaquar.com/en/ornamix-prime-bath-tub-spout-graphite-2",
      "reason": "fetch failed"
    },
    {
      "url": "https://www.jaquar.com/en/ornamix-prime-bath-tub-spout-black-matt-2",
      "reason": "fetch failed"
    },
    {
      "url": "https://www.jaquar.com/en/ornamix-prime-bath-tub-spout-black-chrome-2",
      "reason": "fetch failed"
    },
    {
      "url": "https://www.jaquar.com/en/ornamix-prime-bath-tub-spout-antique-copper-2",
      "reason": "fetch failed"
    },
    {
      "url": "https://www.jaquar.com/en/ornamix-prime-bath-tub-spout-antique-bronze-2",
      "reason": "fetch failed"
    },
    {
      "url": "https://www.jaquar.com/en/ornamix-prime-bath-tub-spout-chrome-2",
      "reason": "fetch failed"
    },
    {
      "url": "https://www.jaquar.com/en/bath-tub-spout-with-button-attachment-stainless-steel-2",
      "reason": "fetch failed"
    },
    {
      "url": "https://www.jaquar.com/en/bath-tub-spout-with-button-attachment-graphite-2",
      "reason": "fetch failed"
    },
    {
      "url": "https://www.jaquar.com/en/bath-tub-spout-with-button-attachment-black-matt-2",
      "reason": "fetch failed"
    },
    {
      "url": "https://www.jaquar.com/en/bath-tub-spout-with-button-attachment-black-chrome-2",
      "reason": "fetch failed"
    },
    {
      "url": "https://www.jaquar.com/en/bath-tub-spout-with-button-attachment-antique-copper-2",
      "reason": "fetch failed"
    },
    {
      "url": "https://www.jaquar.com/en/bath-tub-spout-with-button-attachment-antique-bronze-2",
      "reason": "fetch failed"
    },
    {
      "url": "https://www.jaquar.com/en/bath-tub-spout-with-button-attachment-chrome-3",
      "reason": "fetch failed"
    },
    {
      "url": "https://www.jaquar.com/en/bath-tub-spout-stainless-steel-4",
      "reason": "fetch failed"
    },
    {
      "url": "https://www.jaquar.com/en/bath-tub-spout-graphite-4",
      "reason": "fetch failed"
    },
    {
      "url": "https://www.jaquar.com/en/bath-tub-spout-black-matt-4",
      "reason": "fetch failed"
    },
    {
      "url": "https://www.jaquar.com/en/bath-tub-spout-black-chrome-4",
      "reason": "fetch failed"
    },
    {
      "url": "https://www.jaquar.com/en/bath-tub-spout-antique-copper-4",
      "reason": "fetch failed"
    },
    {
      "url": "https://www.jaquar.com/en/bath-tub-spout-antique-bronze-4",
      "reason": "fetch failed"
    },
    {
      "url": "https://www.jaquar.com/en/bath-tub-spout-chrome-3",
      "reason": "fetch failed"
    },
    {
      "url": "https://www.jaquar.com/en/ornamix-prime-bath-tub-spout-stainless-steel",
      "reason": "fetch failed"
    },
    {
      "url": "https://www.jaquar.com/en/ornamix-prime-bath-tub-spout-graphite",
      "reason": "fetch failed"
    },
    {
      "url": "https://www.jaquar.com/en/ornamix-prime-bath-tub-spout-black-matt",
      "reason": "fetch failed"
    },
    {
      "url": "https://www.jaquar.com/en/ornamix-prime-bath-tub-spout-black-chrome",
      "reason": "fetch failed"
    },
    {
      "url": "https://www.jaquar.com/en/ornamix-prime-bath-tub-spout-antique-copper",
      "reason": "fetch failed"
    },
    {
      "url": "https://www.jaquar.com/en/ornamix-prime-bath-tub-spout-antique-bronze",
      "reason": "fetch failed"
    },
    {
      "url": "https://www.jaquar.com/en/ornamix-prime-bath-tub-spout-chrome",
      "reason": "fetch failed"
    },
    {
      "url": "https://www.jaquar.com/en/exposed-parts-of-floor-mounted-single-lever-bath-mixer-stainless-steel-5",
      "reason": "fetch failed"
    },
    {
      "url": "https://www.jaquar.com/en/exposed-parts-of-floor-mounted-single-lever-bath-mixer-graphite-5",
      "reason": "fetch failed"
    },
    {
      "url": "https://www.jaquar.com/en/exposed-parts-of-floor-mounted-single-lever-bath-mixer-black-matt-5",
      "reason": "fetch failed"
    },
    {
      "url": "https://www.jaquar.com/en/exposed-parts-of-floor-mounted-single-lever-bath-mixer-black-chrome-5",
      "reason": "fetch failed"
    },
    {
      "url": "https://www.jaquar.com/en/exposed-parts-of-floor-mounted-single-lever-bath-mixer-antique-copper-5",
      "reason": "fetch failed"
    },
    {
      "url": "https://www.jaquar.com/en/exposed-parts-of-floor-mounted-single-lever-bath-mixer-antique-bronze-5",
      "reason": "fetch failed"
    },
    {
      "url": "https://www.jaquar.com/en/exposed-parts-of-floor-mounted-single-lever-bath-mixer-chrome-5",
      "reason": "fetch failed"
    },
    {
      "url": "https://www.jaquar.com/en/exposed-parts-of-floor-mounted-single-lever-bath-mixer-stainless-steel-4",
      "reason": "fetch failed"
    },
    {
      "url": "https://www.jaquar.com/en/exposed-parts-of-floor-mounted-single-lever-bath-mixer-graphite-4",
      "reason": "fetch failed"
    },
    {
      "url": "https://www.jaquar.com/en/exposed-parts-of-floor-mounted-single-lever-bath-mixer-black-matt-4",
      "reason": "fetch failed"
    },
    {
      "url": "https://www.jaquar.com/en/exposed-parts-of-floor-mounted-single-lever-bath-mixer-black-chrome-4",
      "reason": "fetch failed"
    },
    {
      "url": "https://www.jaquar.com/en/exposed-parts-of-floor-mounted-single-lever-bath-mixer-antique-copper-4",
      "reason": "fetch failed"
    },
    {
      "url": "https://www.jaquar.com/en/exposed-parts-of-floor-mounted-single-lever-bath-mixer-antique-bronze-4",
      "reason": "fetch failed"
    },
    {
      "url": "https://www.jaquar.com/en/exposed-parts-of-floor-mounted-single-lever-bath-mixer-chrome-4",
      "reason": "fetch failed"
    },
    {
      "url": "https://www.jaquar.com/en/exposed-parts-of-floor-mounted-single-lever-bath-mixer-stainless-steel-3",
      "reason": "fetch failed"
    },
    {
      "url": "https://www.jaquar.com/en/exposed-parts-of-floor-mounted-single-lever-bath-mixer-graphite-3",
      "reason": "fetch failed"
    },
    {
      "url": "https://www.jaquar.com/en/exposed-parts-of-floor-mounted-single-lever-bath-mixer-black-matt-3",
      "reason": "fetch failed"
    },
    {
      "url": "https://www.jaquar.com/en/exposed-parts-of-floor-mounted-single-lever-bath-mixer-black-chrome-3",
      "reason": "fetch failed"
    },
    {
      "url": "https://www.jaquar.com/en/exposed-parts-of-floor-mounted-single-lever-bath-mixer-antique-copper-3",
      "reason": "fetch failed"
    },
    {
      "url": "https://www.jaquar.com/en/exposed-parts-of-floor-mounted-single-lever-bath-mixer-antique-bronze-3",
      "reason": "fetch failed"
    },
    {
      "url": "https://www.jaquar.com/en/exposed-parts-of-floor-mounted-single-lever-bath-mixer-chrome-3",
      "reason": "fetch failed"
    },
    {
      "url": "https://www.jaquar.com/en/robe-hook-stainless-steel-3",
      "reason": "fetch failed"
    },
    {
      "url": "https://www.jaquar.com/en/robe-hook-graphite-3",
      "reason": "fetch failed"
    },
    {
      "url": "https://www.jaquar.com/en/robe-hook-black-matt-3",
      "reason": "fetch failed"
    },
    {
      "url": "https://www.jaquar.com/en/robe-hook-black-chrome-3",
      "reason": "fetch failed"
    },
    {
      "url": "https://www.jaquar.com/en/robe-hook-antique-copper-3",
      "reason": "fetch failed"
    },
    {
      "url": "https://www.jaquar.com/en/robe-hook-antique-bronze-3",
      "reason": "fetch failed"
    },
    {
      "url": "https://www.jaquar.com/en/robe-hook-chrome-3",
      "reason": "fetch failed"
    },
    {
      "url": "https://www.jaquar.com/en/glass-shelf-stainless-steel-2",
      "reason": "fetch failed"
    },
    {
      "url": "https://www.jaquar.com/en/glass-shelf-graphite-2",
      "reason": "fetch failed"
    },
    {
      "url": "https://www.jaquar.com/en/glass-shelf-black-matt-2",
      "reason": "fetch failed"
    },
    {
      "url": "https://www.jaquar.com/en/glass-shelf-black-chrome-2",
      "reason": "fetch failed"
    },
    {
      "url": "https://www.jaquar.com/en/glass-shelf-antique-copper-2",
      "reason": "fetch failed"
    },
    {
      "url": "https://www.jaquar.com/en/glass-shelf-antique-bronze-2",
      "reason": "fetch failed"
    },
    {
      "url": "https://www.jaquar.com/en/glass-shelf-chrome-3",
      "reason": "fetch failed"
    },
    {
      "url": "https://www.jaquar.com/en/toilet-roll-holder-stainless-steel-4",
      "reason": "fetch failed"
    },
    {
      "url": "https://www.jaquar.com/en/toilet-roll-holder-graphite-4",
      "reason": "fetch failed"
    },
    {
      "url": "https://www.jaquar.com/en/toilet-roll-holder-black-matt-4",
      "reason": "fetch failed"
    },
    {
      "url": "https://www.jaquar.com/en/toilet-roll-holder-black-chrome-4",
      "reason": "fetch failed"
    },
    {
      "url": "https://www.jaquar.com/en/toilet-roll-holder-antique-copper-4",
      "reason": "fetch failed"
    },
    {
      "url": "https://www.jaquar.com/en/toilet-roll-holder-antique-bronze-4",
      "reason": "fetch failed"
    },
    {
      "url": "https://www.jaquar.com/en/toilet-roll-holder-chrome-6",
      "reason": "fetch failed"
    },
    {
      "url": "https://www.jaquar.com/en/toilet-roll-holder-stainless-steel-3",
      "reason": "fetch failed"
    },
    {
      "url": "https://www.jaquar.com/en/toilet-roll-holder-graphite-3",
      "reason": "fetch failed"
    },
    {
      "url": "https://www.jaquar.com/en/toilet-roll-holder-black-matt-3",
      "reason": "fetch failed"
    },
    {
      "url": "https://www.jaquar.com/en/toilet-roll-holder-black-chrome-3",
      "reason": "fetch failed"
    },
    {
      "url": "https://www.jaquar.com/en/toilet-roll-holder-antique-copper-3",
      "reason": "fetch failed"
    },
    {
      "url": "https://www.jaquar.com/en/toilet-roll-holder-antique-bronze-3",
      "reason": "fetch failed"
    },
    {
      "url": "https://www.jaquar.com/en/toilet-roll-holder-chrome-4",
      "reason": "fetch failed"
    },
    {
      "url": "https://www.jaquar.com/en/tumbler-holder-stainless-steel-3",
      "reason": "fetch failed"
    },
    {
      "url": "https://www.jaquar.com/en/tumbler-holder-graphite-3",
      "reason": "fetch failed"
    },
    {
      "url": "https://www.jaquar.com/en/tumbler-holder-black-matt-3",
      "reason": "fetch failed"
    },
    {
      "url": "https://www.jaquar.com/en/tumbler-holder-black-chrome-3",
      "reason": "fetch failed"
    },
    {
      "url": "https://www.jaquar.com/en/tumbler-holder-antique-copper-3",
      "reason": "fetch failed"
    },
    {
      "url": "https://www.jaquar.com/en/tumbler-holder-antique-bronze-3",
      "reason": "fetch failed"
    },
    {
      "url": "https://www.jaquar.com/en/tumbler-holder-chrome-2",
      "reason": "fetch failed"
    },
    {
      "url": "https://www.jaquar.com/en/soap-dish-polycarbonate-stainless-steel",
      "reason": "fetch failed"
    },
    {
      "url": "https://www.jaquar.com/en/soap-dish-polycarbonate-graphite",
      "reason": "fetch failed"
    },
    {
      "url": "https://www.jaquar.com/en/soap-dish-polycarbonate-black-matt",
      "reason": "fetch failed"
    },
    {
      "url": "https://www.jaquar.com/en/soap-dish-polycarbonate-black-chrome",
      "reason": "fetch failed"
    },
    {
      "url": "https://www.jaquar.com/en/soap-dish-polycarbonate-antique-copper",
      "reason": "fetch failed"
    },
    {
      "url": "https://www.jaquar.com/en/soap-dish-polycarbonate-antique-bronze",
      "reason": "fetch failed"
    },
    {
      "url": "https://www.jaquar.com/en/soap-dish-polycarbonate-chrome",
      "reason": "fetch failed"
    },
    {
      "url": "https://www.jaquar.com/en/towel-ring-round-stainless-steel",
      "reason": "fetch failed"
    },
    {
      "url": "https://www.jaquar.com/en/towel-ring-round-graphite",
      "reason": "fetch failed"
    },
    {
      "url": "https://www.jaquar.com/en/towel-ring-round-black-matt",
      "reason": "fetch failed"
    },
    {
      "url": "https://www.jaquar.com/en/towel-ring-round-black-chrome",
      "reason": "fetch failed"
    },
    {
      "url": "https://www.jaquar.com/en/towel-ring-round-antique-copper",
      "reason": "fetch failed"
    },
    {
      "url": "https://www.jaquar.com/en/towel-ring-round-antique-bronze",
      "reason": "fetch failed"
    },
    {
      "url": "https://www.jaquar.com/en/towel-ring-round-chrome",
      "reason": "fetch failed"
    },
    {
      "url": "https://www.jaquar.com/en/single-towel-rail-stainless-steel-4",
      "reason": "fetch failed"
    },
    {
      "url": "https://www.jaquar.com/en/single-towel-rail-graphite-4",
      "reason": "fetch failed"
    },
    {
      "url": "https://www.jaquar.com/en/single-towel-rail-black-matt-4",
      "reason": "fetch failed"
    },
    {
      "url": "https://www.jaquar.com/en/single-towel-rail-black-chrome-4",
      "reason": "fetch failed"
    },
    {
      "url": "https://www.jaquar.com/en/single-towel-rail-antique-copper-4",
      "reason": "fetch failed"
    },
    {
      "url": "https://www.jaquar.com/en/single-towel-rail-antique-bronze-4",
      "reason": "fetch failed"
    },
    {
      "url": "https://www.jaquar.com/en/single-towel-rail-chrome-5",
      "reason": "fetch failed"
    },
    {
      "url": "https://www.jaquar.com/en/single-towel-rail-stainless-steel-3",
      "reason": "fetch failed"
    },
    {
      "url": "https://www.jaquar.com/en/single-towel-rail-graphite-3",
      "reason": "fetch failed"
    },
    {
      "url": "https://www.jaquar.com/en/single-towel-rail-black-matt-3",
      "reason": "fetch failed"
    },
    {
      "url": "https://www.jaquar.com/en/single-towel-rail-black-chrome-3",
      "reason": "fetch failed"
    },
    {
      "url": "https://www.jaquar.com/en/single-towel-rail-antique-copper-3",
      "reason": "fetch failed"
    },
    {
      "url": "https://www.jaquar.com/en/single-towel-rail-chrome-4",
      "reason": "fetch failed"
    },
    {
      "url": "https://www.jaquar.com/en/single-towel-rail-stainless-steel-2",
      "reason": "fetch failed"
    },
    {
      "url": "https://www.jaquar.com/en/single-towel-rail-graphite-2",
      "reason": "fetch failed"
    },
    {
      "url": "https://www.jaquar.com/en/single-towel-rail-black-chrome-2",
      "reason": "fetch failed"
    },
    {
      "url": "https://www.jaquar.com/en/single-towel-rail-antique-copper-2",
      "reason": "fetch failed"
    },
    {
      "url": "https://www.jaquar.com/en/single-towel-rail-antique-bronze-2",
      "reason": "fetch failed"
    },
    {
      "url": "https://www.jaquar.com/en/single-towel-rail-chrome-3",
      "reason": "fetch failed"
    },
    {
      "url": "https://www.jaquar.com/en/pillar-cock-stainless-steel-12",
      "reason": "fetch failed"
    },
    {
      "url": "https://www.jaquar.com/en/pillar-cock-graphite-12",
      "reason": "fetch failed"
    },
    {
      "url": "https://www.jaquar.com/en/pillar-cock-black-matt-12",
      "reason": "fetch failed"
    },
    {
      "url": "https://www.jaquar.com/en/pillar-cock-black-chrome-12",
      "reason": "fetch failed"
    },
    {
      "url": "https://www.jaquar.com/en/pillar-cock-antique-copper-13",
      "reason": "fetch failed"
    },
    {
      "url": "https://www.jaquar.com/en/pillar-cock-antique-bronze-10",
      "reason": "fetch failed"
    },
    {
      "url": "https://www.jaquar.com/en/pillar-cock-chrome-11",
      "reason": "fetch failed"
    },
    {
      "url": "https://www.jaquar.com/en/single-lever-concealed-deusch-mixer-stainless-steel-7",
      "reason": "fetch failed"
    },
    {
      "url": "https://www.jaquar.com/en/single-lever-concealed-deusch-mixer-graphite-7",
      "reason": "fetch failed"
    },
    {
      "url": "https://www.jaquar.com/en/single-lever-concealed-deusch-mixer-black-matt-7",
      "reason": "fetch failed"
    },
    {
      "url": "https://www.jaquar.com/en/single-lever-concealed-deusch-mixer-black-chrome-7",
      "reason": "fetch failed"
    },
    {
      "url": "https://www.jaquar.com/en/single-lever-concealed-deusch-mixer-antique-copper-7",
      "reason": "fetch failed"
    },
    {
      "url": "https://www.jaquar.com/en/single-lever-concealed-deusch-mixer-antique-bronze-7",
      "reason": "fetch failed"
    },
    {
      "url": "https://www.jaquar.com/en/single-lever-concealed-deusch-mixer-chrome-7",
      "reason": "fetch failed"
    },
    {
      "url": "https://www.jaquar.com/en/single-lever-1-hole-bidet-mixer-stainless-steel-2",
      "reason": "fetch failed"
    },
    {
      "url": "https://www.jaquar.com/en/single-lever-1-hole-bidet-mixer-graphite-2",
      "reason": "fetch failed"
    },
    {
      "url": "https://www.jaquar.com/en/single-lever-1-hole-bidet-mixer-black-matt-2",
      "reason": "fetch failed"
    },
    {
      "url": "https://www.jaquar.com/en/single-lever-1-hole-bidet-mixer-black-chrome-2",
      "reason": "fetch failed"
    },
    {
      "url": "https://www.jaquar.com/en/single-lever-1-hole-bidet-mixer-antique-copper-2",
      "reason": "fetch failed"
    },
    {
      "url": "https://www.jaquar.com/en/single-lever-1-hole-bidet-mixer-antique-bronze-2",
      "reason": "fetch failed"
    },
    {
      "url": "https://www.jaquar.com/en/single-lever-1-hole-bidet-mixer-chrome-2",
      "reason": "fetch failed"
    },
    {
      "url": "https://www.jaquar.com/en/exposed-parts-of-floor-mounted-single-lever-bath-mixer-stainless-steel-2",
      "reason": "fetch failed"
    },
    {
      "url": "https://www.jaquar.com/en/exposed-parts-of-floor-mounted-single-lever-bath-mixer-graphite-2",
      "reason": "fetch failed"
    },
    {
      "url": "https://www.jaquar.com/en/exposed-parts-of-floor-mounted-single-lever-bath-mixer-black-matt-2",
      "reason": "fetch failed"
    },
    {
      "url": "https://www.jaquar.com/en/exposed-parts-of-floor-mounted-single-lever-bath-mixer-black-chrome-2",
      "reason": "fetch failed"
    },
    {
      "url": "https://www.jaquar.com/en/exposed-parts-of-floor-mounted-single-lever-bath-mixer-antique-copper-2",
      "reason": "fetch failed"
    },
    {
      "url": "https://www.jaquar.com/en/exposed-parts-of-floor-mounted-single-lever-bath-mixer-antique-bronze-2",
      "reason": "fetch failed"
    },
    {
      "url": "https://www.jaquar.com/en/exposed-parts-of-floor-mounted-single-lever-bath-mixer-chrome-2",
      "reason": "fetch failed"
    },
    {
      "url": "https://www.jaquar.com/en/single-lever-wall-mixer-stainless-steel-10",
      "reason": "fetch failed"
    },
    {
      "url": "https://www.jaquar.com/en/single-lever-wall-mixer-graphite-11",
      "reason": "fetch failed"
    },
    {
      "url": "https://www.jaquar.com/en/single-lever-wall-mixer-black-matt-10",
      "reason": "fetch failed"
    },
    {
      "url": "https://www.jaquar.com/en/single-lever-wall-mixer-black-chrome-10",
      "reason": "fetch failed"
    },
    {
      "url": "https://www.jaquar.com/en/single-lever-wall-mixer-antique-copper-10",
      "reason": "fetch failed"
    },
    {
      "url": "https://www.jaquar.com/en/single-lever-wall-mixer-antique-bronze-10",
      "reason": "fetch failed"
    },
    {
      "url": "https://www.jaquar.com/en/single-lever-wall-mixer-chrome-11",
      "reason": "fetch failed"
    },
    {
      "url": "https://www.jaquar.com/en/exposed-part-kit-of-concealed-stop-cock-stainless-steel-4",
      "reason": "fetch failed"
    },
    {
      "url": "https://www.jaquar.com/en/exposed-part-kit-of-concealed-stop-cock-graphite-4",
      "reason": "fetch failed"
    },
    {
      "url": "https://www.jaquar.com/en/exposed-part-kit-of-concealed-stop-cock-black-matt-4",
      "reason": "fetch failed"
    },
    {
      "url": "https://www.jaquar.com/en/exposed-part-kit-of-concealed-stop-cock-black-chrome-4",
      "reason": "fetch failed"
    },
    {
      "url": "https://www.jaquar.com/en/exposed-part-kit-of-concealed-stop-cock-antique-copper-4",
      "reason": "fetch failed"
    },
    {
      "url": "https://www.jaquar.com/en/exposed-part-kit-of-concealed-stop-cock-antique-bronze-4",
      "reason": "fetch failed"
    },
    {
      "url": "https://www.jaquar.com/en/exposed-part-kit-of-concealed-stop-cock-chrome-7",
      "reason": "fetch failed"
    },
    {
      "url": "https://www.jaquar.com/en/2-way-bib-cock-stainless-steel-6",
      "reason": "fetch failed"
    },
    {
      "url": "https://www.jaquar.com/en/2-way-bib-cock-graphite-7",
      "reason": "fetch failed"
    },
    {
      "url": "https://www.jaquar.com/en/2-way-bib-cock-black-matt-7",
      "reason": "fetch failed"
    },
    {
      "url": "https://www.jaquar.com/en/2-way-bib-cock-black-chrome-7",
      "reason": "fetch failed"
    },
    {
      "url": "https://www.jaquar.com/en/2-way-bib-cock-antique-copper-7",
      "reason": "fetch failed"
    },
    {
      "url": "https://www.jaquar.com/en/2-way-bib-cock-antique-bronze-7",
      "reason": "fetch failed"
    },
    {
      "url": "https://www.jaquar.com/en/2-way-bib-cock-chrome-7",
      "reason": "fetch failed"
    },
    {
      "url": "https://www.jaquar.com/en/bib-cock-stainless-steel-6",
      "reason": "fetch failed"
    },
    {
      "url": "https://www.jaquar.com/en/bib-cock-graphite-6",
      "reason": "fetch failed"
    },
    {
      "url": "https://www.jaquar.com/en/bib-cock-black-matt-6",
      "reason": "fetch failed"
    },
    {
      "url": "https://www.jaquar.com/en/bib-cock-black-chrome-6",
      "reason": "fetch failed"
    },
    {
      "url": "https://www.jaquar.com/en/bib-cock-antique-copper-6",
      "reason": "fetch failed"
    },
    {
      "url": "https://www.jaquar.com/en/bib-cock-antique-bronze-6",
      "reason": "fetch failed"
    },
    {
      "url": "https://www.jaquar.com/en/bib-cock-chrome-7",
      "reason": "fetch failed"
    },
    {
      "url": "https://www.jaquar.com/en/pillar-cock-with-135mm-extension-body-stainless-steel",
      "reason": "fetch failed"
    },
    {
      "url": "https://www.jaquar.com/en/pillar-cock-with-135mm-extension-body-graphite",
      "reason": "fetch failed"
    },
    {
      "url": "https://www.jaquar.com/en/pillar-cock-with-135mm-extension-body-black-matt",
      "reason": "fetch failed"
    },
    {
      "url": "https://www.jaquar.com/en/pillar-cock-with-135mm-extension-body-black-chrome",
      "reason": "fetch failed"
    },
    {
      "url": "https://www.jaquar.com/en/pillar-cock-with-135mm-extension-body-antique-copper",
      "reason": "fetch failed"
    },
    {
      "url": "https://www.jaquar.com/en/pillar-cock-with-135mm-extension-body-antique-bronze",
      "reason": "fetch failed"
    },
    {
      "url": "https://www.jaquar.com/en/pillar-cock-with-135mm-extension-body-chrome",
      "reason": "fetch failed"
    },
    {
      "url": "https://www.jaquar.com/en/hand-shower-health-faucet-stainless-steel",
      "reason": "fetch failed"
    },
    {
      "url": "https://www.jaquar.com/en/hand-shower-health-faucet-graphite",
      "reason": "fetch failed"
    },
    {
      "url": "https://www.jaquar.com/en/hand-shower-health-faucet-black-chrome",
      "reason": "fetch failed"
    },
    {
      "url": "https://www.jaquar.com/en/hand-shower-health-faucet-antique-copper",
      "reason": "fetch failed"
    },
    {
      "url": "https://www.jaquar.com/en/hand-shower-health-faucet-antique-bronze",
      "reason": "fetch failed"
    },
    {
      "url": "https://www.jaquar.com/en/hand-shower-health-faucet-chrome",
      "reason": "fetch failed"
    },
    {
      "url": "https://www.jaquar.com/en/robe-hook-stainless-steel-2",
      "reason": "fetch failed"
    },
    {
      "url": "https://www.jaquar.com/en/robe-hook-graphite-2",
      "reason": "fetch failed"
    },
    {
      "url": "https://www.jaquar.com/en/robe-hook-black-matt-2",
      "reason": "fetch failed"
    },
    {
      "url": "https://www.jaquar.com/en/robe-hook-black-chrome-2",
      "reason": "fetch failed"
    },
    {
      "url": "https://www.jaquar.com/en/robe-hook-antique-copper-2",
      "reason": "fetch failed"
    },
    {
      "url": "https://www.jaquar.com/en/robe-hook-antique-bronze-2",
      "reason": "fetch failed"
    },
    {
      "url": "https://www.jaquar.com/en/robe-hook-chrome-2",
      "reason": "fetch failed"
    },
    {
      "url": "https://www.jaquar.com/en/glass-shelf-stainless-steel",
      "reason": "fetch failed"
    },
    {
      "url": "https://www.jaquar.com/en/glass-shelf-graphite",
      "reason": "fetch failed"
    },
    {
      "url": "https://www.jaquar.com/en/glass-shelf-black-matt",
      "reason": "fetch failed"
    },
    {
      "url": "https://www.jaquar.com/en/glass-shelf-black-chrome",
      "reason": "fetch failed"
    },
    {
      "url": "https://www.jaquar.com/en/glass-shelf-antique-copper",
      "reason": "fetch failed"
    },
    {
      "url": "https://www.jaquar.com/en/glass-shelf-antique-bronze",
      "reason": "fetch failed"
    },
    {
      "url": "https://www.jaquar.com/en/glass-shelf-chrome-2",
      "reason": "fetch failed"
    },
    {
      "url": "https://www.jaquar.com/en/spare-toilet-roll-holder-stainless-steel-2",
      "reason": "fetch failed"
    },
    {
      "url": "https://www.jaquar.com/en/spare-toilet-roll-holder-graphite-2",
      "reason": "fetch failed"
    },
    {
      "url": "https://www.jaquar.com/en/spare-toilet-roll-holder-black-matt-2",
      "reason": "fetch failed"
    },
    {
      "url": "https://www.jaquar.com/en/spare-toilet-roll-holder-black-chrome-2",
      "reason": "fetch failed"
    },
    {
      "url": "https://www.jaquar.com/en/spare-toilet-roll-holder-antique-copper-2",
      "reason": "fetch failed"
    },
    {
      "url": "https://www.jaquar.com/en/spare-toilet-roll-holder-antique-bronze-2",
      "reason": "fetch failed"
    },
    {
      "url": "https://www.jaquar.com/en/spare-toilet-roll-holder-chrome-2",
      "reason": "fetch failed"
    },
    {
      "url": "https://www.jaquar.com/en/toilet-roll-holder-with-flap-stainless-steel-2",
      "reason": "fetch failed"
    },
    {
      "url": "https://www.jaquar.com/en/toilet-roll-holder-with-flap-graphite-2",
      "reason": "fetch failed"
    },
    {
      "url": "https://www.jaquar.com/en/toilet-roll-holder-with-flap-black-matt-2",
      "reason": "fetch failed"
    },
    {
      "url": "https://www.jaquar.com/en/toilet-roll-holder-with-flap-black-chrome-2",
      "reason": "fetch failed"
    },
    {
      "url": "https://www.jaquar.com/en/toilet-roll-holder-with-flap-antique-copper-2",
      "reason": "fetch failed"
    },
    {
      "url": "https://www.jaquar.com/en/toilet-roll-holder-with-flap-antique-bronze-2",
      "reason": "fetch failed"
    },
    {
      "url": "https://www.jaquar.com/en/toilet-roll-holder-with-flap-chrome-2",
      "reason": "fetch failed"
    },
    {
      "url": "https://www.jaquar.com/en/toilet-roll-holder-stainless-steel-2",
      "reason": "fetch failed"
    },
    {
      "url": "https://www.jaquar.com/en/toilet-roll-holder-graphite-2",
      "reason": "fetch failed"
    },
    {
      "url": "https://www.jaquar.com/en/toilet-roll-holder-black-matt-2",
      "reason": "fetch failed"
    },
    {
      "url": "https://www.jaquar.com/en/toilet-roll-holder-black-chrome-2",
      "reason": "fetch failed"
    },
    {
      "url": "https://www.jaquar.com/en/toilet-roll-holder-antique-copper-2",
      "reason": "fetch failed"
    },
    {
      "url": "https://www.jaquar.com/en/toilet-roll-holder-antique-bronze-2",
      "reason": "fetch failed"
    },
    {
      "url": "https://www.jaquar.com/en/toilet-roll-holder-chrome-2",
      "reason": "fetch failed"
    },
    {
      "url": "https://www.jaquar.com/en/wc-brush-holder-stainless-steel-2",
      "reason": "fetch failed"
    },
    {
      "url": "https://www.jaquar.com/en/wc-brush-holder-graphite-2",
      "reason": "fetch failed"
    },
    {
      "url": "https://www.jaquar.com/en/wc-brush-holder-black-matt-2",
      "reason": "fetch failed"
    },
    {
      "url": "https://www.jaquar.com/en/wc-brush-holder-black-chrome-2",
      "reason": "fetch failed"
    },
    {
      "url": "https://www.jaquar.com/en/wc-brush-holder-antique-copper-2",
      "reason": "fetch failed"
    },
    {
      "url": "https://www.jaquar.com/en/wc-brush-holder-antique-bronze-2",
      "reason": "fetch failed"
    },
    {
      "url": "https://www.jaquar.com/en/wc-brush-holder-chrome-2",
      "reason": "fetch failed"
    },
    {
      "url": "https://www.jaquar.com/en/tumbler-holder-stainless-steel-2",
      "reason": "fetch failed"
    },
    {
      "url": "https://www.jaquar.com/en/tumbler-holder-graphite-2",
      "reason": "fetch failed"
    },
    {
      "url": "https://www.jaquar.com/en/tumbler-holder-black-matt-2",
      "reason": "fetch failed"
    },
    {
      "url": "https://www.jaquar.com/en/tumbler-holder-black-chrome-2",
      "reason": "fetch failed"
    },
    {
      "url": "https://www.jaquar.com/en/tumbler-holder-antique-copper-2",
      "reason": "fetch failed"
    },
    {
      "url": "https://www.jaquar.com/en/tumbler-holder-chrome",
      "reason": "fetch failed"
    },
    {
      "url": "https://www.jaquar.com/en/tumbler-holder-antique-bronze-2",
      "reason": "fetch failed"
    },
    {
      "url": "https://www.jaquar.com/en/soap-dispenser-stainless-steel-3",
      "reason": "fetch failed"
    },
    {
      "url": "https://www.jaquar.com/en/soap-dispenser-graphite-3",
      "reason": "fetch failed"
    },
    {
      "url": "https://www.jaquar.com/en/soap-dispenser-black-matt-3",
      "reason": "fetch failed"
    },
    {
      "url": "https://www.jaquar.com/en/soap-dispenser-black-chrome-3",
      "reason": "fetch failed"
    },
    {
      "url": "https://www.jaquar.com/en/soap-dispenser-antique-copper-4",
      "reason": "fetch failed"
    },
    {
      "url": "https://www.jaquar.com/en/soap-dispenser-antique-bronze-3",
      "reason": "fetch failed"
    },
    {
      "url": "https://www.jaquar.com/en/soap-dispenser-chrome-4",
      "reason": "fetch failed"
    },
    {
      "url": "https://www.jaquar.com/en/soap-dish-holder-stainless-steel-3",
      "reason": "fetch failed"
    },
    {
      "url": "https://www.jaquar.com/en/soap-dish-holder-graphite-3",
      "reason": "fetch failed"
    },
    {
      "url": "https://www.jaquar.com/en/soap-dish-holder-black-matt-3",
      "reason": "fetch failed"
    },
    {
      "url": "https://www.jaquar.com/en/soap-dish-holder-black-chrome-3",
      "reason": "fetch failed"
    },
    {
      "url": "https://www.jaquar.com/en/soap-dish-holder-antique-copper-3",
      "reason": "fetch failed"
    },
    {
      "url": "https://www.jaquar.com/en/soap-dish-holder-antique-bronze-2",
      "reason": "fetch failed"
    },
    {
      "url": "https://www.jaquar.com/en/soap-dish-holder-chrome-2",
      "reason": "fetch failed"
    },
    {
      "url": "https://www.jaquar.com/en/towel-ring-square-stainless-steel",
      "reason": "fetch failed"
    },
    {
      "url": "https://www.jaquar.com/en/towel-ring-square-graphite",
      "reason": "fetch failed"
    },
    {
      "url": "https://www.jaquar.com/en/towel-ring-square-black-matt",
      "reason": "fetch failed"
    },
    {
      "url": "https://www.jaquar.com/en/towel-ring-square-black-chrome",
      "reason": "fetch failed"
    },
    {
      "url": "https://www.jaquar.com/en/towel-ring-square-antique-copper",
      "reason": "fetch failed"
    },
    {
      "url": "https://www.jaquar.com/en/towel-ring-square-antique-bronze",
      "reason": "fetch failed"
    },
    {
      "url": "https://www.jaquar.com/en/towel-ring-square-chrome",
      "reason": "fetch failed"
    },
    {
      "url": "https://www.jaquar.com/en/swivel-towel-holder-stainless-steel",
      "reason": "fetch failed"
    },
    {
      "url": "https://www.jaquar.com/en/swivel-towel-holder-graphite",
      "reason": "fetch failed"
    },
    {
      "url": "https://www.jaquar.com/en/swivel-towel-holder-black-matt",
      "reason": "fetch failed"
    },
    {
      "url": "https://www.jaquar.com/en/swivel-towel-holder-black-chrome",
      "reason": "fetch failed"
    },
    {
      "url": "https://www.jaquar.com/en/swivel-towel-holder-antique-copper",
      "reason": "fetch failed"
    },
    {
      "url": "https://www.jaquar.com/en/swivel-towel-holder-antique-bronze",
      "reason": "fetch failed"
    },
    {
      "url": "https://www.jaquar.com/en/swivel-towel-holder-chrome",
      "reason": "fetch failed"
    },
    {
      "url": "https://www.jaquar.com/en/single-towel-rail-stainless-steel",
      "reason": "fetch failed"
    },
    {
      "url": "https://www.jaquar.com/en/single-towel-rail-graphite",
      "reason": "fetch failed"
    },
    {
      "url": "https://www.jaquar.com/en/single-towel-rail-black-matt",
      "reason": "fetch failed"
    },
    {
      "url": "https://www.jaquar.com/en/single-towel-rail-black-chrome",
      "reason": "fetch failed"
    },
    {
      "url": "https://www.jaquar.com/en/single-towel-rail-antique-copper",
      "reason": "fetch failed"
    },
    {
      "url": "https://www.jaquar.com/en/single-towel-rail-antique-bronze",
      "reason": "fetch failed"
    },
    {
      "url": "https://www.jaquar.com/en/single-towel-rail-chrome-2",
      "reason": "fetch failed"
    },
    {
      "url": "https://www.jaquar.com/en/grab-bar-stainless-steel",
      "reason": "fetch failed"
    },
    {
      "url": "https://www.jaquar.com/en/grab-bar-graphite",
      "reason": "fetch failed"
    },
    {
      "url": "https://www.jaquar.com/en/grab-bar-black-matt",
      "reason": "fetch failed"
    },
    {
      "url": "https://www.jaquar.com/en/grab-bar-black-chrome",
      "reason": "fetch failed"
    },
    {
      "url": "https://www.jaquar.com/en/grab-bar-antique-copper",
      "reason": "fetch failed"
    },
    {
      "url": "https://www.jaquar.com/en/grab-bar-antique-bronze",
      "reason": "fetch failed"
    },
    {
      "url": "https://www.jaquar.com/en/grab-bar-chrome",
      "reason": "fetch failed"
    },
    {
      "url": "https://www.jaquar.com/en/robe-hook-stainless-steel",
      "reason": "fetch failed"
    },
    {
      "url": "https://www.jaquar.com/en/robe-hook-graphite",
      "reason": "fetch failed"
    },
    {
      "url": "https://www.jaquar.com/en/robe-hook-black-matt",
      "reason": "fetch failed"
    },
    {
      "url": "https://www.jaquar.com/en/robe-hook-black-chrome",
      "reason": "fetch failed"
    },
    {
      "url": "https://www.jaquar.com/en/robe-hook-antique-copper",
      "reason": "fetch failed"
    },
    {
      "url": "https://www.jaquar.com/en/robe-hook-antique-bronze",
      "reason": "fetch failed"
    },
    {
      "url": "https://www.jaquar.com/en/robe-hook-chrome",
      "reason": "fetch failed"
    },
    {
      "url": "https://www.jaquar.com/en/towel-rack-600mm-long-stainless-steel-2",
      "reason": "fetch failed"
    },
    {
      "url": "https://www.jaquar.com/en/towel-rack-600mm-long-graphite-2",
      "reason": "fetch failed"
    },
    {
      "url": "https://www.jaquar.com/en/towel-rack-600mm-long-black-matt-2",
      "reason": "fetch failed"
    },
    {
      "url": "https://www.jaquar.com/en/towel-rack-600mm-long-black-chrome-2",
      "reason": "fetch failed"
    },
    {
      "url": "https://www.jaquar.com/en/towel-rack-600mm-long-antique-copper-2",
      "reason": "fetch failed"
    },
    {
      "url": "https://www.jaquar.com/en/towel-rack-600mm-long-antique-bronze-2",
      "reason": "fetch failed"
    },
    {
      "url": "https://www.jaquar.com/en/towel-rack-600mm-long-chrome-2",
      "reason": "fetch failed"
    },
    {
      "url": "https://www.jaquar.com/en/towel-rack-600mm-long-graphite",
      "reason": "fetch failed"
    },
    {
      "url": "https://www.jaquar.com/en/towel-rack-600mm-long-stainless-steel",
      "reason": "fetch failed"
    },
    {
      "url": "https://www.jaquar.com/en/towel-rack-600mm-long-black-matt",
      "reason": "fetch failed"
    },
    {
      "url": "https://www.jaquar.com/en/towel-rack-600mm-long-black-chrome",
      "reason": "fetch failed"
    },
    {
      "url": "https://www.jaquar.com/en/towel-rack-600mm-long-antique-copper",
      "reason": "fetch failed"
    },
    {
      "url": "https://www.jaquar.com/en/towel-rack-600mm-long-antique-bronze",
      "reason": "fetch failed"
    },
    {
      "url": "https://www.jaquar.com/en/towel-rack-600mm-long-chrome",
      "reason": "fetch failed"
    },
    {
      "url": "https://www.jaquar.com/en/towel-rack-stainless-steel",
      "reason": "fetch failed"
    },
    {
      "url": "https://www.jaquar.com/en/towel-rack-graphite",
      "reason": "fetch failed"
    },
    {
      "url": "https://www.jaquar.com/en/towel-rack-black-matt",
      "reason": "fetch failed"
    },
    {
      "url": "https://www.jaquar.com/en/towel-rack-black-chrome",
      "reason": "fetch failed"
    },
    {
      "url": "https://www.jaquar.com/en/towel-rack-antique-copper",
      "reason": "fetch failed"
    },
    {
      "url": "https://www.jaquar.com/en/towel-rack-antique-bronze",
      "reason": "fetch failed"
    },
    {
      "url": "https://www.jaquar.com/en/towel-rack-chrome",
      "reason": "fetch failed"
    },
    {
      "url": "https://www.jaquar.com/en/corner-glass-shelf-stainless-steel",
      "reason": "fetch failed"
    },
    {
      "url": "https://www.jaquar.com/en/corner-glass-shelf-graphite",
      "reason": "fetch failed"
    },
    {
      "url": "https://www.jaquar.com/en/corner-glass-shelf-black-matt",
      "reason": "fetch failed"
    },
    {
      "url": "https://www.jaquar.com/en/corner-glass-shelf-black-chrome",
      "reason": "fetch failed"
    },
    {
      "url": "https://www.jaquar.com/en/corner-glass-shelf-antique-copper",
      "reason": "fetch failed"
    },
    {
      "url": "https://www.jaquar.com/en/corner-glass-shelf-antique-bronze",
      "reason": "fetch failed"
    },
    {
      "url": "https://www.jaquar.com/en/corner-glass-shelf-chrome",
      "reason": "fetch failed"
    },
    {
      "url": "https://www.jaquar.com/en/glass-shelf-600mm-long-stainless-steel",
      "reason": "fetch failed"
    },
    {
      "url": "https://www.jaquar.com/en/glass-shelf-600mm-long-graphite",
      "reason": "fetch failed"
    },
    {
      "url": "https://www.jaquar.com/en/glass-shelf-600mm-long-black-matt",
      "reason": "fetch failed"
    },
    {
      "url": "https://www.jaquar.com/en/glass-shelf-600mm-long-black-chrome",
      "reason": "fetch failed"
    },
    {
      "url": "https://www.jaquar.com/en/glass-shelf-600mm-long-antique-copper",
      "reason": "fetch failed"
    },
    {
      "url": "https://www.jaquar.com/en/glass-shelf-600mm-long-antique-bronze",
      "reason": "fetch failed"
    },
    {
      "url": "https://www.jaquar.com/en/glass-shelf-600mm-long-chrome",
      "reason": "fetch failed"
    },
    {
      "url": "https://www.jaquar.com/en/spare-toilet-roll-holder-stainless-steel",
      "reason": "fetch failed"
    },
    {
      "url": "https://www.jaquar.com/en/spare-toilet-roll-holder-graphite",
      "reason": "fetch failed"
    },
    {
      "url": "https://www.jaquar.com/en/spare-toilet-roll-holder-black-matt",
      "reason": "fetch failed"
    },
    {
      "url": "https://www.jaquar.com/en/spare-toilet-roll-holder-black-chrome",
      "reason": "fetch failed"
    },
    {
      "url": "https://www.jaquar.com/en/spare-toilet-roll-holder-antique-copper",
      "reason": "fetch failed"
    },
    {
      "url": "https://www.jaquar.com/en/spare-toilet-roll-holder-antique-bronze",
      "reason": "fetch failed"
    },
    {
      "url": "https://www.jaquar.com/en/spare-toilet-roll-holder-chrome",
      "reason": "fetch failed"
    },
    {
      "url": "https://www.jaquar.com/en/toilet-roll-holder-with-flap-stainless-steel",
      "reason": "fetch failed"
    },
    {
      "url": "https://www.jaquar.com/en/toilet-roll-holder-with-flap-graphite",
      "reason": "fetch failed"
    },
    {
      "url": "https://www.jaquar.com/en/toilet-roll-holder-with-flap-black-matt",
      "reason": "fetch failed"
    },
    {
      "url": "https://www.jaquar.com/en/toilet-roll-holder-with-flap-black-chrome",
      "reason": "fetch failed"
    },
    {
      "url": "https://www.jaquar.com/en/toilet-roll-holder-with-flap-antique-copper",
      "reason": "fetch failed"
    },
    {
      "url": "https://www.jaquar.com/en/toilet-roll-holder-with-flap-antique-bronze",
      "reason": "fetch failed"
    },
    {
      "url": "https://www.jaquar.com/en/toilet-roll-holder-with-flap-chrome",
      "reason": "fetch failed"
    },
    {
      "url": "https://www.jaquar.com/en/toilet-roll-holder-stainless-steel",
      "reason": "fetch failed"
    },
    {
      "url": "https://www.jaquar.com/en/toilet-roll-holder-graphite",
      "reason": "fetch failed"
    },
    {
      "url": "https://www.jaquar.com/en/toilet-roll-holder-black-matt",
      "reason": "fetch failed"
    },
    {
      "url": "https://www.jaquar.com/en/toilet-roll-holder-black-chrome",
      "reason": "fetch failed"
    },
    {
      "url": "https://www.jaquar.com/en/toilet-roll-holder-antique-copper",
      "reason": "fetch failed"
    },
    {
      "url": "https://www.jaquar.com/en/toilet-roll-holder-antique-bronze",
      "reason": "fetch failed"
    },
    {
      "url": "https://www.jaquar.com/en/toilet-roll-holder-chrome",
      "reason": "fetch failed"
    },
    {
      "url": "https://www.jaquar.com/en/wc-brush-holder-stainless-steel",
      "reason": "fetch failed"
    },
    {
      "url": "https://www.jaquar.com/en/wc-brush-holder-graphite",
      "reason": "fetch failed"
    },
    {
      "url": "https://www.jaquar.com/en/wc-brush-holder-black-matt",
      "reason": "fetch failed"
    },
    {
      "url": "https://www.jaquar.com/en/wc-brush-holder-black-chrome",
      "reason": "fetch failed"
    },
    {
      "url": "https://www.jaquar.com/en/wc-brush-holder-antique-copper",
      "reason": "fetch failed"
    },
    {
      "url": "https://www.jaquar.com/en/wc-brush-holder-antique-bronze",
      "reason": "fetch failed"
    },
    {
      "url": "https://www.jaquar.com/en/wc-brush-holder-chrome",
      "reason": "fetch failed"
    },
    {
      "url": "https://www.jaquar.com/en/tumbler-holder-stainless-steel",
      "reason": "fetch failed"
    },
    {
      "url": "https://www.jaquar.com/en/tumbler-holder-graphite",
      "reason": "fetch failed"
    },
    {
      "url": "https://www.jaquar.com/en/tumbler-holder-black-matt",
      "reason": "fetch failed"
    },
    {
      "url": "https://www.jaquar.com/en/tumbler-holder-black-chrome",
      "reason": "fetch failed"
    },
    {
      "url": "https://www.jaquar.com/en/tumbler-holder-antique-copper",
      "reason": "fetch failed"
    },
    {
      "url": "https://www.jaquar.com/en/continental-tumbler-holder-antique-bronze",
      "reason": "fetch failed"
    },
    {
      "url": "https://www.jaquar.com/en/tumbler-holder-2",
      "reason": "fetch failed"
    },
    {
      "url": "https://www.jaquar.com/en/soap-dispenser-stainless-steel-2",
      "reason": "fetch failed"
    },
    {
      "url": "https://www.jaquar.com/en/soap-dispenser-graphite-2",
      "reason": "fetch failed"
    },
    {
      "url": "https://www.jaquar.com/en/soap-dispenser-black-matt-2",
      "reason": "fetch failed"
    },
    {
      "url": "https://www.jaquar.com/en/soap-dispenser-black-chrome-2",
      "reason": "fetch failed"
    },
    {
      "url": "https://www.jaquar.com/en/soap-dispenser-antique-copper-3",
      "reason": "fetch failed"
    },
    {
      "url": "https://www.jaquar.com/en/soap-dispenser-antique-bronze-2",
      "reason": "fetch failed"
    },
    {
      "url": "https://www.jaquar.com/en/soap-dispenser-chrome-3",
      "reason": "fetch failed"
    },
    {
      "url": "https://www.jaquar.com/en/soap-dispenser-stainless-steel",
      "reason": "fetch failed"
    },
    {
      "url": "https://www.jaquar.com/en/soap-dispenser-black-matt",
      "reason": "fetch failed"
    },
    {
      "url": "https://www.jaquar.com/en/soap-dispenser-graphite",
      "reason": "fetch failed"
    },
    {
      "url": "https://www.jaquar.com/en/soap-dispenser-black-chrome",
      "reason": "fetch failed"
    },
    {
      "url": "https://www.jaquar.com/en/soap-dispenser-antique-copper",
      "reason": "fetch failed"
    },
    {
      "url": "https://www.jaquar.com/en/soap-dispenser-antique-bronze",
      "reason": "fetch failed"
    },
    {
      "url": "https://www.jaquar.com/en/soap-dispenser-chrome-2",
      "reason": "fetch failed"
    },
    {
      "url": "https://www.jaquar.com/en/soap-dish-holder-stainless-steel-2",
      "reason": "fetch failed"
    },
    {
      "url": "https://www.jaquar.com/en/soap-dish-holder-graphite-2",
      "reason": "fetch failed"
    },
    {
      "url": "https://www.jaquar.com/en/soap-dish-holder-black-matt-2",
      "reason": "fetch failed"
    },
    {
      "url": "https://www.jaquar.com/en/soap-dish-holder-black-chrome-2",
      "reason": "fetch failed"
    },
    {
      "url": "https://www.jaquar.com/en/soap-dish-holder-antique-copper-2",
      "reason": "fetch failed"
    },
    {
      "url": "https://www.jaquar.com/en/soap-dish-holder-antique-bronze",
      "reason": "fetch failed"
    },
    {
      "url": "https://www.jaquar.com/en/soap-dish-holder-chrome",
      "reason": "fetch failed"
    },
    {
      "url": "https://www.jaquar.com/en/towel-ring-square-with-round-flange-stainless-steel",
      "reason": "fetch failed"
    },
    {
      "url": "https://www.jaquar.com/en/towel-ring-square-with-round-flange-graphite",
      "reason": "fetch failed"
    },
    {
      "url": "https://www.jaquar.com/en/towel-ring-square-with-round-flange-black-matt",
      "reason": "fetch failed"
    },
    {
      "url": "https://www.jaquar.com/en/towel-ring-square-with-round-flange-black-chrome",
      "reason": "fetch failed"
    },
    {
      "url": "https://www.jaquar.com/en/towel-ring-square-with-round-flange-antique-copper",
      "reason": "fetch failed"
    },
    {
      "url": "https://www.jaquar.com/en/towel-ring-square-with-round-flange-antique-bronze",
      "reason": "fetch failed"
    },
    {
      "url": "https://www.jaquar.com/en/towel-ring-square-with-round-flange-chrome",
      "reason": "fetch failed"
    },
    {
      "url": "https://www.jaquar.com/en/towel-ring-round-with-round-flange-stainless-steel",
      "reason": "fetch failed"
    },
    {
      "url": "https://www.jaquar.com/en/towel-ring-round-with-round-flange-graphite",
      "reason": "fetch failed"
    },
    {
      "url": "https://www.jaquar.com/en/towel-ring-round-with-round-flange-black-matt",
      "reason": "fetch failed"
    },
    {
      "url": "https://www.jaquar.com/en/towel-ring-round-with-round-flange-black-chrome",
      "reason": "fetch failed"
    },
    {
      "url": "https://www.jaquar.com/en/towel-ring-round-with-round-flange-antique-copper",
      "reason": "fetch failed"
    },
    {
      "url": "https://www.jaquar.com/en/towel-ring-round-with-round-flange-antique-bronze",
      "reason": "fetch failed"
    },
    {
      "url": "https://www.jaquar.com/en/swivel-towel-holder-twin-type-stainless-steel",
      "reason": "fetch failed"
    },
    {
      "url": "https://www.jaquar.com/en/swivel-towel-holder-twin-type-graphite",
      "reason": "fetch failed"
    },
    {
      "url": "https://www.jaquar.com/en/swivel-towel-holder-twin-type-black-matt",
      "reason": "fetch failed"
    },
    {
      "url": "https://www.jaquar.com/en/swivel-towel-holder-twin-type-black-chrome",
      "reason": "fetch failed"
    },
    {
      "url": "https://www.jaquar.com/en/swivel-towel-holder-twin-type-antique-bronze",
      "reason": "fetch failed"
    },
    {
      "url": "https://www.jaquar.com/en/single-towel-rail-600mm-long-stainless-steel",
      "reason": "fetch failed"
    },
    {
      "url": "https://www.jaquar.com/en/single-towel-rail-600mm-long-graphite",
      "reason": "fetch failed"
    },
    {
      "url": "https://www.jaquar.com/en/single-towel-rail-600mm-long-black-matt",
      "reason": "fetch failed"
    },
    {
      "url": "https://www.jaquar.com/en/single-towel-rail-600mm-long-black-chrome",
      "reason": "fetch failed"
    },
    {
      "url": "https://www.jaquar.com/en/single-towel-rail-600mm-long-antique-copper",
      "reason": "fetch failed"
    },
    {
      "url": "https://www.jaquar.com/en/single-towel-rail-600mm-long-antique-bronze",
      "reason": "fetch failed"
    },
    {
      "url": "https://www.jaquar.com/en/towel-ring-round-with-round-flange-chrome",
      "reason": "fetch failed"
    },
    {
      "url": "https://www.jaquar.com/en/swivel-towel-holder-twin-type-chrome",
      "reason": "fetch failed"
    },
    {
      "url": "https://www.jaquar.com/en/single-towel-rail-600mm-long-chrome",
      "reason": "fetch failed"
    },
    {
      "url": "https://www.jaquar.com/en/single-towel-rail-450mm-long-stainless-steel",
      "reason": "fetch failed"
    },
    {
      "url": "https://www.jaquar.com/en/single-towel-rail-450mm-long-graphite",
      "reason": "fetch failed"
    },
    {
      "url": "https://www.jaquar.com/en/single-towel-rail-450mm-long-black-matt",
      "reason": "fetch failed"
    },
    {
      "url": "https://www.jaquar.com/en/single-towel-rail-450mm-long-black-chrome",
      "reason": "fetch failed"
    },
    {
      "url": "https://www.jaquar.com/en/single-towel-rail-450mm-long-antique-copper",
      "reason": "fetch failed"
    },
    {
      "url": "https://www.jaquar.com/en/single-towel-rail-450mm-long-antique-bronze",
      "reason": "fetch failed"
    },
    {
      "url": "https://www.jaquar.com/en/single-towel-rail-450mm-long-chrome",
      "reason": "fetch failed"
    },
    {
      "url": "https://www.jaquar.com/en/towel-rail-300mm-long-stainless-steel",
      "reason": "fetch failed"
    },
    {
      "url": "https://www.jaquar.com/en/towel-rail-300mm-long-graphite",
      "reason": "fetch failed"
    },
    {
      "url": "https://www.jaquar.com/en/towel-rail-300mm-long-black-matt",
      "reason": "fetch failed"
    },
    {
      "url": "https://www.jaquar.com/en/towel-rail-300mm-long-black-chrome",
      "reason": "fetch failed"
    },
    {
      "url": "https://www.jaquar.com/en/towel-rail-300mm-long-antique-copper",
      "reason": "fetch failed"
    },
    {
      "url": "https://www.jaquar.com/en/towel-rail-300mm-long-antique-bronze",
      "reason": "fetch failed"
    },
    {
      "url": "https://www.jaquar.com/en/towel-rail-300mm-long-chrome",
      "reason": "fetch failed"
    },
    {
      "url": "https://www.jaquar.com/en/opal-prime-bathtub-spout-gold-bright-pvd-2",
      "reason": "fetch failed"
    },
    {
      "url": "https://www.jaquar.com/en/opal-prime-bathtub-spout-gold-matt-pvd-2",
      "reason": "fetch failed"
    },
    {
      "url": "https://www.jaquar.com/en/opal-prime-bathtub-spout-gold-bright-pvd",
      "reason": "fetch failed"
    },
    {
      "url": "https://www.jaquar.com/en/opal-prime-bathtub-spout-gold-matt-pvd",
      "reason": "fetch failed"
    },
    {
      "url": "https://www.jaquar.com/en/aquamax-single-lever-shower-mixer-gold-bright-pvd-2",
      "reason": "fetch failed"
    },
    {
      "url": "https://www.jaquar.com/en/aquamax-single-lever-shower-mixer-gold-matt-pvd-2",
      "reason": "fetch failed"
    },
    {
      "url": "https://www.jaquar.com/en/aquamax-thermostatic-shower-mixer-gold-bright-pvd-4",
      "reason": "fetch failed"
    },
    {
      "url": "https://www.jaquar.com/en/aquamax-thermostatic-shower-mixer-gold-matt-pvd-4",
      "reason": "fetch failed"
    },
    {
      "url": "https://www.jaquar.com/en/aquamax-thermostatic-shower-mixer-gold-bright-pvd-3",
      "reason": "fetch failed"
    },
    {
      "url": "https://www.jaquar.com/en/aquamax-thermostatic-shower-mixer-gold-matt-pvd-3",
      "reason": "fetch failed"
    },
    {
      "url": "https://www.jaquar.com/en/3-inlet-single-lever-concealed-diverter-gold-bright-pvd-2",
      "reason": "fetch failed"
    },
    {
      "url": "https://www.jaquar.com/en/3-inlet-single-lever-concealed-diverter-gold-matt-pvd-2",
      "reason": "fetch failed"
    },
    {
      "url": "https://www.jaquar.com/en/single-lever-wall-mixer-3-in-1-system-gold-bright-pvd-2",
      "reason": "fetch failed"
    },
    {
      "url": "https://www.jaquar.com/en/single-lever-wall-mixer-3-in-1-system-gold-matt-pvd-2",
      "reason": "fetch failed"
    },
    {
      "url": "https://www.jaquar.com/en/single-lever-bath-shower-mixer-gold-bright-pvd",
      "reason": "fetch failed"
    },
    {
      "url": "https://www.jaquar.com/en/single-lever-bath-shower-mixer-gold-matt-pvd",
      "reason": "fetch failed"
    },
    {
      "url": "https://www.jaquar.com/en/single-lever-concealed-diverter-gold-bright-pvd-2",
      "reason": "fetch failed"
    },
    {
      "url": "https://www.jaquar.com/en/single-lever-concealed-diverter-gold-matt-pvd-2",
      "reason": "fetch failed"
    },
    {
      "url": "https://www.jaquar.com/en/2-way-bib-tap-gold-bright-pvd",
      "reason": "fetch failed"
    },
    {
      "url": "https://www.jaquar.com/en/2-way-bib-tap-gold-matt-pvd",
      "reason": "fetch failed"
    },
    {
      "url": "https://www.jaquar.com/en/single-lever-basin-mixer-gold-bright-pvd-3",
      "reason": "fetch failed"
    },
    {
      "url": "https://www.jaquar.com/en/single-lever-basin-mixer-gold-matt-pvd-3",
      "reason": "fetch failed"
    },
    {
      "url": "https://www.jaquar.com/en/single-lever-high-neck-basin-mixer-gold-bright-pvd",
      "reason": "fetch failed"
    },
    {
      "url": "https://www.jaquar.com/en/single-lever-high-neck-basin-mixer-gold-matt-pvd",
      "reason": "fetch failed"
    },
    {
      "url": "https://www.jaquar.com/en/aquamax-single-lever-shower-mixer-gold-bright-pvd",
      "reason": "fetch failed"
    },
    {
      "url": "https://www.jaquar.com/en/aquamax-single-lever-shower-mixer-gold-matt-pvd",
      "reason": "fetch failed"
    },
    {
      "url": "https://www.jaquar.com/en/aquamax-thermostatic-shower-mixer-gold-bright-pvd-2",
      "reason": "fetch failed"
    },
    {
      "url": "https://www.jaquar.com/en/aquamax-thermostatic-shower-mixer-gold-matt-pvd-2",
      "reason": "fetch failed"
    },
    {
      "url": "https://www.jaquar.com/en/aquamax-thermostatic-shower-mixer-gold-bright-pvd",
      "reason": "fetch failed"
    },
    {
      "url": "https://www.jaquar.com/en/aquamax-thermostatic-shower-mixer-gold-matt-pvd",
      "reason": "fetch failed"
    },
    {
      "url": "https://www.jaquar.com/en/exposed-part-kit-of-single-lever-basin-mixer-wall-mounted-gold-bright-pvd-4",
      "reason": "fetch failed"
    },
    {
      "url": "https://www.jaquar.com/en/exposed-part-kit-of-single-lever-basin-mixer-wall-mounted-gold-matt-pvd-4",
      "reason": "fetch failed"
    },
    {
      "url": "https://www.jaquar.com/en/exposed-part-kit-of-single-lever-basin-mixer-wall-mounted-stainless-steel-5",
      "reason": "fetch failed"
    },
    {
      "url": "https://www.jaquar.com/en/exposed-part-kit-of-single-lever-basin-mixer-wall-mounted-graphite-5",
      "reason": "fetch failed"
    },
    {
      "url": "https://www.jaquar.com/en/exposed-part-kit-of-single-lever-basin-mixer-wall-mounted-black-matt-5",
      "reason": "fetch failed"
    },
    {
      "url": "https://www.jaquar.com/en/exposed-part-kit-of-single-lever-basin-mixer-wall-mounted-black-chrome-5",
      "reason": "fetch failed"
    },
    {
      "url": "https://www.jaquar.com/en/exposed-part-kit-of-single-lever-basin-mixer-wall-mounted-antique-copper-6",
      "reason": "fetch failed"
    },
    {
      "url": "https://www.jaquar.com/en/exposed-part-kit-of-single-lever-basin-mixer-wall-mounted-antique-bronze-5",
      "reason": "fetch failed"
    },
    {
      "url": "https://www.jaquar.com/en/exposed-part-kit-of-single-lever-basin-mixer-wall-mounted-chrome-5",
      "reason": "fetch failed"
    },
    {
      "url": "https://www.jaquar.com/en/3-inlet-single-lever-concealed-diverter-gold-bright-pvd",
      "reason": "fetch failed"
    },
    {
      "url": "https://www.jaquar.com/en/3-inlet-single-lever-concealed-diverter-gold-matt-pvd",
      "reason": "fetch failed"
    },
    {
      "url": "https://www.jaquar.com/en/single-lever-wall-mixer-3-in-1-system-gold-bright-pvd",
      "reason": "fetch failed"
    },
    {
      "url": "https://www.jaquar.com/en/single-lever-wall-mixer-3-in-1-system-gold-matt-pvd",
      "reason": "fetch failed"
    },
    {
      "url": "https://www.jaquar.com/en/single-lever-wall-mixer-gold-bright-pvd",
      "reason": "fetch failed"
    },
    {
      "url": "https://www.jaquar.com/en/single-lever-wall-mixer-gold-matt-pvd",
      "reason": "fetch failed"
    },
    {
      "url": "https://www.jaquar.com/en/single-lever-exposed-parts-kit-of-hi-flow-diverter-gold-bright-pvd-3",
      "reason": "fetch failed"
    },
    {
      "url": "https://www.jaquar.com/en/single-lever-exposed-parts-kit-of-hi-flow-diverter-gold-matt-pvd-3",
      "reason": "fetch failed"
    },
    {
      "url": "https://www.jaquar.com/en/single-lever-concealed-diverter-gold-bright-pvd",
      "reason": "fetch failed"
    },
    {
      "url": "https://www.jaquar.com/en/single-lever-concealed-diverter-gold-matt-pvd",
      "reason": "fetch failed"
    },
    {
      "url": "https://www.jaquar.com/en/angular-stop-cock-gold-bright-pvd",
      "reason": "fetch failed"
    },
    {
      "url": "https://www.jaquar.com/en/angular-stop-cock-gold-matt-pvd",
      "reason": "fetch failed"
    },
    {
      "url": "https://www.jaquar.com/en/2-way-bib-cock-gold-bright-pvd",
      "reason": "fetch failed"
    },
    {
      "url": "https://www.jaquar.com/en/2-way-bib-cock-gold-matt-pvd",
      "reason": "fetch failed"
    },
    {
      "url": "https://www.jaquar.com/en/single-lever-basin-mixer-gold-bright-pvd-2",
      "reason": "fetch failed"
    },
    {
      "url": "https://www.jaquar.com/en/single-lever-basin-mixer-gold-matt-pvd-2",
      "reason": "fetch failed"
    },
    {
      "url": "https://www.jaquar.com/en/single-lever-tall-boy-gold-bright-pvd-2",
      "reason": "fetch failed"
    },
    {
      "url": "https://www.jaquar.com/en/single-lever-tall-boy-gold-matt-pvd-2",
      "reason": "fetch failed"
    },
    {
      "url": "https://www.jaquar.com/en/exposed-part-kit-of-single-lever-basin-mixer-wall-mounted-gold-bright-pvd-3",
      "reason": "fetch failed"
    },
    {
      "url": "https://www.jaquar.com/en/exposed-part-kit-of-single-lever-basin-mixer-wall-mounted-gold-matt-pvd-3",
      "reason": "fetch failed"
    },
    {
      "url": "https://www.jaquar.com/en/angle-valve-with-wall-flange-gold-bright-pvd",
      "reason": "fetch failed"
    },
    {
      "url": "https://www.jaquar.com/en/angle-valve-with-wall-flange-gold-matt-pvd",
      "reason": "fetch failed"
    },
    {
      "url": "https://www.jaquar.com/en/single-lever-exposed-parts-kit-of-hi-flow-diverter-gold-bright-pvd-2",
      "reason": "fetch failed"
    },
    {
      "url": "https://www.jaquar.com/en/single-lever-exposed-parts-kit-of-hi-flow-diverter-gold-matt-pvd-2",
      "reason": "fetch failed"
    },
    {
      "url": "https://www.jaquar.com/en/wall-mixer-stainless-steel-5",
      "reason": "fetch failed"
    },
    {
      "url": "https://www.jaquar.com/en/wall-mixer-graphite-7",
      "reason": "fetch failed"
    },
    {
      "url": "https://www.jaquar.com/en/wall-mixer-black-matt-6",
      "reason": "fetch failed"
    },
    {
      "url": "https://www.jaquar.com/en/wall-mixer-black-chrome-6",
      "reason": "fetch failed"
    },
    {
      "url": "https://www.jaquar.com/en/wall-mixer-antique-copper-6",
      "reason": "fetch failed"
    },
    {
      "url": "https://www.jaquar.com/en/1-hole-bidet-mixer-stainless-steel",
      "reason": "fetch failed"
    },
    {
      "url": "https://www.jaquar.com/en/1-hole-bidet-mixer-graphite",
      "reason": "fetch failed"
    },
    {
      "url": "https://www.jaquar.com/en/1-hole-bidet-mixer-black-matt",
      "reason": "fetch failed"
    },
    {
      "url": "https://www.jaquar.com/en/1-hole-bidet-mixer-black-chrome",
      "reason": "fetch failed"
    },
    {
      "url": "https://www.jaquar.com/en/1-hole-bidet-mixer-antique-copper",
      "reason": "fetch failed"
    },
    {
      "url": "https://www.jaquar.com/en/1-hole-bidet-mixer-antique-bronze",
      "reason": "fetch failed"
    },
    {
      "url": "https://www.jaquar.com/en/1-hole-bidet-mixer-chrome",
      "reason": "fetch failed"
    },
    {
      "url": "https://www.jaquar.com/en/4-way-diverter-for-concealed-fitting-stainless-steel",
      "reason": "fetch failed"
    },
    {
      "url": "https://www.jaquar.com/en/4-way-diverter-for-concealed-fitting-graphite",
      "reason": "fetch failed"
    },
    {
      "url": "https://www.jaquar.com/en/4-way-diverter-for-concealed-fitting-black-matt",
      "reason": "fetch failed"
    },
    {
      "url": "https://www.jaquar.com/en/4-way-diverter-for-concealed-fitting-black-chrome",
      "reason": "fetch failed"
    },
    {
      "url": "https://www.jaquar.com/en/4-way-diverter-for-concealed-fitting-antique-copper",
      "reason": "fetch failed"
    },
    {
      "url": "https://www.jaquar.com/en/4-way-diverter-for-concealed-fitting-antique-bronze",
      "reason": "fetch failed"
    },
    {
      "url": "https://www.jaquar.com/en/4-way-diverter-for-concealed-fitting-chrome",
      "reason": "fetch failed"
    },
    {
      "url": "https://www.jaquar.com/en/bath-tub-mixer-exposed-straight-legs-stainless-steel",
      "reason": "fetch failed"
    },
    {
      "url": "https://www.jaquar.com/en/bath-tub-mixer-exposed-straight-legs-graphite",
      "reason": "fetch failed"
    },
    {
      "url": "https://www.jaquar.com/en/bath-tub-mixer-exposed-straight-legs-black-matt",
      "reason": "fetch failed"
    },
    {
      "url": "https://www.jaquar.com/en/bath-tub-mixer-exposed-straight-legs-black-chrome",
      "reason": "fetch failed"
    },
    {
      "url": "https://www.jaquar.com/en/bath-tub-mixer-exposed-straight-legs-antique-copper",
      "reason": "fetch failed"
    },
    {
      "url": "https://www.jaquar.com/en/bath-tub-mixer-exposed-straight-legs-antique-bronze",
      "reason": "fetch failed"
    },
    {
      "url": "https://www.jaquar.com/en/bath-tub-mixer-exposed-straight-legs-chrome",
      "reason": "fetch failed"
    },
    {
      "url": "https://www.jaquar.com/en/sink-cock-stainless-steel",
      "reason": "fetch failed"
    },
    {
      "url": "https://www.jaquar.com/en/sink-cock-graphite",
      "reason": "fetch failed"
    },
    {
      "url": "https://www.jaquar.com/en/sink-cock-black-chrome",
      "reason": "fetch failed"
    },
    {
      "url": "https://www.jaquar.com/en/sink-cock-black-matt",
      "reason": "fetch failed"
    },
    {
      "url": "https://www.jaquar.com/en/sink-cock-antique-copper",
      "reason": "fetch failed"
    },
    {
      "url": "https://www.jaquar.com/en/sink-cock-antique-bronze",
      "reason": "fetch failed"
    },
    {
      "url": "https://www.jaquar.com/en/sink-cock-chrome",
      "reason": "fetch failed"
    },
    {
      "url": "https://www.jaquar.com/en/wall-mixer-non-telephonic-shower-arrangement-stainless-steel",
      "reason": "fetch failed"
    },
    {
      "url": "https://www.jaquar.com/en/kaya-ir-1500-x-1100-x-2100mm",
      "reason": "fetch failed"
    },
    {
      "url": "https://www.jaquar.com/en/wall-mixer-non-telephonic-shower-arrangement-graphite",
      "reason": "fetch failed"
    },
    {
      "url": "https://www.jaquar.com/en/wall-mixer-non-telephonic-shower-arrangement-black-matt",
      "reason": "fetch failed"
    },
    {
      "url": "https://www.jaquar.com/en/wall-mixer-non-telephonic-shower-arrangement-black-chrome",
      "reason": "fetch failed"
    },
    {
      "url": "https://www.jaquar.com/en/wall-mixer-non-telephonic-shower-arrangement-antique-copper",
      "reason": "fetch failed"
    },
    {
      "url": "https://www.jaquar.com/en/wall-mixer-non-telephonic-shower-arrangement-antique-bronze",
      "reason": "fetch failed"
    },
    {
      "url": "https://www.jaquar.com/en/wall-mixer-non-telephonic-shower-arrangement-chrome",
      "reason": "fetch failed"
    },
    {
      "url": "https://www.jaquar.com/en/shower-mixer-for-shower-cubicles-wall-mounted-stainless-steel",
      "reason": "fetch failed"
    },
    {
      "url": "https://www.jaquar.com/en/shower-mixer-for-shower-cubicles-wall-mounted-graphite",
      "reason": "fetch failed"
    },
    {
      "url": "https://www.jaquar.com/en/shower-mixer-for-shower-cubicles-wall-mounted-black-matt",
      "reason": "fetch failed"
    },
    {
      "url": "https://www.jaquar.com/en/shower-mixer-for-shower-cubicles-wall-mounted-black-chrome",
      "reason": "fetch failed"
    },
    {
      "url": "https://www.jaquar.com/en/shower-mixer-for-shower-cubicles-wall-mounted-antique-copper",
      "reason": "fetch failed"
    },
    {
      "url": "https://www.jaquar.com/en/shower-mixer-for-shower-cubicles-wall-mounted-antique-bronze",
      "reason": "fetch failed"
    },
    {
      "url": "https://www.jaquar.com/en/shower-mixer-for-shower-cubicles-wall-mounted-chrome",
      "reason": "fetch failed"
    },
    {
      "url": "https://www.jaquar.com/en/wall-mixer-stainless-steel-4",
      "reason": "fetch failed"
    },
    {
      "url": "https://www.jaquar.com/en/wall-mixer-graphite-6",
      "reason": "fetch failed"
    },
    {
      "url": "https://www.jaquar.com/en/wall-mixer-black-matt-5",
      "reason": "fetch failed"
    },
    {
      "url": "https://www.jaquar.com/en/wall-mixer-black-chrome-5",
      "reason": "fetch failed"
    },
    {
      "url": "https://www.jaquar.com/en/wall-mixer-antique-copper-5",
      "reason": "fetch failed"
    },
    {
      "url": "https://www.jaquar.com/en/wall-mixer-antique-bronze-5",
      "reason": "fetch failed"
    },
    {
      "url": "https://www.jaquar.com/en/wall-mixer-chrome-6",
      "reason": "fetch failed"
    },
    {
      "url": "https://www.jaquar.com/en/exposed-wall-mixer-stainless-steel",
      "reason": "fetch failed"
    },
    {
      "url": "https://www.jaquar.com/en/exposed-wall-mixer-graphite",
      "reason": "fetch failed"
    },
    {
      "url": "https://www.jaquar.com/en/exposed-wall-mixer-black-matt",
      "reason": "fetch failed"
    },
    {
      "url": "https://www.jaquar.com/en/exposed-wall-mixer-black-chrome",
      "reason": "fetch failed"
    },
    {
      "url": "https://www.jaquar.com/en/exposed-wall-mixer-antique-copper",
      "reason": "fetch failed"
    },
    {
      "url": "https://www.jaquar.com/en/exposed-wall-mixer-antique-bronze",
      "reason": "fetch failed"
    },
    {
      "url": "https://www.jaquar.com/en/exposed-wall-mixer-chrome",
      "reason": "fetch failed"
    },
    {
      "url": "https://www.jaquar.com/en/bath-tub-filler-stainless-steel",
      "reason": "fetch failed"
    },
    {
      "url": "https://www.jaquar.com/en/bath-tub-filler-graphite",
      "reason": "fetch failed"
    },
    {
      "url": "https://www.jaquar.com/en/bath-tub-filler-black-matt",
      "reason": "fetch failed"
    },
    {
      "url": "https://www.jaquar.com/en/bath-tub-filler-black-chrome",
      "reason": "fetch failed"
    },
    {
      "url": "https://www.jaquar.com/en/bath-tub-filler-antique-copper",
      "reason": "fetch failed"
    },
    {
      "url": "https://www.jaquar.com/en/bath-tub-filler-antique-bronze",
      "reason": "fetch failed"
    },
    {
      "url": "https://www.jaquar.com/en/bath-tub-filler-chrome",
      "reason": "fetch failed"
    },
    {
      "url": "https://www.jaquar.com/en/exposed-part-kit-of-concealed-stop-cock-stainless-steel-3",
      "reason": "fetch failed"
    },
    {
      "url": "https://www.jaquar.com/en/exposed-part-kit-of-concealed-stop-cock-graphite-3",
      "reason": "fetch failed"
    },
    {
      "url": "https://www.jaquar.com/en/exposed-part-kit-of-concealed-stop-cock-black-matt-3",
      "reason": "fetch failed"
    },
    {
      "url": "https://www.jaquar.com/en/exposed-part-kit-of-concealed-stop-cock-black-chrome-3",
      "reason": "fetch failed"
    },
    {
      "url": "https://www.jaquar.com/en/exposed-part-kit-of-concealed-stop-cock-antique-copper-3",
      "reason": "fetch failed"
    },
    {
      "url": "https://www.jaquar.com/en/exposed-part-kit-of-concealed-stop-cock-antique-bronze-3",
      "reason": "fetch failed"
    },
    {
      "url": "https://www.jaquar.com/en/exposed-part-kit-of-concealed-stop-cock-chrome-6",
      "reason": "fetch failed"
    },
    {
      "url": "https://www.jaquar.com/en/angular-stop-cock-stainless-steel-6",
      "reason": "fetch failed"
    },
    {
      "url": "https://www.jaquar.com/en/angular-stop-cock-graphite-6",
      "reason": "fetch failed"
    },
    {
      "url": "https://www.jaquar.com/en/angular-stop-cock-black-matt-6",
      "reason": "fetch failed"
    },
    {
      "url": "https://www.jaquar.com/en/angular-stop-cock-black-chrome-6",
      "reason": "fetch failed"
    },
    {
      "url": "https://www.jaquar.com/en/angular-stop-cock-antique-copper-6",
      "reason": "fetch failed"
    },
    {
      "url": "https://www.jaquar.com/en/angular-stop-cock-antique-bronze-6",
      "reason": "fetch failed"
    },
    {
      "url": "https://www.jaquar.com/en/angular-stop-cock-chrome-6",
      "reason": "fetch failed"
    },
    {
      "url": "https://www.jaquar.com/en/2-way-bib-cock-stainless-steel-5",
      "reason": "fetch failed"
    },
    {
      "url": "https://www.jaquar.com/en/2-way-bib-cock-graphite-6",
      "reason": "fetch failed"
    },
    {
      "url": "https://www.jaquar.com/en/2-way-bib-cock-black-matt-6",
      "reason": "fetch failed"
    },
    {
      "url": "https://www.jaquar.com/en/2-way-bib-cock-black-chrome-6",
      "reason": "fetch failed"
    },
    {
      "url": "https://www.jaquar.com/en/2-way-bib-cock-antique-copper-6",
      "reason": "fetch failed"
    },
    {
      "url": "https://www.jaquar.com/en/2-way-bib-cock-antique-bronze-6",
      "reason": "fetch failed"
    },
    {
      "url": "https://www.jaquar.com/en/2-way-bib-cock-chrome-6",
      "reason": "fetch failed"
    },
    {
      "url": "https://www.jaquar.com/en/bib-tap-stainless-steel-2",
      "reason": "fetch failed"
    },
    {
      "url": "https://www.jaquar.com/en/bib-tap-graphite-2",
      "reason": "fetch failed"
    },
    {
      "url": "https://www.jaquar.com/en/bib-tap-black-matt-2",
      "reason": "fetch failed"
    },
    {
      "url": "https://www.jaquar.com/en/bib-tap-black-chrome-2",
      "reason": "fetch failed"
    },
    {
      "url": "https://www.jaquar.com/en/bib-tap-antique-copper-2",
      "reason": "fetch failed"
    },
    {
      "url": "https://www.jaquar.com/en/bib-tap-antique-bronze-2",
      "reason": "fetch failed"
    },
    {
      "url": "https://www.jaquar.com/en/bib-cock-chrome-6",
      "reason": "fetch failed"
    },
    {
      "url": "https://www.jaquar.com/en/single-lever-exposed-parts-kit-of-deusch-mixer-gold-bright-pvd",
      "reason": "fetch failed"
    },
    {
      "url": "https://www.jaquar.com/en/single-lever-exposed-parts-kit-of-deusch-mixer-lever-gold-bright-pvd-body-gold-matt-pvd",
      "reason": "fetch failed"
    },
    {
      "url": "https://www.jaquar.com/en/single-lever-exposed-parts-kit-of-deusch-mixer-lever-black-chrome-body-black-matt",
      "reason": "fetch failed"
    },
    {
      "url": "https://www.jaquar.com/en/single-lever-exposed-parts-kit-of-deusch-mixer-lever-gold-matt-pvd-body-black-matt",
      "reason": "fetch failed"
    },
    {
      "url": "https://www.jaquar.com/en/single-lever-exposed-parts-kit-of-deusch-mixer-gold-matt-pvd",
      "reason": "fetch failed"
    },
    {
      "url": "https://www.jaquar.com/en/single-lever-exposed-parts-kit-of-deusch-mixer-black-matt",
      "reason": "fetch failed"
    },
    {
      "url": "https://www.jaquar.com/en/single-lever-exposed-parts-kit-of-deusch-mixer-black-chrome",
      "reason": "fetch failed"
    },
    {
      "url": "https://www.jaquar.com/en/single-lever-exposed-parts-kit-of-deusch-mixer-chrome",
      "reason": "fetch failed"
    },
    {
      "url": "https://www.jaquar.com/en/single-lever-1-hole-bidet-mixer-with-popup-waste-system-black-matt-5",
      "reason": "fetch failed"
    },
    {
      "url": "https://www.jaquar.com/en/single-lever-1-hole-bidet-mixer-with-popup-waste-system-gold-bright-pvd",
      "reason": "fetch failed"
    },
    {
      "url": "https://www.jaquar.com/en/single-lever-1-hole-bidet-mixer-with-popup-waste-system-lever-gold-bright-pvd-body-gold-matt-pvd",
      "reason": "fetch failed"
    },
    {
      "url": "https://www.jaquar.com/en/single-lever-1-hole-bidet-mixer-with-popup-waste-system-lever-black-chrome-body-black-matt",
      "reason": "fetch failed"
    },
    {
      "url": "https://www.jaquar.com/en/single-lever-1-hole-bidet-mixer-with-popup-waste-system-lever-gold-matt-pvd-body-black-matt",
      "reason": "fetch failed"
    },
    {
      "url": "https://www.jaquar.com/en/single-lever-1-hole-bidet-mixer-with-popup-waste-system-gold-matt-pvd",
      "reason": "fetch failed"
    },
    {
      "url": "https://www.jaquar.com/en/single-lever-1-hole-bidet-mixer-with-popup-waste-system-black-chrome-4",
      "reason": "fetch failed"
    },
    {
      "url": "https://www.jaquar.com/en/single-lever-1-hole-bidet-mixer-with-popup-waste-system-chrome-5",
      "reason": "fetch failed"
    },
    {
      "url": "https://www.jaquar.com/en/3-hole-basin-mixer-with-pipe-spout-gold-bright-pvd-2",
      "reason": "fetch failed"
    },
    {
      "url": "https://www.jaquar.com/en/3-hole-basin-mixer-with-pipe-spout-lever-gold-bright-pvd-body-gold-matt-pvd-2",
      "reason": "fetch failed"
    },
    {
      "url": "https://www.jaquar.com/en/3-hole-basin-mixer-with-pipe-spout-lever-black-chrome-body-black-matt-2",
      "reason": "fetch failed"
    },
    {
      "url": "https://www.jaquar.com/en/laguna-3-hole-basin-mixer-with-pipe-spout-lever-gold-matt-pvd-body-black-matt",
      "reason": "fetch failed"
    },
    {
      "url": "https://www.jaquar.com/en/3-hole-basin-mixer-with-pipe-spout-gold-matt-pvd-2",
      "reason": "fetch failed"
    },
    {
      "url": "https://www.jaquar.com/en/3-hole-basin-mixer-with-pipe-spout-black-matt-2",
      "reason": "fetch failed"
    },
    {
      "url": "https://www.jaquar.com/en/3-hole-basin-mixer-with-pipe-spout-black-chrome-2",
      "reason": "fetch failed"
    },
    {
      "url": "https://www.jaquar.com/en/3-hole-basin-mixer-with-pipe-spout-chrome-2",
      "reason": "fetch failed"
    },
    {
      "url": "https://www.jaquar.com/en/3-hole-basin-mixer-with-pipe-spout-gold-bright-pvd",
      "reason": "fetch failed"
    },
    {
      "url": "https://www.jaquar.com/en/3-hole-basin-mixer-with-pipe-spout-lever-gold-bright-pvd-body-gold-matt-pvd",
      "reason": "fetch failed"
    },
    {
      "url": "https://www.jaquar.com/en/3-hole-basin-mixer-with-pipe-spout-lever-black-chrome-body-black-matt",
      "reason": "fetch failed"
    },
    {
      "url": "https://www.jaquar.com/en/3-hole-basin-mixer-with-pipe-spout-lever-gold-matt-pvd-body-black-matt",
      "reason": "fetch failed"
    },
    {
      "url": "https://www.jaquar.com/en/3-hole-basin-mixer-with-pipe-spout-gold-matt-pvd",
      "reason": "fetch failed"
    },
    {
      "url": "https://www.jaquar.com/en/3-hole-basin-mixer-with-pipe-spout-black-matt",
      "reason": "fetch failed"
    },
    {
      "url": "https://www.jaquar.com/en/3-hole-basin-mixer-with-pipe-spout-black-chrome",
      "reason": "fetch failed"
    },
    {
      "url": "https://www.jaquar.com/en/3-hole-basin-mixer-with-pipe-spout-chrome",
      "reason": "fetch failed"
    },
    {
      "url": "https://www.jaquar.com/en/3-hole-basin-mixer-gold-bright-pvd-2",
      "reason": "fetch failed"
    },
    {
      "url": "https://www.jaquar.com/en/3-hole-basin-mixer-lever-gold-bright-pvd-body-gold-matt-pvd-2",
      "reason": "fetch failed"
    },
    {
      "url": "https://www.jaquar.com/en/3-hole-basin-mixer-lever-black-chrome-body-black-matt-2",
      "reason": "fetch failed"
    },
    {
      "url": "https://www.jaquar.com/en/3-hole-basin-mixer-lever-gold-matt-pvd-body-black-matt-2",
      "reason": "fetch failed"
    },
    {
      "url": "https://www.jaquar.com/en/3-hole-basin-mixer-gold-matt-pvd-2",
      "reason": "fetch failed"
    },
    {
      "url": "https://www.jaquar.com/en/3-hole-basin-mixer-black-matt-8",
      "reason": "fetch failed"
    },
    {
      "url": "https://www.jaquar.com/en/3-hole-basin-mixer-black-chrome-8",
      "reason": "fetch failed"
    },
    {
      "url": "https://www.jaquar.com/en/3-hole-basin-mixer-chrome-8",
      "reason": "fetch failed"
    },
    {
      "url": "https://www.jaquar.com/en/3-hole-basin-mixer-gold-bright-pvd",
      "reason": "fetch failed"
    },
    {
      "url": "https://www.jaquar.com/en/3-hole-basin-mixer-lever-gold-bright-pvd-body-gold-matt-pvd",
      "reason": "fetch failed"
    },
    {
      "url": "https://www.jaquar.com/en/3-hole-basin-mixer-lever-black-chrome-body-black-matt",
      "reason": "fetch failed"
    },
    {
      "url": "https://www.jaquar.com/en/3-hole-basin-mixer-lever-gold-matt-pvd-body-black-matt",
      "reason": "fetch failed"
    },
    {
      "url": "https://www.jaquar.com/en/3-hole-basin-mixer-gold-matt-pvd",
      "reason": "fetch failed"
    },
    {
      "url": "https://www.jaquar.com/en/3-hole-basin-mixer-black-matt-7",
      "reason": "fetch failed"
    },
    {
      "url": "https://www.jaquar.com/en/3-hole-basin-mixer-black-chrome-7",
      "reason": "fetch failed"
    },
    {
      "url": "https://www.jaquar.com/en/3-hole-basin-mixer-chrome-7",
      "reason": "fetch failed"
    },
    {
      "url": "https://www.jaquar.com/en/exposed-parts-of-floor-mounted-single-lever-bath-mixer-gold-bright-pvd",
      "reason": "fetch failed"
    },
    {
      "url": "https://www.jaquar.com/en/exposed-parts-of-floor-mounted-single-lever-bath-mixer-lever-gold-bright-pvd-body-gold-matt-pvd",
      "reason": "fetch failed"
    },
    {
      "url": "https://www.jaquar.com/en/exposed-parts-of-floor-mounted-single-lever-bath-mixer-lever-black-chrome-body-black-matt",
      "reason": "fetch failed"
    },
    {
      "url": "https://www.jaquar.com/en/exposed-parts-of-floor-mounted-single-lever-bath-mixer-lever-gold-matt-pvd-body-black-matt",
      "reason": "fetch failed"
    },
    {
      "url": "https://www.jaquar.com/en/exposed-parts-of-floor-mounted-single-lever-bath-mixer-gold-matt-pvd",
      "reason": "fetch failed"
    },
    {
      "url": "https://www.jaquar.com/en/exposed-parts-of-floor-mounted-single-lever-bath-mixer-black-matt",
      "reason": "fetch failed"
    },
    {
      "url": "https://www.jaquar.com/en/exposed-parts-of-floor-mounted-single-lever-bath-mixer-black-chrome",
      "reason": "fetch failed"
    },
    {
      "url": "https://www.jaquar.com/en/exposed-parts-of-floor-mounted-single-lever-bath-mixer-chrome",
      "reason": "fetch failed"
    },
    {
      "url": "https://www.jaquar.com/en/single-lever-exposed-parts-kit-of-hi-flow-diverter-gold-bright-pvd",
      "reason": "fetch failed"
    },
    {
      "url": "https://www.jaquar.com/en/single-lever-exposed-parts-kit-of-hi-flow-diverter-lever-gold-bright-pvd-body-gold-matt-pvd",
      "reason": "fetch failed"
    },
    {
      "url": "https://www.jaquar.com/en/single-lever-exposed-parts-kit-of-hi-flow-diverter-lever-black-chrome-body-black-matt",
      "reason": "fetch failed"
    },
    {
      "url": "https://www.jaquar.com/en/single-lever-exposed-parts-kit-of-hi-flow-diverter-lever-gold-matt-pvd-body-black-matt",
      "reason": "fetch failed"
    },
    {
      "url": "https://www.jaquar.com/en/single-lever-exposed-parts-kit-of-hi-flow-diverter-gold-matt-pvd",
      "reason": "fetch failed"
    },
    {
      "url": "https://www.jaquar.com/en/single-lever-exposed-parts-kit-of-hi-flow-diverter-black-matt-3",
      "reason": "fetch failed"
    },
    {
      "url": "https://www.jaquar.com/en/single-lever-exposed-parts-kit-of-hi-flow-diverter-black-chrome-3",
      "reason": "fetch failed"
    },
    {
      "url": "https://www.jaquar.com/en/single-lever-exposed-parts-kit-of-hi-flow-diverter-chrome-4",
      "reason": "fetch failed"
    },
    {
      "url": "https://www.jaquar.com/en/single-lever-exposed-parts-kit-of-diverter-gold-bright-pvd",
      "reason": "fetch failed"
    },
    {
      "url": "https://www.jaquar.com/en/single-lever-exposed-parts-kit-of-diverter-lever-gold-bright-pvd-body-gold-matt-pvd",
      "reason": "fetch failed"
    },
    {
      "url": "https://www.jaquar.com/en/single-lever-exposed-parts-kit-of-diverter-lever-black-chrome-body-black-matt",
      "reason": "fetch failed"
    },
    {
      "url": "https://www.jaquar.com/en/single-lever-exposed-parts-kit-of-diverter-lever-gold-matt-pvd-body-black-matt",
      "reason": "fetch failed"
    },
    {
      "url": "https://www.jaquar.com/en/single-lever-exposed-parts-kit-of-diverter-gold-matt-pvd",
      "reason": "fetch failed"
    },
    {
      "url": "https://www.jaquar.com/en/single-lever-exposed-parts-kit-of-diverter-black-matt",
      "reason": "fetch failed"
    },
    {
      "url": "https://www.jaquar.com/en/single-lever-exposed-parts-kit-of-diverter-black-chrome",
      "reason": "fetch failed"
    },
    {
      "url": "https://www.jaquar.com/en/single-lever-exposed-parts-kit-of-diverter-chrome-3",
      "reason": "fetch failed"
    },
    {
      "url": "https://www.jaquar.com/en/bathtub-spout-with-button-attachment-gold-bright-pvd",
      "reason": "fetch failed"
    },
    {
      "url": "https://www.jaquar.com/en/bathtub-spout-with-button-attachment-gold-matt-pvd",
      "reason": "fetch failed"
    },
    {
      "url": "https://www.jaquar.com/en/bathtub-spout-with-button-attachment-black-chrome",
      "reason": "fetch failed"
    },
    {
      "url": "https://www.jaquar.com/en/bathtub-spout-with-button-attachment-black-matt",
      "reason": "fetch failed"
    },
    {
      "url": "https://www.jaquar.com/en/bathtub-spout-gold-bright-pvd",
      "reason": "fetch failed"
    },
    {
      "url": "https://www.jaquar.com/en/bathtub-spout-with-button-attachment-chrome",
      "reason": "fetch failed"
    },
    {
      "url": "https://www.jaquar.com/en/bathtub-spout-gold-matt-pvd",
      "reason": "fetch failed"
    },
    {
      "url": "https://www.jaquar.com/en/bathtub-spout-black-matt",
      "reason": "fetch failed"
    },
    {
      "url": "https://www.jaquar.com/en/bathtub-spout-chrome",
      "reason": "fetch failed"
    },
    {
      "url": "https://www.jaquar.com/en/bathtub-spout-black-chrome",
      "reason": "fetch failed"
    },
    {
      "url": "https://www.jaquar.com/en/shower-arm-gold-bright-pvd",
      "reason": "fetch failed"
    },
    {
      "url": "https://www.jaquar.com/en/shower-arm-gold-matt-pvd",
      "reason": "fetch failed"
    },
    {
      "url": "https://www.jaquar.com/en/shower-arm-chrome-black-matt",
      "reason": "fetch failed"
    },
    {
      "url": "https://www.jaquar.com/en/shower-arm-chrome-black-chrome",
      "reason": "fetch failed"
    },
    {
      "url": "https://www.jaquar.com/en/aquamax-exposed-part-kit-of-thermostatic-shower-mixer-with-3-way-diverter-lever-gold-bright-pvd-body-gold-matt-pvd",
      "reason": "fetch failed"
    },
    {
      "url": "https://www.jaquar.com/en/aquamax-exposed-part-kit-of-thermostatic-shower-mixer-with-3-way-diverter-lever-black-chrome-body-black-matt",
      "reason": "fetch failed"
    },
    {
      "url": "https://www.jaquar.com/en/aquamax-exposed-part-kit-of-thermostatic-shower-mixer-with-3-way-diverter-lever-gold-matt-pvd-body-black-matt",
      "reason": "fetch failed"
    },
    {
      "url": "https://www.jaquar.com/en/aquamax-exposed-part-kit-of-thermostatic-shower-mixer-with-3-way-diverter-gold-matt-pvd",
      "reason": "fetch failed"
    },
    {
      "url": "https://www.jaquar.com/en/aquamax-exposed-part-kit-of-thermostatic-shower-mixer-with-3-way-diverter-black-matt",
      "reason": "fetch failed"
    },
    {
      "url": "https://www.jaquar.com/en/aquamax-exposed-part-kit-of-thermostatic-shower-mixer-with-3-way-diverter-black-chrome",
      "reason": "fetch failed"
    },
    {
      "url": "https://www.jaquar.com/en/aquamax-exposed-part-kit-of-thermostatic-shower-mixer-with-3-way-diverter-chrome-6",
      "reason": "fetch failed"
    },
    {
      "url": "https://www.jaquar.com/en/aquamax-exposed-part-kit-of-thermostatic-shower-mixer-with-2-way-diverter-lever-gold-bright-pvd-body-gold-matt-pvd",
      "reason": "fetch failed"
    },
    {
      "url": "https://www.jaquar.com/en/aquamax-exposed-part-kit-of-thermostatic-shower-mixer-with-2-way-diverter-lever-black-chrome-body-black-matt",
      "reason": "fetch failed"
    },
    {
      "url": "https://www.jaquar.com/en/aquamax-exposed-part-kit-of-thermostatic-shower-mixer-with-2-way-diverter-lever-gold-matt-pvd-body-black-matt",
      "reason": "fetch failed"
    },
    {
      "url": "https://www.jaquar.com/en/aquamax-exposed-part-kit-of-thermostatic-shower-mixer-with-2-way-diverter-gold-matt-pvd",
      "reason": "fetch failed"
    },
    {
      "url": "https://www.jaquar.com/en/aquamax-exposed-part-kit-of-thermostatic-shower-mixer-with-2-way-diverter-black-matt",
      "reason": "fetch failed"
    },
    {
      "url": "https://www.jaquar.com/en/aquamax-exposed-part-kit-of-thermostatic-shower-mixer-with-2-way-diverter-black-chrome",
      "reason": "fetch failed"
    },
    {
      "url": "https://www.jaquar.com/en/aquamax-exposed-part-kit-of-thermostatic-shower-mixer-with-2-way-diverter-91681k",
      "reason": "fetch failed"
    },
    {
      "url": "https://www.jaquar.com/en/aquamax-exposed-part-kit-of-thermostatic-shower-mixer-gold-bright-pvd",
      "reason": "fetch failed"
    },
    {
      "url": "https://www.jaquar.com/en/aquamax-exposed-part-kit-of-thermostatic-shower-mixer-lever-gold-bright-pvd-body-gold-matt-pvd",
      "reason": "fetch failed"
    },
    {
      "url": "https://www.jaquar.com/en/aquamax-exposed-part-kit-of-thermostatic-shower-mixer-lever-black-chrome-body-black-matt",
      "reason": "fetch failed"
    },
    {
      "url": "https://www.jaquar.com/en/aquamax-exposed-part-kit-of-thermostatic-shower-mixer-lever-gold-matt-pvd-body-black-matt",
      "reason": "fetch failed"
    },
    {
      "url": "https://www.jaquar.com/en/aquamax-exposed-part-kit-of-thermostatic-shower-mixer-gold-matt-pvd",
      "reason": "fetch failed"
    },
    {
      "url": "https://www.jaquar.com/en/aquamax-exposed-part-kit-of-thermostatic-shower-mixer-black-matt",
      "reason": "fetch failed"
    },
    {
      "url": "https://www.jaquar.com/en/aquamax-exposed-part-kit-of-thermostatic-shower-mixer-black-chrome",
      "reason": "fetch failed"
    },
    {
      "url": "https://www.jaquar.com/en/aquamax-exposed-part-kit-of-thermostatic-shower-mixer-chrome-6",
      "reason": "fetch failed"
    },
    {
      "url": "https://www.jaquar.com/en/exposed-part-kit-of-two-concealed-stop-cocks-gold-bright-pvd",
      "reason": "fetch failed"
    },
    {
      "url": "https://www.jaquar.com/en/exposed-part-kit-of-two-concealed-stop-cocks-lever-gold-bright-pvd-body-gold-matt-pvd",
      "reason": "fetch failed"
    },
    {
      "url": "https://www.jaquar.com/en/exposed-part-kit-of-two-concealed-stop-cocks-lever-black-chrome-body-black-matt",
      "reason": "fetch failed"
    },
    {
      "url": "https://www.jaquar.com/en/exposed-part-kit-of-two-concealed-stop-cocks-lever-gold-matt-pvd-body-black-matt",
      "reason": "fetch failed"
    },
    {
      "url": "https://www.jaquar.com/en/exposed-part-kit-of-two-concealed-stop-cocks-gold-matt-pvd",
      "reason": "fetch failed"
    },
    {
      "url": "https://www.jaquar.com/en/exposed-part-kit-of-two-concealed-stop-cocks-black-matt",
      "reason": "fetch failed"
    },
    {
      "url": "https://www.jaquar.com/en/exposed-part-kit-of-two-concealed-stop-cocks-black-chrome",
      "reason": "fetch failed"
    },
    {
      "url": "https://www.jaquar.com/en/exposed-part-kit-of-two-concealed-stop-cocks-chrome",
      "reason": "fetch failed"
    },
    {
      "url": "https://www.jaquar.com/en/5-hole-bath-tub-mixer-gold-bright-pvd",
      "reason": "fetch failed"
    },
    {
      "url": "https://www.jaquar.com/en/5-hole-bath-tub-mixer-lever-gold-bright-pvd-body-gold-matt-pvd",
      "reason": "fetch failed"
    },
    {
      "url": "https://www.jaquar.com/en/5-hole-bath-tub-mixer-lever-black-chrome-body-black-matt",
      "reason": "fetch failed"
    },
    {
      "url": "https://www.jaquar.com/en/5-hole-bath-tub-mixer-lever-gold-matt-pvd-body-black-matt",
      "reason": "fetch failed"
    },
    {
      "url": "https://www.jaquar.com/en/5-hole-bath-tub-mixer-gold-matt-pvd",
      "reason": "fetch failed"
    },
    {
      "url": "https://www.jaquar.com/en/5-hole-bath-tub-mixer-black-matt",
      "reason": "fetch failed"
    },
    {
      "url": "https://www.jaquar.com/en/5-hole-bath-tub-mixer-black-chrome",
      "reason": "fetch failed"
    },
    {
      "url": "https://www.jaquar.com/en/5-hole-bath-tub-mixer-chrome",
      "reason": "fetch failed"
    },
    {
      "url": "https://www.jaquar.com/en/exposed-part-kit-of-single-lever-basin-mixer-wall-mounted-gold-bright-pvd",
      "reason": "fetch failed"
    },
    {
      "url": "https://www.jaquar.com/en/exposed-part-kit-of-single-lever-basin-mixer-wall-mounted-lever-gold-bright-pvd-body-gold-matt-pvd",
      "reason": "fetch failed"
    },
    {
      "url": "https://www.jaquar.com/en/exposed-part-kit-of-single-lever-basin-mixer-wall-mounted-lever-black-chrome-body-black-matt",
      "reason": "fetch failed"
    },
    {
      "url": "https://www.jaquar.com/en/exposed-part-kit-of-single-lever-basin-mixer-wall-mounted-lever-gold-matt-pvd-body-black-matt",
      "reason": "fetch failed"
    },
    {
      "url": "https://www.jaquar.com/en/exposed-part-kit-of-single-lever-basin-mixer-wall-mounted-gold-matt-pvd",
      "reason": "fetch failed"
    },
    {
      "url": "https://www.jaquar.com/en/exposed-part-kit-of-single-lever-basin-mixer-wall-mounted-black-matt-3",
      "reason": "fetch failed"
    },
    {
      "url": "https://www.jaquar.com/en/exposed-part-kit-of-single-lever-basin-mixer-wall-mounted-black-chrome-3",
      "reason": "fetch failed"
    },
    {
      "url": "https://www.jaquar.com/en/exposed-part-kit-of-single-lever-basin-mixer-wall-mounted-chrome-3",
      "reason": "fetch failed"
    },
    {
      "url": "https://www.jaquar.com/en/exposed-parts-kit-of-single-lever-basin-mixer-wall-mounted-gold-bright-pvd",
      "reason": "fetch failed"
    },
    {
      "url": "https://www.jaquar.com/en/exposed-parts-kit-of-single-lever-basin-mixer-wall-mounted-lever-gold-bright-pvd-body-gold-matt-pvd",
      "reason": "fetch failed"
    },
    {
      "url": "https://www.jaquar.com/en/exposed-parts-kit-of-single-lever-basin-mixer-wall-mounted-lever-black-chrome-body-black-matt",
      "reason": "fetch failed"
    },
    {
      "url": "https://www.jaquar.com/en/exposed-parts-kit-of-single-lever-basin-mixer-wall-mounted-gold-matt-pvd",
      "reason": "fetch failed"
    },
    {
      "url": "https://www.jaquar.com/en/exposed-parts-kit-of-single-lever-basin-mixer-wall-mounted-black-matt",
      "reason": "fetch failed"
    },
    {
      "url": "https://www.jaquar.com/en/exposed-parts-kit-of-single-lever-basin-mixer-wall-mounted-black-chrome",
      "reason": "fetch failed"
    },
    {
      "url": "https://www.jaquar.com/en/exposed-parts-kit-of-single-lever-basin-mixer-wall-mounted-chrome",
      "reason": "fetch failed"
    },
    {
      "url": "https://www.jaquar.com/en/single-lever-tall-boy-gold-matt-pvd",
      "reason": "fetch failed"
    },
    {
      "url": "https://www.jaquar.com/en/single-lever-tall-boy-lever-gold-bright-pvd-body-gold-matt-pvd",
      "reason": "fetch failed"
    },
    {
      "url": "https://www.jaquar.com/en/single-lever-tall-boy-gold-bright-pvd",
      "reason": "fetch failed"
    },
    {
      "url": "https://www.jaquar.com/en/single-lever-tall-boy-lever-gold-matt-pvd-body-black-matt",
      "reason": "fetch failed"
    },
    {
      "url": "https://www.jaquar.com/en/single-lever-tall-boy-lever-black-chrome-body-black-matt",
      "reason": "fetch failed"
    },
    {
      "url": "https://www.jaquar.com/en/single-lever-tall-boy-black-matt-5",
      "reason": "fetch failed"
    },
    {
      "url": "https://www.jaquar.com/en/single-lever-tall-boy-black-chrome-5",
      "reason": "fetch failed"
    },
    {
      "url": "https://www.jaquar.com/en/single-lever-tall-boy-chrome-6",
      "reason": "fetch failed"
    },
    {
      "url": "https://www.jaquar.com/en/single-lever-extended-basin-mixer-gold-matt-pvd",
      "reason": "fetch failed"
    },
    {
      "url": "https://www.jaquar.com/en/single-lever-extended-basin-mixer-lever-gold-bright-pvd-body-gold-matt-pvd",
      "reason": "fetch failed"
    },
    {
      "url": "https://www.jaquar.com/en/single-lever-extended-basin-mixer-gold-bright-pvd",
      "reason": "fetch failed"
    },
    {
      "url": "https://www.jaquar.com/en/single-lever-extended-basin-mixer-lever-gold-matt-pvd-body-black-matt",
      "reason": "fetch failed"
    },
    {
      "url": "https://www.jaquar.com/en/single-lever-extended-basin-mixer-lever-black-chrome-body-black-matt",
      "reason": "fetch failed"
    },
    {
      "url": "https://www.jaquar.com/en/single-lever-extended-basin-mixer-black-matt",
      "reason": "fetch failed"
    },
    {
      "url": "https://www.jaquar.com/en/single-lever-extended-basin-mixer-black-chrome",
      "reason": "fetch failed"
    },
    {
      "url": "https://www.jaquar.com/en/single-lever-extended-basin-mixer-chrome",
      "reason": "fetch failed"
    },
    {
      "url": "https://www.jaquar.com/en/single-lever-basin-mixer-lever-gold-bright-pvd-body-gold-matt-pvd",
      "reason": "fetch failed"
    },
    {
      "url": "https://www.jaquar.com/en/single-lever-basin-mixer-gold-matt-pvd",
      "reason": "fetch failed"
    },
    {
      "url": "https://www.jaquar.com/en/single-lever-basin-mixer-gold-bright-pvd",
      "reason": "fetch failed"
    },
    {
      "url": "https://www.jaquar.com/en/single-lever-basin-mixer-lever-gold-matt-pvd-body-black-matt",
      "reason": "fetch failed"
    },
    {
      "url": "https://www.jaquar.com/en/single-lever-basin-mixer-lever-black-chrome-body-black-matt",
      "reason": "fetch failed"
    },
    {
      "url": "https://www.jaquar.com/en/single-lever-basin-mixer-black-matt-10",
      "reason": "fetch failed"
    },
    {
      "url": "https://www.jaquar.com/en/single-lever-basin-mixer-chrome-9",
      "reason": "fetch failed"
    },
    {
      "url": "https://www.jaquar.com/en/table-top-basin-7",
      "reason": "fetch failed"
    },
    {
      "url": "https://www.jaquar.com/en/rimless-bowl-with-cistern-ons-wht-10753p180ufsm",
      "reason": "fetch failed"
    },
    {
      "url": "https://www.jaquar.com/en/rimless-bowl-with-cistern-ons-wht-10753ns250ufsm",
      "reason": "fetch failed"
    },
    {
      "url": "https://www.jaquar.com/en/vignette-p-rimless-floormount-wc-p-trap",
      "reason": "fetch failed"
    },
    {
      "url": "https://www.jaquar.com/en/vignette-p-rimless-floormount-wc-s-trap",
      "reason": "fetch failed"
    },
    {
      "url": "https://www.jaquar.com/en/rimless-bowl-with-cistern-p-trap",
      "reason": "fetch failed"
    },
    {
      "url": "https://www.jaquar.com/en/rimless-bowl-with-cistern-s-trap",
      "reason": "fetch failed"
    },
    {
      "url": "https://www.jaquar.com/en/under-counter-basin-with-accessories",
      "reason": "fetch failed"
    },
    {
      "url": "https://www.jaquar.com/en/wall-hung-bidet-7",
      "reason": "fetch failed"
    },
    {
      "url": "https://www.jaquar.com/en/floor-mounted-bidget",
      "reason": "fetch failed"
    },
    {
      "url": "https://www.jaquar.com/en/rimless-back-to-wall-wc-queen-s-prime",
      "reason": "fetch failed"
    },
    {
      "url": "https://www.jaquar.com/en/wall-hung-basin-with-fixing-accessories",
      "reason": "fetch failed"
    },
    {
      "url": "https://www.jaquar.com/en/rimless-bowl-side-flush-cistern",
      "reason": "fetch failed"
    },
    {
      "url": "https://www.jaquar.com/en/rimless-bowl-side-flush-cistern-p-trap",
      "reason": "fetch failed"
    },
    {
      "url": "https://www.jaquar.com/en/rimless-wall-hung-wc-set",
      "reason": "fetch failed"
    },
    {
      "url": "https://www.jaquar.com/en/fonte-built-in-bath-tub",
      "reason": "fetch failed"
    },
    {
      "url": "https://www.jaquar.com/en/fonte-copy",
      "reason": "fetch failed"
    },
    {
      "url": "https://www.jaquar.com/en/fonte-water-system-whirlpool-tub",
      "reason": "fetch failed"
    },
    {
      "url": "https://www.jaquar.com/en/fonte-combi-system-copy",
      "reason": "fetch failed"
    },
    {
      "url": "https://www.jaquar.com/en/blush-wall-mounted-sensor-faucet-antique-bronze-water-supply-kit",
      "reason": "fetch failed"
    },
    {
      "url": "https://www.jaquar.com/en/blush-wall-mounted-sensor-faucet-stainless-steel-water-supply-kit",
      "reason": "fetch failed"
    },
    {
      "url": "https://www.jaquar.com/en/blush-wall-mounted-sensor-faucet-graphite-water-supply-kit",
      "reason": "fetch failed"
    },
    {
      "url": "https://www.jaquar.com/en/blush-wall-mounted-sensor-faucet-black-matt",
      "reason": "fetch failed"
    },
    {
      "url": "https://www.jaquar.com/en/blush-wall-mounted-sensor-faucet-black-chrome-water-supply-kit",
      "reason": "fetch failed"
    },
    {
      "url": "https://www.jaquar.com/en/blush-wall-mounted-sensor-faucet-antique-copper-with-water-supply-kit",
      "reason": "fetch failed"
    },
    {
      "url": "https://www.jaquar.com/en/blush-tall-boy-deck-mounted-sensor-faucet-antique-bronze-water-supply-kit",
      "reason": "fetch failed"
    },
    {
      "url": "https://www.jaquar.com/en/blush-tall-boy-deck-mounted-sensor-faucet-stainless-steel-water-supply-kit",
      "reason": "fetch failed"
    },
    {
      "url": "https://www.jaquar.com/en/blush-tall-boy-deck-mounted-sensor-faucet-graphite-water-supply-kit",
      "reason": "fetch failed"
    },
    {
      "url": "https://www.jaquar.com/en/blush-tall-boy-deck-mounted-sensor-faucet-black-matt",
      "reason": "fetch failed"
    },
    {
      "url": "https://www.jaquar.com/en/blush-tall-boy-deck-mounted-sensor-faucet-black-chrome",
      "reason": "fetch failed"
    },
    {
      "url": "https://www.jaquar.com/en/blush-tall-boy-deck-mounted-sensor-faucet-antique-copper",
      "reason": "fetch failed"
    },
    {
      "url": "https://www.jaquar.com/en/blush-deck-mounted-sensor-faucet-antique-bronze-water-supply-kit",
      "reason": "fetch failed"
    },
    {
      "url": "https://www.jaquar.com/en/blush-deck-mounted-sensor-faucet-stainless-steel-water-supply-kit",
      "reason": "fetch failed"
    },
    {
      "url": "https://www.jaquar.com/en/blush-deck-mounted-sensor-faucet-graphite-water-supply-kit",
      "reason": "fetch failed"
    },
    {
      "url": "https://www.jaquar.com/en/blush-deck-mounted-sensor-faucet-black-matt-water-supply-kit",
      "reason": "fetch failed"
    },
    {
      "url": "https://www.jaquar.com/en/blush-deck-mounted-sensor-faucet-black-chrome-water-supply-kit",
      "reason": "fetch failed"
    },
    {
      "url": "https://www.jaquar.com/en/blush-deck-mounted-sensor-faucet-antique-copper-water-supply-kit",
      "reason": "fetch failed"
    },
    {
      "url": "https://www.jaquar.com/en/blush-wall-mounted-sensor-faucet-white-matt-2",
      "reason": "fetch failed"
    },
    {
      "url": "https://www.jaquar.com/en/blush-wall-mounted-sensor-faucet-graphite-2",
      "reason": "fetch failed"
    },
    {
      "url": "https://www.jaquar.com/en/blush-wall-mounted-sensor-faucet-black-matt-2",
      "reason": "fetch failed"
    },
    {
      "url": "https://www.jaquar.com/en/blush-deck-mounted-sensor-faucet-black-chrome",
      "reason": "fetch failed"
    },
    {
      "url": "https://www.jaquar.com/en/blush-deck-mounted-sensor-faucet-antique-copper",
      "reason": "fetch failed"
    },
    {
      "url": "https://www.jaquar.com/en/blush-wall-mounted-sensor-faucet-antique-bronze-2",
      "reason": "fetch failed"
    },
    {
      "url": "https://www.jaquar.com/en/blush-tallboy-deck-mounted-sensor-faucet-stainless-steel",
      "reason": "fetch failed"
    },
    {
      "url": "https://www.jaquar.com/en/blush-tallboy-deck-mounted-sensor-faucet-graphite",
      "reason": "fetch failed"
    },
    {
      "url": "https://www.jaquar.com/en/blush-tallboy-deck-mounted-sensor-faucet-black-matt",
      "reason": "fetch failed"
    },
    {
      "url": "https://www.jaquar.com/en/blush-tall-boy-deck-sensor-faucet-black-chrome-water-supply-kit",
      "reason": "fetch failed"
    },
    {
      "url": "https://www.jaquar.com/en/blush-deck-mounted-sensor-faucet-antique-copper-3",
      "reason": "fetch failed"
    },
    {
      "url": "https://www.jaquar.com/en/blush-deck-mounted-sensor-faucet-antique-bronze10",
      "reason": "fetch failed"
    },
    {
      "url": "https://www.jaquar.com/en/blush-deck-mounted-sensor-faucet-stainless-steel-2",
      "reason": "fetch failed"
    },
    {
      "url": "https://www.jaquar.com/en/blush-deck-mounted-sensor-faucet-graphite-2",
      "reason": "fetch failed"
    },
    {
      "url": "https://www.jaquar.com/en/blush-deck-mounted-sensor-faucet-black-matt-2",
      "reason": "fetch failed"
    },
    {
      "url": "https://www.jaquar.com/en/blush-deck-mounted-sensor-faucet-black-chrome-4",
      "reason": "fetch failed"
    },
    {
      "url": "https://www.jaquar.com/en/blush-deck-mounted-sensor-faucet-antique-copper-2",
      "reason": "fetch failed"
    },
    {
      "url": "https://www.jaquar.com/en/blush-deck-mounted-sensor-faucet-antique-bronze-3",
      "reason": "fetch failed"
    },
    {
      "url": "https://www.jaquar.com/en/control-plate-continental-prime",
      "reason": "fetch failed"
    },
    {
      "url": "https://www.jaquar.com/en/blush-sensor-washbasin-faucet-with-premix-water-supply-kit",
      "reason": "fetch failed"
    },
    {
      "url": "https://www.jaquar.com/en/blush-sensor-washbasin-faucet",
      "reason": "fetch failed"
    },
    {
      "url": "https://www.jaquar.com/en/blush-sensor-tall-boy-washbasin-faucet-with-premix-water-supply-kit",
      "reason": "fetch failed"
    },
    {
      "url": "https://www.jaquar.com/en/blush-sensor-tall-boy-washbasin-faucet",
      "reason": "fetch failed"
    },
    {
      "url": "https://www.jaquar.com/en/blush-sensor-wall-mounted-faucet-with-premix-water-supply-kit",
      "reason": "fetch failed"
    },
    {
      "url": "https://www.jaquar.com/en/blush-sensor-wall-mounted-faucet",
      "reason": "fetch failed"
    },
    {
      "url": "https://www.jaquar.com/en/continental_prime-bathtub-spout-hand-shower-provision",
      "reason": "fetch failed"
    },
    {
      "url": "https://www.jaquar.com/en/continental_prime-bathtub-spout",
      "reason": "fetch failed"
    },
    {
      "url": "https://www.jaquar.com/en/continental_prime-angular-stop-cock",
      "reason": "fetch failed"
    },
    {
      "url": "https://www.jaquar.com/en/continental_prime-2-way-bib-cock",
      "reason": "fetch failed"
    },
    {
      "url": "https://www.jaquar.com/en/continental_prime-long-body-bib-cock",
      "reason": "fetch failed"
    },
    {
      "url": "https://www.jaquar.com/en/continental_prime-bib-cock",
      "reason": "fetch failed"
    },
    {
      "url": "https://www.jaquar.com/en/sink-cock-with-pipe-swinging-spout",
      "reason": "fetch failed"
    },
    {
      "url": "https://www.jaquar.com/en/continental_prime-kitchen-swan-neck-double-lever-wall-mixer",
      "reason": "fetch failed"
    },
    {
      "url": "https://www.jaquar.com/en/continental_prime-3-in-1-wall-mixer",
      "reason": "fetch failed"
    },
    {
      "url": "https://www.jaquar.com/en/continental_prime-2-in-1-wall-mixer",
      "reason": "fetch failed"
    },
    {
      "url": "https://www.jaquar.com/en/continental_prime-shower-mixer-for-shower-cubicles",
      "reason": "fetch failed"
    },
    {
      "url": "https://www.jaquar.com/en/continental_prime-extension-body-pillar-cock",
      "reason": "fetch failed"
    },
    {
      "url": "https://www.jaquar.com/en/continental_prime-pillar-cock",
      "reason": "fetch failed"
    },
    {
      "url": "https://www.jaquar.com/en/continental_prime-double-lever-basin-mixer-pop-up-waste",
      "reason": "fetch failed"
    },
    {
      "url": "https://www.jaquar.com/en/continental_prime-double-lever-basin-mixer",
      "reason": "fetch failed"
    },
    {
      "url": "https://www.jaquar.com/en/continental_prime-swinging-spout-single-lever-kitchen-mixer",
      "reason": "fetch failed"
    },
    {
      "url": "https://www.jaquar.com/en/continental_prime-single-lever-bidet-mixer-popup-system",
      "reason": "fetch failed"
    },
    {
      "url": "https://www.jaquar.com/en/continental_prime-ald055n-divertor-plate",
      "reason": "fetch failed"
    },
    {
      "url": "https://www.jaquar.com/en/continental_prime-deusch-mixer-shower",
      "reason": "fetch failed"
    },
    {
      "url": "https://www.jaquar.com/en/continental_prime-single-lever-wall-mixer-handshower-provision",
      "reason": "fetch failed"
    },
    {
      "url": "https://www.jaquar.com/en/continental_prime-tall-boy-single-lever-basin-mixer",
      "reason": "fetch failed"
    },
    {
      "url": "https://www.jaquar.com/en/continental_prime-single-lever-basin-mixer-pop-up-waste",
      "reason": "fetch failed"
    },
    {
      "url": "https://www.jaquar.com/en/continental_prime-single-lever-basin-mixer",
      "reason": "fetch failed"
    },
    {
      "url": "https://www.jaquar.com/en/hand-shower-health-faucet",
      "reason": "fetch failed"
    },
    {
      "url": "https://www.jaquar.com/en/rimless-blind-installation-wall-hung-wc-3",
      "reason": "fetch failed"
    },
    {
      "url": "https://www.jaquar.com/en/bowl-with-cistern-for-extended-wall-hung",
      "reason": "fetch failed"
    },
    {
      "url": "https://www.jaquar.com/en/single-piece-concealed-cistern-5",
      "reason": "fetch failed"
    },
    {
      "url": "https://www.jaquar.com/en/single-piece-concealed-cistern-4",
      "reason": "fetch failed"
    },
    {
      "url": "https://www.jaquar.com/en/single-piece-concealed-cistern-3",
      "reason": "fetch failed"
    },
    {
      "url": "https://www.jaquar.com/en/single-piece-concealed-cistern-2",
      "reason": "fetch failed"
    },
    {
      "url": "https://www.jaquar.com/en/single-piece-concealed-cistern",
      "reason": "fetch failed"
    },
    {
      "url": "https://www.jaquar.com/en/sink-cock-with-regular-swinging-spout-stainless-steel",
      "reason": "fetch failed"
    },
    {
      "url": "https://www.jaquar.com/en/sink-cock-with-regular-swinging-spout-graphite",
      "reason": "fetch failed"
    },
    {
      "url": "https://www.jaquar.com/en/sink-cock-with-regular-swinging-spout-black-matt",
      "reason": "fetch failed"
    },
    {
      "url": "https://www.jaquar.com/en/sink-cock-with-regular-swinging-spout-black-chrome",
      "reason": "fetch failed"
    },
    {
      "url": "https://www.jaquar.com/en/sink-cock-with-regular-swinging-spout-antique-copper",
      "reason": "fetch failed"
    },
    {
      "url": "https://www.jaquar.com/en/sink-cock-with-regular-swinging-spout-antique-bronze",
      "reason": "fetch failed"
    },
    {
      "url": "https://www.jaquar.com/en/sink-cock-with-regular-swinging-spout-chrome",
      "reason": "fetch failed"
    },
    {
      "url": "https://www.jaquar.com/en/sink-mixer-with-regular-swinging-spout-stainless-steel",
      "reason": "fetch failed"
    },
    {
      "url": "https://www.jaquar.com/en/sink-mixer-with-regular-swinging-spout-graphite",
      "reason": "fetch failed"
    },
    {
      "url": "https://www.jaquar.com/en/sink-mixer-with-regular-swinging-spout-black-matt",
      "reason": "fetch failed"
    },
    {
      "url": "https://www.jaquar.com/en/sink-mixer-with-regular-swinging-spout-black-chrome",
      "reason": "fetch failed"
    },
    {
      "url": "https://www.jaquar.com/en/sink-mixer-with-regular-swinging-spout-antique-copper",
      "reason": "fetch failed"
    },
    {
      "url": "https://www.jaquar.com/en/sink-mixer-with-regular-swinging-spout-antique-bronze",
      "reason": "fetch failed"
    },
    {
      "url": "https://www.jaquar.com/en/sink-mixer-with-regular-swinging-spout-chrome",
      "reason": "fetch failed"
    },
    {
      "url": "https://www.jaquar.com/en/sink-mixer-with-short-swinging-spout-stainless-steel",
      "reason": "fetch failed"
    },
    {
      "url": "https://www.jaquar.com/en/sink-mixer-with-short-swinging-spout-graphite",
      "reason": "fetch failed"
    },
    {
      "url": "https://www.jaquar.com/en/sink-mixer-with-short-swinging-spout-black-matt",
      "reason": "fetch failed"
    },
    {
      "url": "https://www.jaquar.com/en/sink-mixer-with-short-swinging-spout-black-chrome",
      "reason": "fetch failed"
    },
    {
      "url": "https://www.jaquar.com/en/sink-mixer-with-short-swinging-spout-antique-copper",
      "reason": "fetch failed"
    },
    {
      "url": "https://www.jaquar.com/en/sink-mixer-with-short-swinging-spout-antique-bronze",
      "reason": "fetch failed"
    },
    {
      "url": "https://www.jaquar.com/en/sink-mixer-with-short-swinging-spout-chrome",
      "reason": "fetch failed"
    },
    {
      "url": "https://www.jaquar.com/en/wall-mixer-3-in-1-system-stainless-steel",
      "reason": "fetch failed"
    },
    {
      "url": "https://www.jaquar.com/en/wall-mixer-3-in-1-system-graphite",
      "reason": "fetch failed"
    },
    {
      "url": "https://www.jaquar.com/en/wall-mixer-3-in-1-system-black-matt",
      "reason": "fetch failed"
    },
    {
      "url": "https://www.jaquar.com/en/wall-mixer-3-in-1-system-black-chrome",
      "reason": "fetch failed"
    },
    {
      "url": "https://www.jaquar.com/en/wall-mixer-3-in-1-system-antique-copper",
      "reason": "fetch failed"
    },
    {
      "url": "https://www.jaquar.com/en/wall-mixer-3-in-1-system-antique-bronze",
      "reason": "fetch failed"
    },
    {
      "url": "https://www.jaquar.com/en/wall-mixer-3-in-1-system-chrome",
      "reason": "fetch failed"
    },
    {
      "url": "https://www.jaquar.com/en/bath-and-shower-mixer-stainless-steel",
      "reason": "fetch failed"
    },
    {
      "url": "https://www.jaquar.com/en/bath-and-shower-mixer-graphite",
      "reason": "fetch failed"
    },
    {
      "url": "https://www.jaquar.com/en/bath-and-shower-mixer-black-matt-2",
      "reason": "fetch failed"
    },
    {
      "url": "https://www.jaquar.com/en/bath-and-shower-mixer-black-chrome",
      "reason": "fetch failed"
    },
    {
      "url": "https://www.jaquar.com/en/bath-and-shower-mixer-antique-copper",
      "reason": "fetch failed"
    },
    {
      "url": "https://www.jaquar.com/en/bath-and-shower-mixer-antique-bronze",
      "reason": "fetch failed"
    },
    {
      "url": "https://www.jaquar.com/en/bath-and-shower-mixer-chrome",
      "reason": "fetch failed"
    },
    {
      "url": "https://www.jaquar.com/en/aquamax-thermostatic-shower-mixer-stainless-steel-6",
      "reason": "fetch failed"
    },
    {
      "url": "https://www.jaquar.com/en/aquamax-thermostatic-shower-mixer-stainless-steel-5",
      "reason": "fetch failed"
    },
    {
      "url": "https://www.jaquar.com/en/aquamax-thermostatic-shower-mixer-stainless-steel-4",
      "reason": "fetch failed"
    },
    {
      "url": "https://www.jaquar.com/en/aquamax-thermostatic-shower-mixer-graphite-6",
      "reason": "fetch failed"
    },
    {
      "url": "https://www.jaquar.com/en/aquamax-thermostatic-shower-mixer-graphite-5",
      "reason": "fetch failed"
    },
    {
      "url": "https://www.jaquar.com/en/aquamax-thermostatic-shower-mixer-graphite-4",
      "reason": "fetch failed"
    },
    {
      "url": "https://www.jaquar.com/en/aquamax-thermostatic-shower-mixer-black-matt-6",
      "reason": "fetch failed"
    },
    {
      "url": "https://www.jaquar.com/en/aquamax-thermostatic-shower-mixer-black-matt-5",
      "reason": "fetch failed"
    },
    {
      "url": "https://www.jaquar.com/en/aquamax-thermostatic-shower-mixer-black-matt-4",
      "reason": "fetch failed"
    },
    {
      "url": "https://www.jaquar.com/en/aquamax-thermostatic-shower-mixer-black-chrome-6",
      "reason": "fetch failed"
    },
    {
      "url": "https://www.jaquar.com/en/aquamax-thermostatic-shower-mixer-black-chrome-5",
      "reason": "fetch failed"
    },
    {
      "url": "https://www.jaquar.com/en/aquamax-thermostatic-shower-mixer-black-chrome-4",
      "reason": "fetch failed"
    },
    {
      "url": "https://www.jaquar.com/en/aquamax-thermostatic-shower-mixer-antique-copper-6",
      "reason": "fetch failed"
    },
    {
      "url": "https://www.jaquar.com/en/aquamax-thermostatic-shower-mixer-antique-copper-5",
      "reason": "fetch failed"
    },
    {
      "url": "https://www.jaquar.com/en/aquamax-thermostatic-shower-mixer-antique-copper-4",
      "reason": "fetch failed"
    },
    {
      "url": "https://www.jaquar.com/en/aquamax-thermostatic-shower-mixer-antique-bronze-6",
      "reason": "fetch failed"
    },
    {
      "url": "https://www.jaquar.com/en/aquamax-thermostatic-shower-mixer-antique-bronze-5",
      "reason": "fetch failed"
    },
    {
      "url": "https://www.jaquar.com/en/aquamax-thermostatic-shower-mixer-antique-bronze-4",
      "reason": "fetch failed"
    },
    {
      "url": "https://www.jaquar.com/en/aquamax-exposed-part-kit-of-thermostatic-shower-mixer-with-3-way-diverter-chrome-4",
      "reason": "fetch failed"
    },
    {
      "url": "https://www.jaquar.com/en/aquamax-exposed-part-kit-of-thermostatic-shower-mixer-with-2-way-diverter-chrome-3",
      "reason": "fetch failed"
    },
    {
      "url": "https://www.jaquar.com/en/aquamax-exposed-part-kit-of-thermostatic-shower-mixer-chrome-4",
      "reason": "fetch failed"
    },
    {
      "url": "https://www.jaquar.com/en/bath-tub-mixer-stainless-steel",
      "reason": "fetch failed"
    },
    {
      "url": "https://www.jaquar.com/en/bath-tub-mixer-graphite",
      "reason": "fetch failed"
    },
    {
      "url": "https://www.jaquar.com/en/bath-tub-mixer-black-matt",
      "reason": "fetch failed"
    },
    {
      "url": "https://www.jaquar.com/en/bath-tub-mixer-black-chrome",
      "reason": "fetch failed"
    },
    {
      "url": "https://www.jaquar.com/en/bath-tub-mixer-antique-copper",
      "reason": "fetch failed"
    },
    {
      "url": "https://www.jaquar.com/en/bath-tub-mixer-antique-bronze",
      "reason": "fetch failed"
    },
    {
      "url": "https://www.jaquar.com/en/bath-tub-mixer-chrome-3",
      "reason": "fetch failed"
    },
    {
      "url": "https://www.jaquar.com/en/wall-mixer-stainless-steel-3",
      "reason": "fetch failed"
    },
    {
      "url": "https://www.jaquar.com/en/wall-mixer-graphite-3",
      "reason": "fetch failed"
    },
    {
      "url": "https://www.jaquar.com/en/wall-mixer-black-matt-3",
      "reason": "fetch failed"
    },
    {
      "url": "https://www.jaquar.com/en/wall-mixer-black-chrome-3",
      "reason": "fetch failed"
    },
    {
      "url": "https://www.jaquar.com/en/wall-mixer-antique-copper-3",
      "reason": "fetch failed"
    },
    {
      "url": "https://www.jaquar.com/en/wall-mixer-antique-bronze-3",
      "reason": "fetch failed"
    },
    {
      "url": "https://www.jaquar.com/en/wall-mixer-chrome-4",
      "reason": "fetch failed"
    },
    {
      "url": "https://www.jaquar.com/en/wall-mixer-stainless-steel",
      "reason": "fetch failed"
    },
    {
      "url": "https://www.jaquar.com/en/wall-mixer-graphite",
      "reason": "fetch failed"
    },
    {
      "url": "https://www.jaquar.com/en/wall-mixer-black-matt",
      "reason": "fetch failed"
    },
    {
      "url": "https://www.jaquar.com/en/wall-mixer-black-chrome",
      "reason": "fetch failed"
    },
    {
      "url": "https://www.jaquar.com/en/wall-mixer-antique-copper",
      "reason": "fetch failed"
    },
    {
      "url": "https://www.jaquar.com/en/wall-mixer-antique-bronze",
      "reason": "fetch failed"
    },
    {
      "url": "https://www.jaquar.com/en/wall-mixer-chrome",
      "reason": "fetch failed"
    },
    {
      "url": "https://www.jaquar.com/en/single-lever-1-hole-bidet-mixer-with-popup-waste-system-stainless-steel-3",
      "reason": "fetch failed"
    },
    {
      "url": "https://www.jaquar.com/en/single-lever-1-hole-bidet-mixer-with-popup-waste-system-graphite-3",
      "reason": "fetch failed"
    },
    {
      "url": "https://www.jaquar.com/en/single-lever-1-hole-bidet-mixer-with-popup-waste-system-black-matt-3",
      "reason": "fetch failed"
    },
    {
      "url": "https://www.jaquar.com/en/single-lever-1-hole-bidet-mixer-with-popup-waste-system-black-chrome-2",
      "reason": "fetch failed"
    },
    {
      "url": "https://www.jaquar.com/en/single-lever-1-hole-bidet-mixer-with-popup-waste-system-antique-copper-3",
      "reason": "fetch failed"
    },
    {
      "url": "https://www.jaquar.com/en/single-lever-1-hole-bidet-mixer-with-popup-waste-system-antique-bronze-3",
      "reason": "fetch failed"
    },
    {
      "url": "https://www.jaquar.com/en/single-lever-1-hole-bidet-mixer-with-popup-waste-system-chrome-3",
      "reason": "fetch failed"
    },
    {
      "url": "https://www.jaquar.com/en/shower-mixer-for-shower-cubicles-graphite",
      "reason": "fetch failed"
    },
    {
      "url": "https://www.jaquar.com/en/shower-mixer-for-shower-cubicles-stainless-steel",
      "reason": "fetch failed"
    },
    {
      "url": "https://www.jaquar.com/en/exposed-part-kit-of-concealed-stop-cock-stainless-steel",
      "reason": "fetch failed"
    },
    {
      "url": "https://www.jaquar.com/en/single-lever-exposed-parts-kit-of-hi-flow-diverter-stainless-steel-copy",
      "reason": "fetch failed"
    },
    {
      "url": "https://www.jaquar.com/en/single-lever-concealed-diverter-stainless-steel-4",
      "reason": "fetch failed"
    },
    {
      "url": "https://www.jaquar.com/en/angular-stop-cock-stainless-steel-4",
      "reason": "fetch failed"
    },
    {
      "url": "https://www.jaquar.com/en/2-way-bib-cock-stainless-steel-3",
      "reason": "fetch failed"
    },
    {
      "url": "https://www.jaquar.com/en/bib-cock-stainless-steel-4",
      "reason": "fetch failed"
    },
    {
      "url": "https://www.jaquar.com/en/pillar-cock-stainless-steel-10",
      "reason": "fetch failed"
    },
    {
      "url": "https://www.jaquar.com/en/shower-mixer-for-shower-cubicles-black-matt",
      "reason": "fetch failed"
    },
    {
      "url": "https://www.jaquar.com/en/shower-mixer-for-shower-cubicles-black-chrome",
      "reason": "fetch failed"
    },
    {
      "url": "https://www.jaquar.com/en/exposed-part-kit-of-concealed-stop-cock-graphite",
      "reason": "fetch failed"
    },
    {
      "url": "https://www.jaquar.com/en/single-lever-exposed-parts-kit-of-hi-flow-diverter-graphite",
      "reason": "fetch failed"
    },
    {
      "url": "https://www.jaquar.com/en/single-lever-concealed-diverter-graphite-4",
      "reason": "fetch failed"
    },
    {
      "url": "https://www.jaquar.com/en/angular-stop-cock-graphite-4",
      "reason": "fetch failed"
    },
    {
      "url": "https://www.jaquar.com/en/2-way-bib-cock-graphite-4",
      "reason": "fetch failed"
    },
    {
      "url": "https://www.jaquar.com/en/shower-mixer-for-shower-cubicles-antique-copper",
      "reason": "fetch failed"
    },
    {
      "url": "https://www.jaquar.com/en/bib-cock-graphite-4",
      "reason": "fetch failed"
    },
    {
      "url": "https://www.jaquar.com/en/pillar-cock-graphite-10",
      "reason": "fetch failed"
    },
    {
      "url": "https://www.jaquar.com/en/shower-mixer-for-shower-cubicles-antique-bronze",
      "reason": "fetch failed"
    },
    {
      "url": "https://www.jaquar.com/en/shower-mixer-for-shower-cubicles-chrome",
      "reason": "fetch failed"
    },
    {
      "url": "https://www.jaquar.com/en/exposed-part-kit-of-concealed-stop-cock-black-matt",
      "reason": "fetch failed"
    },
    {
      "url": "https://www.jaquar.com/en/single-lever-exposed-parts-kit-of-hi-flow-diverter-black-matt",
      "reason": "fetch failed"
    },
    {
      "url": "https://www.jaquar.com/en/single-lever-concealed-diverter-black-matt-4",
      "reason": "fetch failed"
    },
    {
      "url": "https://www.jaquar.com/en/angular-stop-cock-black-matt-4",
      "reason": "fetch failed"
    },
    {
      "url": "https://www.jaquar.com/en/2-way-bib-cock-black-matt-4",
      "reason": "fetch failed"
    },
    {
      "url": "https://www.jaquar.com/en/pillar-cock-black-matt-10",
      "reason": "fetch failed"
    },
    {
      "url": "https://www.jaquar.com/en/bib-cock-black-matt-4",
      "reason": "fetch failed"
    },
    {
      "url": "https://www.jaquar.com/en/exposed-part-kit-of-concealed-stop-cock-black-chrome",
      "reason": "fetch failed"
    },
    {
      "url": "https://www.jaquar.com/en/single-lever-exposed-parts-kit-of-hi-flow-diverter-black-chrome",
      "reason": "fetch failed"
    },
    {
      "url": "https://www.jaquar.com/en/single-lever-concealed-diverter-black-chrome-4",
      "reason": "fetch failed"
    },
    {
      "url": "https://www.jaquar.com/en/angular-stop-cock-black-chrome-4",
      "reason": "fetch failed"
    },
    {
      "url": "https://www.jaquar.com/en/2-way-bib-cock-black-chrome-4",
      "reason": "fetch failed"
    },
    {
      "url": "https://www.jaquar.com/en/bib-cock-black-chrome-4",
      "reason": "fetch failed"
    },
    {
      "url": "https://www.jaquar.com/en/pillar-cock-black-chrome-10",
      "reason": "fetch failed"
    },
    {
      "url": "https://www.jaquar.com/en/exposed-part-kit-of-concealed-stop-cock-antique-copper",
      "reason": "fetch failed"
    },
    {
      "url": "https://www.jaquar.com/en/single-lever-exposed-parts-kit-of-hi-flow-diverter-antique-copper",
      "reason": "fetch failed"
    },
    {
      "url": "https://www.jaquar.com/en/single-lever-concealed-diverter-antique-copper-4",
      "reason": "fetch failed"
    },
    {
      "url": "https://www.jaquar.com/en/angular-stop-cock-antique-copper-4",
      "reason": "fetch failed"
    },
    {
      "url": "https://www.jaquar.com/en/2-way-bib-cock-antique-copper-4",
      "reason": "fetch failed"
    },
    {
      "url": "https://www.jaquar.com/en/bib-cock-antique-copper-4",
      "reason": "fetch failed"
    },
    {
      "url": "https://www.jaquar.com/en/pillar-cock-antique-copper-11",
      "reason": "fetch failed"
    },
    {
      "url": "https://www.jaquar.com/en/exposed-part-kit-of-concealed-stop-cock-antique-bronze",
      "reason": "fetch failed"
    },
    {
      "url": "https://www.jaquar.com/en/single-lever-exposed-parts-kit-of-hi-flow-diverter-antique-bronze",
      "reason": "fetch failed"
    },
    {
      "url": "https://www.jaquar.com/en/single-lever-exposed-parts-kit-of-diverter-antique-bronze",
      "reason": "fetch failed"
    },
    {
      "url": "https://www.jaquar.com/en/angular-stop-cock-antique-bronze-4",
      "reason": "fetch failed"
    },
    {
      "url": "https://www.jaquar.com/en/2-way-bib-cock-antique-bronze-4",
      "reason": "fetch failed"
    },
    {
      "url": "https://www.jaquar.com/en/bib-cock-antique-bronze-4",
      "reason": "fetch failed"
    },
    {
      "url": "https://www.jaquar.com/en/pillar-cock-antique-bronze-8",
      "reason": "fetch failed"
    },
    {
      "url": "https://www.jaquar.com/en/exposed-part-kit-of-concealed-stop-cock-chrome-4",
      "reason": "fetch failed"
    },
    {
      "url": "https://www.jaquar.com/en/single-lever-exposed-parts-kit-of-hi-flow-diverter-chrome-2",
      "reason": "fetch failed"
    },
    {
      "url": "https://www.jaquar.com/en/single-lever-exposed-parts-kit-of-diverter-chrome",
      "reason": "fetch failed"
    },
    {
      "url": "https://www.jaquar.com/en/angular-stop-cock-chrome-4",
      "reason": "fetch failed"
    },
    {
      "url": "https://www.jaquar.com/en/2-way-bib-cock-chrome-4",
      "reason": "fetch failed"
    },
    {
      "url": "https://www.jaquar.com/en/bib-cock-chrome-4",
      "reason": "fetch failed"
    },
    {
      "url": "https://www.jaquar.com/en/pillar-cock-chrome-9",
      "reason": "fetch failed"
    },
    {
      "url": "https://www.jaquar.com/en/sensor-faucet-for-wash-basin-stainless-steel-2",
      "reason": "fetch failed"
    },
    {
      "url": "https://www.jaquar.com/en/sensor-faucet-for-wash-basin-graphite-2",
      "reason": "fetch failed"
    },
    {
      "url": "https://www.jaquar.com/en/sensor-faucet-for-wash-basin-black-matt-2",
      "reason": "fetch failed"
    },
    {
      "url": "https://www.jaquar.com/en/sensor-faucet-for-wash-basin-black-chrome-2",
      "reason": "fetch failed"
    },
    {
      "url": "https://www.jaquar.com/en/sensor-faucet-for-wash-basin-antique-copper-2",
      "reason": "fetch failed"
    },
    {
      "url": "https://www.jaquar.com/en/sensor-faucet-for-wash-basin-antique-bronze-2",
      "reason": "fetch failed"
    },
    {
      "url": "https://www.jaquar.com/en/sensor-faucet-for-wash-basin-chrome-2",
      "reason": "fetch failed"
    },
    {
      "url": "https://www.jaquar.com/en/sensor-faucet-for-wash-basin-stainless-steel",
      "reason": "fetch failed"
    },
    {
      "url": "https://www.jaquar.com/en/sensor-faucet-for-wash-basin-graphite",
      "reason": "fetch failed"
    },
    {
      "url": "https://www.jaquar.com/en/sensor-faucet-for-wash-basin-black-matt",
      "reason": "fetch failed"
    },
    {
      "url": "https://www.jaquar.com/en/sensor-faucet-for-wash-basin-black-chrome",
      "reason": "fetch failed"
    },
    {
      "url": "https://www.jaquar.com/en/sensor-faucet-for-wash-basin-antique-copper",
      "reason": "fetch failed"
    },
    {
      "url": "https://www.jaquar.com/en/sensor-faucet-for-wash-basin-antique-bronze",
      "reason": "fetch failed"
    },
    {
      "url": "https://www.jaquar.com/en/sensor-faucet-for-wash-basin-chrome",
      "reason": "fetch failed"
    },
    {
      "url": "https://www.jaquar.com/en/sensor-faucet-stainless-steel-2",
      "reason": "fetch failed"
    },
    {
      "url": "https://www.jaquar.com/en/sensor-faucet-graphite-2",
      "reason": "fetch failed"
    },
    {
      "url": "https://www.jaquar.com/en/sensor-faucet-black-matt-2",
      "reason": "fetch failed"
    },
    {
      "url": "https://www.jaquar.com/en/sensor-faucet-black-chrome-2",
      "reason": "fetch failed"
    },
    {
      "url": "https://www.jaquar.com/en/sensor-faucet-antique-copper-2",
      "reason": "fetch failed"
    },
    {
      "url": "https://www.jaquar.com/en/sensor-faucet-antique-bronze-2",
      "reason": "fetch failed"
    },
    {
      "url": "https://www.jaquar.com/en/sensor-faucet-chrome-2",
      "reason": "fetch failed"
    },
    {
      "url": "https://www.jaquar.com/en/sensor-faucet-stainless-steel",
      "reason": "fetch failed"
    },
    {
      "url": "https://www.jaquar.com/en/sensor-faucet-graphite",
      "reason": "fetch failed"
    },
    {
      "url": "https://www.jaquar.com/en/sensor-faucet-black-matt",
      "reason": "fetch failed"
    },
    {
      "url": "https://www.jaquar.com/en/sensor-faucet-black-chrome",
      "reason": "fetch failed"
    },
    {
      "url": "https://www.jaquar.com/en/sensor-faucet-antique-copper",
      "reason": "fetch failed"
    },
    {
      "url": "https://www.jaquar.com/en/sensor-faucet-antique-bronze",
      "reason": "fetch failed"
    },
    {
      "url": "https://www.jaquar.com/en/sensor-faucet-chrome",
      "reason": "fetch failed"
    },
    {
      "url": "https://www.jaquar.com/en/tall-boy-sensor-faucet-stainless-steel-4",
      "reason": "fetch failed"
    },
    {
      "url": "https://www.jaquar.com/en/tall-boy-sensor-faucet-graphite-4",
      "reason": "fetch failed"
    },
    {
      "url": "https://www.jaquar.com/en/tall-boy-sensor-faucet-black-matt-4",
      "reason": "fetch failed"
    },
    {
      "url": "https://www.jaquar.com/en/tall-boy-sensor-faucet-black-chrome-4",
      "reason": "fetch failed"
    },
    {
      "url": "https://www.jaquar.com/en/tall-boy-sensor-faucet-antique-copper-4",
      "reason": "fetch failed"
    },
    {
      "url": "https://www.jaquar.com/en/tall-boy-sensor-faucet-antique-bronze-3",
      "reason": "fetch failed"
    },
    {
      "url": "https://www.jaquar.com/en/tall-boy-sensor-faucet-chrome-4",
      "reason": "fetch failed"
    },
    {
      "url": "https://www.jaquar.com/en/tall-boy-sensor-faucet-stainless-steel-3",
      "reason": "fetch failed"
    },
    {
      "url": "https://www.jaquar.com/en/tall-boy-sensor-faucet-graphite-3",
      "reason": "fetch failed"
    },
    {
      "url": "https://www.jaquar.com/en/tall-boy-sensor-faucet-black-matt-3",
      "reason": "fetch failed"
    },
    {
      "url": "https://www.jaquar.com/en/tall-boy-sensor-faucet-black-chrome-3",
      "reason": "fetch failed"
    },
    {
      "url": "https://www.jaquar.com/en/tall-boy-sensor-faucet-antique-copper-3",
      "reason": "fetch failed"
    },
    {
      "url": "https://www.jaquar.com/en/tall-boy-sensor-faucet-antique-bronze-2",
      "reason": "fetch failed"
    },
    {
      "url": "https://www.jaquar.com/en/tall-boy-sensor-faucet-chrome-3",
      "reason": "fetch failed"
    },
    {
      "url": "https://www.jaquar.com/en/tall-boy-sensor-faucet-stainless-steel-2",
      "reason": "fetch failed"
    },
    {
      "url": "https://www.jaquar.com/en/tall-boy-sensor-faucet-stainless-steel",
      "reason": "fetch failed"
    },
    {
      "url": "https://www.jaquar.com/en/tall-boy-sensor-faucet-graphite",
      "reason": "fetch failed"
    },
    {
      "url": "https://www.jaquar.com/en/tall-boy-sensor-faucet-graphite-2",
      "reason": "fetch failed"
    },
    {
      "url": "https://www.jaquar.com/en/tall-boy-sensor-faucet-black-matt-2",
      "reason": "fetch failed"
    },
    {
      "url": "https://www.jaquar.com/en/tall-boy-sensor-faucet-black-matt",
      "reason": "fetch failed"
    },
    {
      "url": "https://www.jaquar.com/en/tall-boy-sensor-faucet-black-chrome-2",
      "reason": "fetch failed"
    },
    {
      "url": "https://www.jaquar.com/en/tall-boy-sensor-faucet-black-chrome",
      "reason": "fetch failed"
    },
    {
      "url": "https://www.jaquar.com/en/tall-boy-sensor-faucet-antique-copper-2",
      "reason": "fetch failed"
    },
    {
      "url": "https://www.jaquar.com/en/tall-boy-sensor-faucet-antique-copper",
      "reason": "fetch failed"
    },
    {
      "url": "https://www.jaquar.com/en/tall-boy-sensor-faucet-chrome-antique-bronze",
      "reason": "fetch failed"
    },
    {
      "url": "https://www.jaquar.com/en/tall-boy-sensor-faucet-antique-bronze",
      "reason": "fetch failed"
    },
    {
      "url": "https://www.jaquar.com/en/tall-boy-sensor-faucet-chrome-2",
      "reason": "fetch failed"
    },
    {
      "url": "https://www.jaquar.com/en/tall-boy-sensor-faucet-chrome",
      "reason": "fetch failed"
    },
    {
      "url": "https://www.jaquar.com/en/concealed-body-for-single-lever-deusch-mixer-for-spout",
      "reason": "fetch failed"
    },
    {
      "url": "https://www.jaquar.com/en/concealed-body-for-single-lever-deusch-mixer",
      "reason": "fetch failed"
    },
    {
      "url": "https://www.jaquar.com/en/jaq-brushed-stainless-steel",
      "reason": "fetch failed"
    },
    {
      "url": "https://www.jaquar.com/en/single-lever-basin-mixer-antique-bronze-9",
      "reason": "fetch failed"
    },
    {
      "url": "https://www.jaquar.com/en/bath-tub-spout-with-button-attachment-stainless-steel",
      "reason": "fetch failed"
    },
    {
      "url": "https://www.jaquar.com/en/rimless-wall-hung-wc-7",
      "reason": "fetch failed"
    },
    {
      "url": "https://www.jaquar.com/en/bath-tub-spout-with-button-attachment-graphite",
      "reason": "fetch failed"
    },
    {
      "url": "https://www.jaquar.com/en/bath-tub-spout-with-button-attachment-black-matt",
      "reason": "fetch failed"
    },
    {
      "url": "https://www.jaquar.com/en/bath-tub-spout-with-button-attachment-black-chrome",
      "reason": "fetch failed"
    },
    {
      "url": "https://www.jaquar.com/en/bath-tub-spout-with-button-attachment-antique-copper",
      "reason": "fetch failed"
    },
    {
      "url": "https://www.jaquar.com/en/bath-tub-spout-with-button-attachment-antique-bronze",
      "reason": "fetch failed"
    },
    {
      "url": "https://www.jaquar.com/en/bath-tub-spout-with-button-attachment-chrome-2",
      "reason": "fetch failed"
    },
    {
      "url": "https://www.jaquar.com/en/bath-tub-spout-stainless-steel-3",
      "reason": "fetch failed"
    },
    {
      "url": "https://www.jaquar.com/en/bath-tub-spout-graphite-3",
      "reason": "fetch failed"
    },
    {
      "url": "https://www.jaquar.com/en/bath-tub-spout-black-matt-3",
      "reason": "fetch failed"
    },
    {
      "url": "https://www.jaquar.com/en/bath-tub-spout-black-chrome-3",
      "reason": "fetch failed"
    },
    {
      "url": "https://www.jaquar.com/en/bath-tub-spout-antique-copper-3",
      "reason": "fetch failed"
    },
    {
      "url": "https://www.jaquar.com/en/bath-tub-spout-antique-bronze-3",
      "reason": "fetch failed"
    },
    {
      "url": "https://www.jaquar.com/en/bath-tub-spout-chrome-2",
      "reason": "fetch failed"
    },
    {
      "url": "https://www.jaquar.com/en/two-concealed-stop-cocks-stainless-steel-6",
      "reason": "fetch failed"
    },
    {
      "url": "https://www.jaquar.com/en/two-concealed-stop-cocks-graphite-6",
      "reason": "fetch failed"
    },
    {
      "url": "https://www.jaquar.com/en/two-concealed-stop-cocks-black-matt-6",
      "reason": "fetch failed"
    },
    {
      "url": "https://www.jaquar.com/en/two-concealed-stop-cocks-black-chrome-6",
      "reason": "fetch failed"
    },
    {
      "url": "https://www.jaquar.com/en/two-concealed-stop-cocks-antique-copper-6",
      "reason": "fetch failed"
    },
    {
      "url": "https://www.jaquar.com/en/two-concealed-stop-cocks-antique-bronze-6",
      "reason": "fetch failed"
    },
    {
      "url": "https://www.jaquar.com/en/two-concealed-stop-cocks-chrome-6",
      "reason": "fetch failed"
    },
    {
      "url": "https://www.jaquar.com/en/3-hole-basin-mixer-with-popup-waste-system-stainless-steel",
      "reason": "fetch failed"
    },
    {
      "url": "https://www.jaquar.com/en/3-hole-basin-mixer-with-popup-waste-system-graphite",
      "reason": "fetch failed"
    },
    {
      "url": "https://www.jaquar.com/en/3-hole-basin-mixer-with-popup-waste-system-black-matt",
      "reason": "fetch failed"
    },
    {
      "url": "https://www.jaquar.com/en/3-hole-basin-mixer-with-popup-waste-system-black-chrome",
      "reason": "fetch failed"
    },
    {
      "url": "https://www.jaquar.com/en/3-hole-basin-mixer-with-popup-waste-system-antique-copper",
      "reason": "fetch failed"
    },
    {
      "url": "https://www.jaquar.com/en/3-hole-basin-mixer-with-popup-waste-system-antique-bronze",
      "reason": "fetch failed"
    },
    {
      "url": "https://www.jaquar.com/en/3-hole-basin-mixer-with-popup-waste-system-chrome",
      "reason": "fetch failed"
    },
    {
      "url": "https://www.jaquar.com/en/3-hole-basin-mixer-stainless-steel-6",
      "reason": "fetch failed"
    },
    {
      "url": "https://www.jaquar.com/en/3-hole-basin-mixer-graphite-6",
      "reason": "fetch failed"
    },
    {
      "url": "https://www.jaquar.com/en/3-hole-basin-mixer-black-matt-6",
      "reason": "fetch failed"
    },
    {
      "url": "https://www.jaquar.com/en/3-hole-basin-mixer-black-chrome-6",
      "reason": "fetch failed"
    },
    {
      "url": "https://www.jaquar.com/en/3-hole-basin-mixer-antique-copper-6",
      "reason": "fetch failed"
    },
    {
      "url": "https://www.jaquar.com/en/3-hole-basin-mixer-antique-bronze-6",
      "reason": "fetch failed"
    },
    {
      "url": "https://www.jaquar.com/en/3-hole-basin-mixer-chrome-6",
      "reason": "fetch failed"
    },
    {
      "url": "https://www.jaquar.com/en/central-hole-basin-mixer-with-popup-waste-system-stainless-steel",
      "reason": "fetch failed"
    },
    {
      "url": "https://www.jaquar.com/en/central-hole-basin-mixer-with-popup-waste-system-graphite",
      "reason": "fetch failed"
    },
    {
      "url": "https://www.jaquar.com/en/central-hole-basin-mixer-with-popup-waste-system-black-matt",
      "reason": "fetch failed"
    },
    {
      "url": "https://www.jaquar.com/en/central-hole-basin-mixer-with-popup-waste-system-black-chrome",
      "reason": "fetch failed"
    },
    {
      "url": "https://www.jaquar.com/en/central-hole-basin-mixer-with-popup-waste-system-antique-copper",
      "reason": "fetch failed"
    },
    {
      "url": "https://www.jaquar.com/en/central-hole-basin-mixer-with-popup-waste-system-antique-bronze",
      "reason": "fetch failed"
    },
    {
      "url": "https://www.jaquar.com/en/central-hole-basin-mixer-with-popup-waste-system-chrome",
      "reason": "fetch failed"
    },
    {
      "url": "https://www.jaquar.com/en/central-hole-basin-mixer-stainless-steel-2",
      "reason": "fetch failed"
    },
    {
      "url": "https://www.jaquar.com/en/central-hole-basin-mixer-graphite-2",
      "reason": "fetch failed"
    },
    {
      "url": "https://www.jaquar.com/en/central-hole-basin-mixer-black-matt-2",
      "reason": "fetch failed"
    },
    {
      "url": "https://www.jaquar.com/en/central-hole-basin-mixer-black-chrome-2",
      "reason": "fetch failed"
    },
    {
      "url": "https://www.jaquar.com/en/central-hole-basin-mixer-antique-copper-2",
      "reason": "fetch failed"
    },
    {
      "url": "https://www.jaquar.com/en/central-hole-basin-mixer-antique-bronze-2",
      "reason": "fetch failed"
    },
    {
      "url": "https://www.jaquar.com/en/central-hole-basin-mixer-chrome-2",
      "reason": "fetch failed"
    },
    {
      "url": "https://www.jaquar.com/en/single-lever-basin-mixer-with-popup-waste-graphite-3",
      "reason": "fetch failed"
    },
    {
      "url": "https://www.jaquar.com/en/single-lever-basin-mixer-with-popup-waste-stainless-steel-3",
      "reason": "fetch failed"
    },
    {
      "url": "https://www.jaquar.com/en/single-lever-basin-mixer-with-popup-waste-black-matt-3",
      "reason": "fetch failed"
    },
    {
      "url": "https://www.jaquar.com/en/single-lever-basin-mixer-with-popup-waste-black-chrome-3",
      "reason": "fetch failed"
    },
    {
      "url": "https://www.jaquar.com/en/single-lever-basin-mixer-with-popup-waste-antique-copper-3",
      "reason": "fetch failed"
    },
    {
      "url": "https://www.jaquar.com/en/single-lever-basin-mixer-with-popup-waste-antique-bronze-3",
      "reason": "fetch failed"
    },
    {
      "url": "https://www.jaquar.com/en/single-lever-basin-mixer-stainless-steel-10",
      "reason": "fetch failed"
    },
    {
      "url": "https://www.jaquar.com/en/single-lever-basin-mixer-with-popup-waste-chrome-4",
      "reason": "fetch failed"
    },
    {
      "url": "https://www.jaquar.com/en/single-lever-basin-mixer-graphite-9",
      "reason": "fetch failed"
    },
    {
      "url": "https://www.jaquar.com/en/single-lever-basin-mixer-black-matt-9",
      "reason": "fetch failed"
    },
    {
      "url": "https://www.jaquar.com/en/single-lever-basin-mixer-black-chrome-10",
      "reason": "fetch failed"
    },
    {
      "url": "https://www.jaquar.com/en/single-lever-basin-mixer-antique-copper-8",
      "reason": "fetch failed"
    },
    {
      "url": "https://www.jaquar.com/en/single-lever-basin-mixer-chrome-8",
      "reason": "fetch failed"
    },
    {
      "url": "https://www.jaquar.com/en/thin-rim-table-top-basin-white-matt-2",
      "reason": "fetch failed"
    },
    {
      "url": "https://www.jaquar.com/en/thin-rim-table-top-basin-black-matt-2",
      "reason": "fetch failed"
    },
    {
      "url": "https://www.jaquar.com/en/thin-rim-table-top-basin-white-25911",
      "reason": "fetch failed"
    },
    {
      "url": "https://www.jaquar.com/en/thin-rim-table-top-basin-black-matt",
      "reason": "fetch failed"
    },
    {
      "url": "https://www.jaquar.com/en/thin-rim-table-top-basin-white-matt",
      "reason": "fetch failed"
    },
    {
      "url": "https://www.jaquar.com/en/thin-rim-table-top-basin-white",
      "reason": "fetch failed"
    },
    {
      "url": "https://www.jaquar.com/en/pressmatic-elbow-angular-pillar-tap-65mm-extended-body",
      "reason": "fetch failed"
    },
    {
      "url": "https://www.jaquar.com/en/swivel-mirror-630-x-445mm",
      "reason": "fetch failed"
    },
    {
      "url": "https://www.jaquar.com/en/bidspa-rimless-single-piece-wc",
      "reason": "fetch failed"
    },
    {
      "url": "https://www.jaquar.com/en/pressmatic-foot-operated-valve-for-pressmatic-basin-taps-without-cartridge",
      "reason": "fetch failed"
    },
    {
      "url": "https://www.jaquar.com/en/new-age-pressmatic-extended-lever",
      "reason": "fetch failed"
    },
    {
      "url": "https://www.jaquar.com/en/pressmatic-foot-operated-valve-for-pressmatic-basin-taps-only",
      "reason": "fetch failed"
    },
    {
      "url": "https://www.jaquar.com/en/pressmatic-foot-operated-valve-for-taps",
      "reason": "fetch failed"
    },
    {
      "url": "https://www.jaquar.com/en/pressmatic-elbow-bib-cock-with-control-cock",
      "reason": "fetch failed"
    },
    {
      "url": "https://www.jaquar.com/en/pressmatic-elbow-angular-pillar-tap",
      "reason": "fetch failed"
    },
    {
      "url": "https://www.jaquar.com/en/pressmatic-elbow-pillar-tap",
      "reason": "fetch failed"
    },
    {
      "url": "https://www.jaquar.com/en/optima-3-part-left-version-copy",
      "reason": "fetch failed"
    },
    {
      "url": "https://www.jaquar.com/en/enna-shower-enclosure",
      "reason": "fetch failed"
    },
    {
      "url": "https://www.jaquar.com/en/single-piece-slim-concealed-cistern-with-floor-mounting-frame",
      "reason": "fetch failed"
    },
    {
      "url": "https://www.jaquar.com/en/single-piece-slim-concealed-cistern-with-wall-mounting-frame-copy",
      "reason": "fetch failed"
    },
    {
      "url": "https://www.jaquar.com/en/slim-wall-concealed-toilet-cistern",
      "reason": "fetch failed"
    },
    {
      "url": "https://www.jaquar.com/en/p-type-drain-single-piece-slim-concealed-cistern",
      "reason": "fetch failed"
    },
    {
      "url": "https://www.jaquar.com/en/instant-03-ltr-geyser-45kw",
      "reason": "fetch failed"
    },
    {
      "url": "https://www.jaquar.com/en/instant-01-ltr-geyser-45kw",
      "reason": "fetch failed"
    },
    {
      "url": "https://www.jaquar.com/en/rack-bolt-for-wc-snsrb07",
      "reason": "fetch failed"
    },
    {
      "url": "https://www.jaquar.com/en/rack-bolt-for-wcrb07",
      "reason": "fetch failed"
    },
    {
      "url": "https://www.jaquar.com/en/vignette-wallhung-toilet-bidet-blind-installation",
      "reason": "fetch failed"
    },
    {
      "url": "https://www.jaquar.com/en/elena-digital-volume-l-25-2",
      "reason": "fetch failed"
    },
    {
      "url": "https://www.jaquar.com/en/elena-digital-volume-l-15",
      "reason": "fetch failed"
    },
    {
      "url": "https://www.jaquar.com/en/erica-manual-volume-l-25",
      "reason": "fetch failed"
    },
    {
      "url": "https://www.jaquar.com/en/erica-manual-volume-l-15",
      "reason": "fetch failed"
    },
    {
      "url": "https://www.jaquar.com/en/erica-manual-volume-l-10",
      "reason": "fetch failed"
    },
    {
      "url": "https://www.jaquar.com/en/erica-manual-volume-l-6",
      "reason": "fetch failed"
    },
    {
      "url": "https://www.jaquar.com/en/fusion-floor-mounted-bath-lever",
      "reason": "fetch failed"
    },
    {
      "url": "https://www.jaquar.com/en/solo-floor-mounted-bath-lever",
      "reason": "fetch failed"
    },
    {
      "url": "https://www.jaquar.com/en/aria-floor-mounted-bath-lever",
      "reason": "fetch failed"
    },
    {
      "url": "https://www.jaquar.com/en/lyric-exposed-parts-of-floor-mounted-single-lever-bath-mixer",
      "reason": "fetch failed"
    },
    {
      "url": "https://www.jaquar.com/en/concealed-body",
      "reason": "fetch failed"
    },
    {
      "url": "https://www.jaquar.com/en/integra-x-split-heat-pump-500l",
      "reason": "fetch failed"
    },
    {
      "url": "https://www.jaquar.com/en/integra-x-split-heat-pump-400l",
      "reason": "fetch failed"
    },
    {
      "url": "https://www.jaquar.com/en/integra-x-split-heat-pump-300l",
      "reason": "fetch failed"
    },
    {
      "url": "https://www.jaquar.com/en/integra-x-split-heat-pump-200l",
      "reason": "fetch failed"
    },
    {
      "url": "https://www.jaquar.com/en/aquamax-single-lever-shower-mixer-stainless-steel-4",
      "reason": "fetch failed"
    },
    {
      "url": "https://www.jaquar.com/en/aquamax-single-lever-shower-mixer-graphite-4",
      "reason": "fetch failed"
    },
    {
      "url": "https://www.jaquar.com/en/aquamax-single-lever-shower-mixer-black-matt-4",
      "reason": "fetch failed"
    },
    {
      "url": "https://www.jaquar.com/en/aquamax-single-lever-shower-mixer-black-chrome-4",
      "reason": "fetch failed"
    },
    {
      "url": "https://www.jaquar.com/en/aquamax-single-lever-shower-mixer-antique-copper-4",
      "reason": "fetch failed"
    },
    {
      "url": "https://www.jaquar.com/en/aquamax-single-lever-shower-mixer-antique-bronze-3",
      "reason": "fetch failed"
    },
    {
      "url": "https://www.jaquar.com/en/aquamax-exposed-part-kit-of-single-lever-shower-mixer-chrome-4",
      "reason": "fetch failed"
    },
    {
      "url": "https://www.jaquar.com/en/aquamax-vignette-prime-3-way-stainless-steel",
      "reason": "fetch failed"
    },
    {
      "url": "https://www.jaquar.com/en/aquamax-vignette-prime-3-way-graphite",
      "reason": "fetch failed"
    },
    {
      "url": "https://www.jaquar.com/en/aquamax-vignette-prime-3-way-black-matt",
      "reason": "fetch failed"
    },
    {
      "url": "https://www.jaquar.com/en/aquamax-vignette-prime-3-way-black-chrome",
      "reason": "fetch failed"
    },
    {
      "url": "https://www.jaquar.com/en/aquamax-vignette-prime-3-way-antique-copper",
      "reason": "fetch failed"
    },
    {
      "url": "https://www.jaquar.com/en/aquamax-vignette-prime-3-way-antique-bronze",
      "reason": "fetch failed"
    },
    {
      "url": "https://www.jaquar.com/en/aquamax-exposed-part-kit-of-thermostatic-shower-mixer-with-3-way-diverter-chrome-3",
      "reason": "fetch failed"
    },
    {
      "url": "https://www.jaquar.com/en/aquamax-vignette-prime-2-way-stainless-steel",
      "reason": "fetch failed"
    },
    {
      "url": "https://www.jaquar.com/en/aquamax-vignette-prime-2-way-graphite",
      "reason": "fetch failed"
    },
    {
      "url": "https://www.jaquar.com/en/aquamax-vignette-prime-2-way-black-matt",
      "reason": "fetch failed"
    },
    {
      "url": "https://www.jaquar.com/en/aquamax-vignette-prime-2-way-black-chrome",
      "reason": "fetch failed"
    },
    {
      "url": "https://www.jaquar.com/en/aquamax-vignette-prime-2-way-antique-copper",
      "reason": "fetch failed"
    },
    {
      "url": "https://www.jaquar.com/en/aquamax-vignette-prime-2-way-antique-bronze",
      "reason": "fetch failed"
    },
    {
      "url": "https://www.jaquar.com/en/aquamax-exposed-part-kit-of-thermostatic-shower-mixer-with-2-way-diverter-chrome-2",
      "reason": "fetch failed"
    },
    {
      "url": "https://www.jaquar.com/en/aquamax-thermostatic-shower-mixer-stainless-steel-3",
      "reason": "fetch failed"
    },
    {
      "url": "https://www.jaquar.com/en/aquamax-thermostatic-shower-mixer-graphite-3",
      "reason": "fetch failed"
    },
    {
      "url": "https://www.jaquar.com/en/aquamax-thermostatic-shower-mixer-black-matt-3",
      "reason": "fetch failed"
    },
    {
      "url": "https://www.jaquar.com/en/aquamax-thermostatic-shower-mixer-black-chrome-3",
      "reason": "fetch failed"
    },
    {
      "url": "https://www.jaquar.com/en/aquamax-thermostatic-shower-mixer-antique-copper-3",
      "reason": "fetch failed"
    },
    {
      "url": "https://www.jaquar.com/en/aquamax-thermostatic-shower-mixer-antique-bronze-3",
      "reason": "fetch failed"
    },
    {
      "url": "https://www.jaquar.com/en/aquamax-exposed-part-kit-of-thermostatic-shower-mixer-chrome-3",
      "reason": "fetch failed"
    },
    {
      "url": "https://www.jaquar.com/en/vignette-stainless-steel-4-way-diverter",
      "reason": "fetch failed"
    },
    {
      "url": "https://www.jaquar.com/en/vignette-graphite-4-way-diverter",
      "reason": "fetch failed"
    },
    {
      "url": "https://www.jaquar.com/en/vignette-black-matt-4-way-diverter",
      "reason": "fetch failed"
    },
    {
      "url": "https://www.jaquar.com/en/vignette-black-chrome-4-way-diverter",
      "reason": "fetch failed"
    },
    {
      "url": "https://www.jaquar.com/en/vignette-antique-copper-4-way-diverter",
      "reason": "fetch failed"
    },
    {
      "url": "https://www.jaquar.com/en/vignette-antique-bronze-4-way-diverter",
      "reason": "fetch failed"
    },
    {
      "url": "https://www.jaquar.com/en/4-way-diverter-chrome",
      "reason": "fetch failed"
    },
    {
      "url": "https://www.jaquar.com/en/vignette-stainless-steel-deusch-shower-mixer",
      "reason": "fetch failed"
    },
    {
      "url": "https://www.jaquar.com/en/vignette-graphite-deusch-shower-mixer",
      "reason": "fetch failed"
    },
    {
      "url": "https://www.jaquar.com/en/vignette-black-matt-deusch-shower-mixer",
      "reason": "fetch failed"
    },
    {
      "url": "https://www.jaquar.com/en/vignette-black-chrome-deusch-shower-mixer",
      "reason": "fetch failed"
    },
    {
      "url": "https://www.jaquar.com/en/vignette-antique-copper-deusch-shower-mixer",
      "reason": "fetch failed"
    },
    {
      "url": "https://www.jaquar.com/en/vignette-antique-bronze-deusch-shower-mixer",
      "reason": "fetch failed"
    },
    {
      "url": "https://www.jaquar.com/en/single-lever-concealed-deusch-mixer-chrome-5",
      "reason": "fetch failed"
    },
    {
      "url": "https://www.jaquar.com/en/single-lever-1-hole-bidet-mixer-stainless-steel",
      "reason": "fetch failed"
    },
    {
      "url": "https://www.jaquar.com/en/single-lever-1-hole-bidet-mixer-graphite",
      "reason": "fetch failed"
    },
    {
      "url": "https://www.jaquar.com/en/single-lever-1-hole-bidet-mixer-black-matt",
      "reason": "fetch failed"
    },
    {
      "url": "https://www.jaquar.com/en/single-lever-1-hole-bidet-mixer-black-chrome",
      "reason": "fetch failed"
    },
    {
      "url": "https://www.jaquar.com/en/single-lever-1-hole-bidet-mixer-antique-copper",
      "reason": "fetch failed"
    },
    {
      "url": "https://www.jaquar.com/en/single-lever-1-hole-bidet-mixer-antique-bronze",
      "reason": "fetch failed"
    },
    {
      "url": "https://www.jaquar.com/en/single-lever-1-hole-bidet-mixer-chrome",
      "reason": "fetch failed"
    },
    {
      "url": "https://www.jaquar.com/en/vignette-high-flow-divertor-stainless-steel",
      "reason": "fetch failed"
    },
    {
      "url": "https://www.jaquar.com/en/vignette-high-flow-divertor-graphite",
      "reason": "fetch failed"
    },
    {
      "url": "https://www.jaquar.com/en/vignette-high-flow-divertor-black-matt",
      "reason": "fetch failed"
    },
    {
      "url": "https://www.jaquar.com/en/vignette-high-flow-divertor-black-chrome",
      "reason": "fetch failed"
    },
    {
      "url": "https://www.jaquar.com/en/vignette-high-flow-divertor-antique-copper",
      "reason": "fetch failed"
    },
    {
      "url": "https://www.jaquar.com/en/vignette-high-flow-divertor-antique-bronze",
      "reason": "fetch failed"
    },
    {
      "url": "https://www.jaquar.com/en/single-lever-exposed-parts-kit-chrome-5",
      "reason": "fetch failed"
    },
    {
      "url": "https://www.jaquar.com/en/vignette-stainless-steel-finish-divertor",
      "reason": "fetch failed"
    },
    {
      "url": "https://www.jaquar.com/en/vignette-graphite-finish-divertor",
      "reason": "fetch failed"
    },
    {
      "url": "https://www.jaquar.com/en/vignette-black-matt-finish-divertor",
      "reason": "fetch failed"
    },
    {
      "url": "https://www.jaquar.com/en/vignette-black-chrome-finish-divertor",
      "reason": "fetch failed"
    },
    {
      "url": "https://www.jaquar.com/en/vignette-antique-copper-finish-divertor",
      "reason": "fetch failed"
    },
    {
      "url": "https://www.jaquar.com/en/vignette-antique-bronze-finish-divertor",
      "reason": "fetch failed"
    },
    {
      "url": "https://www.jaquar.com/en/single-lever-exposed-parts-kit-chrome-4",
      "reason": "fetch failed"
    },
    {
      "url": "https://www.jaquar.com/en/vignette-stainless-steel-color-angle-valve",
      "reason": "fetch failed"
    },
    {
      "url": "https://www.jaquar.com/en/vignette-graphite-color-angle-valve",
      "reason": "fetch failed"
    },
    {
      "url": "https://www.jaquar.com/en/vignette-black-matt-color-angle-valve",
      "reason": "fetch failed"
    },
    {
      "url": "https://www.jaquar.com/en/vignette-black-chrome-color-angle-valve",
      "reason": "fetch failed"
    },
    {
      "url": "https://www.jaquar.com/en/vignette-antique-copper-color-angle-valve",
      "reason": "fetch failed"
    },
    {
      "url": "https://www.jaquar.com/en/vignette-antique-bronze-color-angle-valve",
      "reason": "fetch failed"
    },
    {
      "url": "https://www.jaquar.com/en/angular-stop-cock-chrome-3",
      "reason": "fetch failed"
    },
    {
      "url": "https://www.jaquar.com/en/vignette-stainless-steel-2-way-bib-cock",
      "reason": "fetch failed"
    },
    {
      "url": "https://www.jaquar.com/en/vignette-graphite-2-way-bib-cock",
      "reason": "fetch failed"
    },
    {
      "url": "https://www.jaquar.com/en/vignette-black-matt-2-way-bib-cock",
      "reason": "fetch failed"
    },
    {
      "url": "https://www.jaquar.com/en/vignette-black-chrome-2-way-bib-cock",
      "reason": "fetch failed"
    },
    {
      "url": "https://www.jaquar.com/en/vignette-antique-copper-2-way-bib-cock",
      "reason": "fetch failed"
    },
    {
      "url": "https://www.jaquar.com/en/vignette-antique-bronze-2-way-bib-cock",
      "reason": "fetch failed"
    },
    {
      "url": "https://www.jaquar.com/en/2-way-bib-cock-chrome-3",
      "reason": "fetch failed"
    },
    {
      "url": "https://www.jaquar.com/en/stainless-steel-angular-bib-cock-vignette",
      "reason": "fetch failed"
    },
    {
      "url": "https://www.jaquar.com/en/graphite-angular-bib-cock-vignette",
      "reason": "fetch failed"
    },
    {
      "url": "https://www.jaquar.com/en/black-matt-angular-bib-cock-vignette",
      "reason": "fetch failed"
    },
    {
      "url": "https://www.jaquar.com/en/black-chrome-angular-bib-cock-vignette",
      "reason": "fetch failed"
    },
    {
      "url": "https://www.jaquar.com/en/antique-copper-angular-bib-cock-vignette",
      "reason": "fetch failed"
    },
    {
      "url": "https://www.jaquar.com/en/antique-bronze-angular-bib-cock-vignette",
      "reason": "fetch failed"
    },
    {
      "url": "https://www.jaquar.com/en/bib-cock-chrome-3",
      "reason": "fetch failed"
    },
    {
      "url": "https://www.jaquar.com/en/stainless-steel-190mm-long-body-pillar-cock-vignette",
      "reason": "fetch failed"
    },
    {
      "url": "https://www.jaquar.com/en/graphite-190mm-long-body-pillar-cock-vignette",
      "reason": "fetch failed"
    },
    {
      "url": "https://www.jaquar.com/en/black-matt-190mm-long-body-pillar-cock-vignette",
      "reason": "fetch failed"
    },
    {
      "url": "https://www.jaquar.com/en/black-chrome-190mm-long-body-pillar-cock-vignette",
      "reason": "fetch failed"
    },
    {
      "url": "https://www.jaquar.com/en/antique-copper-190mm-long-body-pillar-cock-vignette",
      "reason": "fetch failed"
    },
    {
      "url": "https://www.jaquar.com/en/antique-bronze-190mm-long-body-pillar-cock-vignette",
      "reason": "fetch failed"
    },
    {
      "url": "https://www.jaquar.com/en/pillar-cock-chrome-8",
      "reason": "fetch failed"
    },
    {
      "url": "https://www.jaquar.com/en/stainless-steel-pillar-cock-vignette",
      "reason": "fetch failed"
    },
    {
      "url": "https://www.jaquar.com/en/graphite-pillar-cock-vignette",
      "reason": "fetch failed"
    },
    {
      "url": "https://www.jaquar.com/en/black-matt-pillar-cock-vignette",
      "reason": "fetch failed"
    },
    {
      "url": "https://www.jaquar.com/en/black-chrome-pillar-cock-vignette",
      "reason": "fetch failed"
    },
    {
      "url": "https://www.jaquar.com/en/antique-copper-pillar-cock-vignette",
      "reason": "fetch failed"
    },
    {
      "url": "https://www.jaquar.com/en/antique-bronze-pillar-cock-vignette",
      "reason": "fetch failed"
    },
    {
      "url": "https://www.jaquar.com/en/pillar-cock-chrome-7",
      "reason": "fetch failed"
    },
    {
      "url": "https://www.jaquar.com/en/vignette-3-inlet-stainless-steel-divertor",
      "reason": "fetch failed"
    },
    {
      "url": "https://www.jaquar.com/en/vignette-3-inlet-graphite-divertor",
      "reason": "fetch failed"
    },
    {
      "url": "https://www.jaquar.com/en/vignette-3-inlet-black-chrome-divertor",
      "reason": "fetch failed"
    },
    {
      "url": "https://www.jaquar.com/en/vignette-3-inlet-black-matt-divertor",
      "reason": "fetch failed"
    },
    {
      "url": "https://www.jaquar.com/en/vignette-3-inlet-antique-copper-divertor",
      "reason": "fetch failed"
    },
    {
      "url": "https://www.jaquar.com/en/single-lever-3-inlet-exposed-parts-kit-chrome",
      "reason": "fetch failed"
    },
    {
      "url": "https://www.jaquar.com/en/single-lever-sink-mixer-stainless-steel-3",
      "reason": "fetch failed"
    },
    {
      "url": "https://www.jaquar.com/en/vignette-3-inlet-antique-bronze-divertor",
      "reason": "fetch failed"
    },
    {
      "url": "https://www.jaquar.com/en/single-lever-sink-mixer-graphite-3",
      "reason": "fetch failed"
    },
    {
      "url": "https://www.jaquar.com/en/vignette-black-chrome-table-sink-mixer",
      "reason": "fetch failed"
    },
    {
      "url": "https://www.jaquar.com/en/vignette-antique-copper-table-sink-mixer",
      "reason": "fetch failed"
    },
    {
      "url": "https://www.jaquar.com/en/vignette-black-matt-table-sink-mixer",
      "reason": "fetch failed"
    },
    {
      "url": "https://www.jaquar.com/en/vignette-antique-bronze-table-sink-mixer",
      "reason": "fetch failed"
    },
    {
      "url": "https://www.jaquar.com/en/single-lever-sink-mixer-chrome-3",
      "reason": "fetch failed"
    },
    {
      "url": "https://www.jaquar.com/en/vignette-stainless-steel-wall-sink-mixer-swan-neck",
      "reason": "fetch failed"
    },
    {
      "url": "https://www.jaquar.com/en/vignette-graphite-wall-sink-mixer-swan-neck",
      "reason": "fetch failed"
    },
    {
      "url": "https://www.jaquar.com/en/vignette-black-matt-wall-sink-mixer-swan-neck",
      "reason": "fetch failed"
    },
    {
      "url": "https://www.jaquar.com/en/vignette-black-chrome-wall-sink-mixer-swan-neck",
      "reason": "fetch failed"
    },
    {
      "url": "https://www.jaquar.com/en/vignette-antique-copper-wall-sink-mixer-swan-neck",
      "reason": "fetch failed"
    },
    {
      "url": "https://www.jaquar.com/en/vignette-antique-bronze-wall-sink-mixer-swan-neck",
      "reason": "fetch failed"
    },
    {
      "url": "https://www.jaquar.com/en/single-lever-sink-mixer-chrome-2",
      "reason": "fetch failed"
    },
    {
      "url": "https://www.jaquar.com/en/single-lever-exposed-shower-mixer-stainless-steel-6",
      "reason": "fetch failed"
    },
    {
      "url": "https://www.jaquar.com/en/single-lever-exposed-shower-mixer-graphite-6",
      "reason": "fetch failed"
    },
    {
      "url": "https://www.jaquar.com/en/single-lever-exposed-shower-mixer-black-matt-6",
      "reason": "fetch failed"
    },
    {
      "url": "https://www.jaquar.com/en/single-lever-exposed-shower-mixer-black-chrome-6",
      "reason": "fetch failed"
    },
    {
      "url": "https://www.jaquar.com/en/single-lever-exposed-shower-mixer-antique-copper-6",
      "reason": "fetch failed"
    },
    {
      "url": "https://www.jaquar.com/en/single-lever-exposed-shower-mixer-antique-bronze-6",
      "reason": "fetch failed"
    },
    {
      "url": "https://www.jaquar.com/en/single-lever-exposed-shower-mixer-chrome-6",
      "reason": "fetch failed"
    },
    {
      "url": "https://www.jaquar.com/en/vignette-stainless-steel-exposed-shower-mixer",
      "reason": "fetch failed"
    },
    {
      "url": "https://www.jaquar.com/en/vignette-graphite-exposed-shower-mixer",
      "reason": "fetch failed"
    },
    {
      "url": "https://www.jaquar.com/en/vignette-black-matt-exposed-shower-mixer",
      "reason": "fetch failed"
    },
    {
      "url": "https://www.jaquar.com/en/vignette-black-chrome-exposed-shower-mixer",
      "reason": "fetch failed"
    },
    {
      "url": "https://www.jaquar.com/en/vignette-antique-copper-exposed-shower-mixer",
      "reason": "fetch failed"
    },
    {
      "url": "https://www.jaquar.com/en/vignette-antique-bronze-exposed-shower-mixer",
      "reason": "fetch failed"
    },
    {
      "url": "https://www.jaquar.com/en/single-lever-exposed-shower-mixer-chrome-5",
      "reason": "fetch failed"
    },
    {
      "url": "https://www.jaquar.com/en/concealed-stop-cock-stainless-steel-3",
      "reason": "fetch failed"
    },
    {
      "url": "https://www.jaquar.com/en/concealed-stop-cock-graphite-3",
      "reason": "fetch failed"
    },
    {
      "url": "https://www.jaquar.com/en/concealed-stop-cock-black-matt-3",
      "reason": "fetch failed"
    },
    {
      "url": "https://www.jaquar.com/en/concealed-stop-cock-black-chrome-3",
      "reason": "fetch failed"
    },
    {
      "url": "https://www.jaquar.com/en/concealed-stop-cock-antique-copper-3",
      "reason": "fetch failed"
    },
    {
      "url": "https://www.jaquar.com/en/concealed-stop-cock-antique-bronze-3",
      "reason": "fetch failed"
    },
    {
      "url": "https://www.jaquar.com/en/exposed-part-kit-of-concealed-stop-cock-chrome-3",
      "reason": "fetch failed"
    },
    {
      "url": "https://www.jaquar.com/en/aquamax-ornamix-prime-3-way-thermostatic-single-lever-diverter-stainless-steel",
      "reason": "fetch failed"
    },
    {
      "url": "https://www.jaquar.com/en/aquamax-ornamix-prime-3-way-thermostatic-single-lever-diverter-graphite",
      "reason": "fetch failed"
    },
    {
      "url": "https://www.jaquar.com/en/aquamax-ornamix-prime-3-way-thermostatic-single-lever-diverter-black-matt",
      "reason": "fetch failed"
    },
    {
      "url": "https://www.jaquar.com/en/aquamax-ornamix-prime-3-way-thermostatic-single-lever-diverter-black-chrome",
      "reason": "fetch failed"
    },
    {
      "url": "https://www.jaquar.com/en/aquamax-ornamix-prime-3-way-thermostatic-single-lever-diverter-antique-copper",
      "reason": "fetch failed"
    },
    {
      "url": "https://www.jaquar.com/en/aquamax-ornamix-prime-3-way-thermostatic-single-lever-diverter-antique-bronze",
      "reason": "fetch failed"
    },
    {
      "url": "https://www.jaquar.com/en/aquamax-exposed-part-kit-of-single-lever-shower-mixer-chrome-3",
      "reason": "fetch failed"
    },
    {
      "url": "https://www.jaquar.com/en/3-way-aquamax-ornamix-prime-stainless-steel",
      "reason": "fetch failed"
    },
    {
      "url": "https://www.jaquar.com/en/3-way-aquamax-ornamix-prime-graphite",
      "reason": "fetch failed"
    },
    {
      "url": "https://www.jaquar.com/en/3-way-aquamax-ornamix-prime-black-matt",
      "reason": "fetch failed"
    },
    {
      "url": "https://www.jaquar.com/en/3-way-aquamax-ornamix-prime-black-chrome",
      "reason": "fetch failed"
    },
    {
      "url": "https://www.jaquar.com/en/3-way-aquamax-ornamix-prime-antique-copper",
      "reason": "fetch failed"
    },
    {
      "url": "https://www.jaquar.com/en/3-way-aquamax-ornamix-prime-antique-bronze",
      "reason": "fetch failed"
    },
    {
      "url": "https://www.jaquar.com/en/aquamax-exposed-part-kit-of-thermostatic-shower-mixer-with-3-way-diverter-chrome-2",
      "reason": "fetch failed"
    },
    {
      "url": "https://www.jaquar.com/en/aquamax-ornamix-prime-2-way-thermostatic-mixer-stainless-steel",
      "reason": "fetch failed"
    },
    {
      "url": "https://www.jaquar.com/en/aquamax-ornamix-prime-2-way-thermostatic-mixer-graphite",
      "reason": "fetch failed"
    },
    {
      "url": "https://www.jaquar.com/en/aquamax-ornamix-prime-2-way-thermostatic-mixer-black-matt",
      "reason": "fetch failed"
    },
    {
      "url": "https://www.jaquar.com/en/aquamax-ornamix-prime-2-way-thermostatic-mixer-black-chrome",
      "reason": "fetch failed"
    },
    {
      "url": "https://www.jaquar.com/en/aquamax-ornamix-prime-2-way-thermostatic-mixer-antique-copper",
      "reason": "fetch failed"
    },
    {
      "url": "https://www.jaquar.com/en/aquamax-ornamix-prime-2-way-thermostatic-mixer-antique-bronze",
      "reason": "fetch failed"
    },
    {
      "url": "https://www.jaquar.com/en/aquamax-exposed-part-kit-with-2-way-diverter-chrome",
      "reason": "fetch failed"
    },
    {
      "url": "https://www.jaquar.com/en/stainless-steel-aquamax-ornamix-prime",
      "reason": "fetch failed"
    },
    {
      "url": "https://www.jaquar.com/en/graphite-aquamax-ornamix-prime",
      "reason": "fetch failed"
    },
    {
      "url": "https://www.jaquar.com/en/black-matt-aquamax-ornamix-prime",
      "reason": "fetch failed"
    },
    {
      "url": "https://www.jaquar.com/en/black-chrome-aquamax-ornamix-prime",
      "reason": "fetch failed"
    },
    {
      "url": "https://www.jaquar.com/en/antique-copper-aquamax-ornamix-prime",
      "reason": "fetch failed"
    },
    {
      "url": "https://www.jaquar.com/en/antique-bronze-aquamax-ornamix-prime",
      "reason": "fetch failed"
    },
    {
      "url": "https://www.jaquar.com/en/aquamax-exposed-part-kit-of-thermostatic-shower-mixer-chrome-2",
      "reason": "fetch failed"
    },
    {
      "url": "https://www.jaquar.com/en/single-concealed-stop-cock-stainless-steel-4",
      "reason": "fetch failed"
    },
    {
      "url": "https://www.jaquar.com/en/single-concealed-stop-cock-graphite-4",
      "reason": "fetch failed"
    },
    {
      "url": "https://www.jaquar.com/en/single-concealed-stop-cock-black-matt-4",
      "reason": "fetch failed"
    },
    {
      "url": "https://www.jaquar.com/en/single-concealed-stop-cock-black-chrome-4",
      "reason": "fetch failed"
    },
    {
      "url": "https://www.jaquar.com/en/single-concealed-stop-cock-antique-copper-4",
      "reason": "fetch failed"
    },
    {
      "url": "https://www.jaquar.com/en/single-concealed-stop-cock-antique-bronze-4",
      "reason": "fetch failed"
    },
    {
      "url": "https://www.jaquar.com/en/single-concealed-stop-cock-chrome-2",
      "reason": "fetch failed"
    },
    {
      "url": "https://www.jaquar.com/en/vignette-stainless-steel-stop-cock-with-spout",
      "reason": "fetch failed"
    },
    {
      "url": "https://www.jaquar.com/en/vignette-graphite-stop-cock-with-spout",
      "reason": "fetch failed"
    },
    {
      "url": "https://www.jaquar.com/en/vignette-black-matt-stop-cock-with-spout",
      "reason": "fetch failed"
    },
    {
      "url": "https://www.jaquar.com/en/vignette-antique-copper-stop-cock-with-spout",
      "reason": "fetch failed"
    },
    {
      "url": "https://www.jaquar.com/en/vignette-black-chrome-stop-cock-with-spout",
      "reason": "fetch failed"
    },
    {
      "url": "https://www.jaquar.com/en/vignette-antique-bronze-stop-cock-with-spout",
      "reason": "fetch failed"
    },
    {
      "url": "https://www.jaquar.com/en/single-concealed-stop-cock-chrome",
      "reason": "fetch failed"
    },
    {
      "url": "https://www.jaquar.com/en/vignette-stainless-steel-concealed-2-lever-wall-basin-mixer",
      "reason": "fetch failed"
    },
    {
      "url": "https://www.jaquar.com/en/vignette-graphite-concealed-2-lever-wall-basin-mixer",
      "reason": "fetch failed"
    },
    {
      "url": "https://www.jaquar.com/en/vignette-black-matt-concealed-2-lever-wall-basin-mixer",
      "reason": "fetch failed"
    },
    {
      "url": "https://www.jaquar.com/en/vignette-black-chrome-concealed-2-lever-wall-basin-mixer",
      "reason": "fetch failed"
    },
    {
      "url": "https://www.jaquar.com/en/vignette-antique-copper-concealed-2-lever-wall-basin-mixer",
      "reason": "fetch failed"
    },
    {
      "url": "https://www.jaquar.com/en/vignette-antique-bronze-concealed-2-lever-wall-basin-mixer",
      "reason": "fetch failed"
    },
    {
      "url": "https://www.jaquar.com/en/two-concealed-stop-cocks-chrome-5",
      "reason": "fetch failed"
    },
    {
      "url": "https://www.jaquar.com/en/vignette-stainless-steel-wall-mixer-exposed-shower-and-hand-shower",
      "reason": "fetch failed"
    },
    {
      "url": "https://www.jaquar.com/en/vignette-graphite-wall-mixer-exposed-shower-and-hand-shower",
      "reason": "fetch failed"
    },
    {
      "url": "https://www.jaquar.com/en/vignette-black-matt-wall-mixer-exposed-shower-and-hand-shower",
      "reason": "fetch failed"
    },
    {
      "url": "https://www.jaquar.com/en/vignette-black-chrome-wall-mixer-exposed-shower-and-hand-shower",
      "reason": "fetch failed"
    },
    {
      "url": "https://www.jaquar.com/en/vignette-antique-copper-wall-mixer-exposed-shower-and-hand-shower",
      "reason": "fetch failed"
    },
    {
      "url": "https://www.jaquar.com/en/vignette-antique-bronze-wall-mixer-exposed-shower-and-hand-shower",
      "reason": "fetch failed"
    },
    {
      "url": "https://www.jaquar.com/en/single-lever-exposed-shower-mixer-chrome-4",
      "reason": "fetch failed"
    },
    {
      "url": "https://www.jaquar.com/en/vignette-stainless-steel-wall-mixer-with-hand-shower-provision",
      "reason": "fetch failed"
    },
    {
      "url": "https://www.jaquar.com/en/vignette-graphite-wall-mixer-with-hand-shower-provision",
      "reason": "fetch failed"
    },
    {
      "url": "https://www.jaquar.com/en/vignette-black-matt-wall-mixer-with-hand-shower-provision",
      "reason": "fetch failed"
    },
    {
      "url": "https://www.jaquar.com/en/vignette-black-chrome-wall-mixer-with-hand-shower-provision",
      "reason": "fetch failed"
    },
    {
      "url": "https://www.jaquar.com/en/single-lever-wall-mixer-antique-copper-9",
      "reason": "fetch failed"
    },
    {
      "url": "https://www.jaquar.com/en/vignette-antique-copper-wall-mixer-with-hand-shower-provision",
      "reason": "fetch failed"
    },
    {
      "url": "https://www.jaquar.com/en/single-lever-wall-mixer-chrome-9",
      "reason": "fetch failed"
    },
    {
      "url": "https://www.jaquar.com/en/ornamix-prime-concealed-2-lever-wall-basin-mixer-stainless-steel",
      "reason": "fetch failed"
    },
    {
      "url": "https://www.jaquar.com/en/ornamix-prime-concealed-2-lever-wall-basin-mixer-graphite",
      "reason": "fetch failed"
    },
    {
      "url": "https://www.jaquar.com/en/ornamix-prime-concealed-2-lever-wall-basin-mixer-black-matt",
      "reason": "fetch failed"
    },
    {
      "url": "https://www.jaquar.com/en/ornamix-prime-concealed-2-lever-wall-basin-mixer-black-chrome",
      "reason": "fetch failed"
    },
    {
      "url": "https://www.jaquar.com/en/ornamix-prime-concealed-2-lever-wall-basin-mixer-antique-copper",
      "reason": "fetch failed"
    },
    {
      "url": "https://www.jaquar.com/en/ornamix-prime-concealed-2-lever-wall-basin-mixer-antique-bronze",
      "reason": "fetch failed"
    },
    {
      "url": "https://www.jaquar.com/en/two-concealed-stop-cocks-chrome-4",
      "reason": "fetch failed"
    },
    {
      "url": "https://www.jaquar.com/en/ornamix-prime-deusch-shower-mixer-graphite",
      "reason": "fetch failed"
    },
    {
      "url": "https://www.jaquar.com/en/ornamix-prime-deusch-shower-mixer-full-gold",
      "reason": "fetch failed"
    },
    {
      "url": "https://www.jaquar.com/en/ornamix-prime-deusch-shower-mixer-black-matt",
      "reason": "fetch failed"
    },
    {
      "url": "https://www.jaquar.com/en/ornamix-prime-deusch-shower-mixer-black-chrome",
      "reason": "fetch failed"
    },
    {
      "url": "https://www.jaquar.com/en/ornamix-prime-deusch-shower-mixer-antique-copper",
      "reason": "fetch failed"
    },
    {
      "url": "https://www.jaquar.com/en/ornamix-prime-deusch-shower-mixer-antique-bronze",
      "reason": "fetch failed"
    },
    {
      "url": "https://www.jaquar.com/en/single-lever-concealed-deusch-mixer-chrome-3",
      "reason": "fetch failed"
    },
    {
      "url": "https://www.jaquar.com/en/stainless-steel-bidet-mixer-ornamix-prime",
      "reason": "fetch failed"
    },
    {
      "url": "https://www.jaquar.com/en/graphite-bidet-mixer-ornamix-prime",
      "reason": "fetch failed"
    },
    {
      "url": "https://www.jaquar.com/en/black-matt-bidet-mixer-ornamix-prime",
      "reason": "fetch failed"
    },
    {
      "url": "https://www.jaquar.com/en/black-chrome-bidet-mixer-ornamix-prime",
      "reason": "fetch failed"
    },
    {
      "url": "https://www.jaquar.com/en/antique-copper-bidet-mixer-ornamix-prime",
      "reason": "fetch failed"
    },
    {
      "url": "https://www.jaquar.com/en/antique-bronze-bidet-mixer-ornamix-prime",
      "reason": "fetch failed"
    },
    {
      "url": "https://www.jaquar.com/en/single-lever-1-hole-bidet-mixer-with-popup-waste-system-chrome-2",
      "reason": "fetch failed"
    },
    {
      "url": "https://www.jaquar.com/en/ornamix-prime-3-inlet-stainless-steel-divertor",
      "reason": "fetch failed"
    },
    {
      "url": "https://www.jaquar.com/en/ornamix-prime-3-inlet-graphite-divertor",
      "reason": "fetch failed"
    },
    {
      "url": "https://www.jaquar.com/en/ornamix-prime-3-inlet-black-matt-divertor",
      "reason": "fetch failed"
    },
    {
      "url": "https://www.jaquar.com/en/ornamix-prime-3-inlet-black-chrome-divertor",
      "reason": "fetch failed"
    },
    {
      "url": "https://www.jaquar.com/en/ornamix-prime-3-inlet-antique-copper-divertor",
      "reason": "fetch failed"
    },
    {
      "url": "https://www.jaquar.com/en/ornamix-prime-3-inlet-antique-bronze-divertor",
      "reason": "fetch failed"
    },
    {
      "url": "https://www.jaquar.com/en/single-lever-3-inlet-diverter-exposed-parts-kit-chrome-3",
      "reason": "fetch failed"
    },
    {
      "url": "https://www.jaquar.com/en/ornamix-prime-stainless-steel-table-sink-mixer",
      "reason": "fetch failed"
    },
    {
      "url": "https://www.jaquar.com/en/ornamix-prime-graphite-table-sink-mixer",
      "reason": "fetch failed"
    },
    {
      "url": "https://www.jaquar.com/en/ornamix-prime-black-matt-table-sink-mixer",
      "reason": "fetch failed"
    },
    {
      "url": "https://www.jaquar.com/en/ornamix-prime-black-chrome-table-sink-mixer",
      "reason": "fetch failed"
    },
    {
      "url": "https://www.jaquar.com/en/ornamix-prime-antique-copper-table-sink-mixer",
      "reason": "fetch failed"
    },
    {
      "url": "https://www.jaquar.com/en/ornamix-prime-antique-bronze-table-sink-mixer",
      "reason": "fetch failed"
    },
    {
      "url": "https://www.jaquar.com/en/single-lever-sink-mixer-chrome",
      "reason": "fetch failed"
    },
    {
      "url": "https://www.jaquar.com/en/stainless-steel-single-lever-exposed-hand-shower-mixer-ornamix-prime",
      "reason": "fetch failed"
    },
    {
      "url": "https://www.jaquar.com/en/graphite-single-lever-exposed-hand-shower-mixer-ornamix-prime",
      "reason": "fetch failed"
    },
    {
      "url": "https://www.jaquar.com/en/black-matt-single-lever-exposed-hand-shower-mixer-ornamix-prime",
      "reason": "fetch failed"
    },
    {
      "url": "https://www.jaquar.com/en/black-chrome-single-lever-exposed-hand-shower-mixer-ornamix-prime",
      "reason": "fetch failed"
    },
    {
      "url": "https://www.jaquar.com/en/antique-copper-single-lever-exposed-hand-shower-mixer-ornamix-prime",
      "reason": "fetch failed"
    },
    {
      "url": "https://www.jaquar.com/en/antique-bronze-single-lever-exposed-hand-shower-mixer-ornamix-prime",
      "reason": "fetch failed"
    },
    {
      "url": "https://www.jaquar.com/en/single-lever-exposed-shower-mixer-chrome-3",
      "reason": "fetch failed"
    },
    {
      "url": "https://www.jaquar.com/en/single-lever-wall-mixer-3-in-1-system-graphite-3",
      "reason": "fetch failed"
    },
    {
      "url": "https://www.jaquar.com/en/single-lever-wall-mixer-3-in-1-system-stainless-steel-3",
      "reason": "fetch failed"
    },
    {
      "url": "https://www.jaquar.com/en/single-lever-wall-mixer-3-in-1-system-black-matt-3",
      "reason": "fetch failed"
    },
    {
      "url": "https://www.jaquar.com/en/single-lever-wall-mixer-3-in-1-system-antique-copper-3",
      "reason": "fetch failed"
    },
    {
      "url": "https://www.jaquar.com/en/single-lever-wall-mixer-3-in-1-system-antique-bronze-3",
      "reason": "fetch failed"
    },
    {
      "url": "https://www.jaquar.com/en/single-lever-wall-mixer-3-in-1-system-chrome-3",
      "reason": "fetch failed"
    },
    {
      "url": "https://www.jaquar.com/en/single-lever-wall-mixer-3-in-1-system-black-chrome-3",
      "reason": "fetch failed"
    },
    {
      "url": "https://www.jaquar.com/en/ornamix-prime-stainless-steel-wall-mixer-with-hand-shower-provision",
      "reason": "fetch failed"
    },
    {
      "url": "https://www.jaquar.com/en/ornamix-prime-black-matt-wall-mixer-with-hand-shower-provision",
      "reason": "fetch failed"
    },
    {
      "url": "https://www.jaquar.com/en/ornamix-prime-black-chrome-wall-mixer-with-hand-shower-provision",
      "reason": "fetch failed"
    },
    {
      "url": "https://www.jaquar.com/en/ornamix-prime-graphite-wall-mixer-with-hand-shower-provision",
      "reason": "fetch failed"
    },
    {
      "url": "https://www.jaquar.com/en/ornamix-prime-antique-copper-wall-mixer-with-hand-shower-provision",
      "reason": "fetch failed"
    },
    {
      "url": "https://www.jaquar.com/en/ornamix-prime-antique-bronze-wall-mixer-with-hand-shower-provision",
      "reason": "fetch failed"
    },
    {
      "url": "https://www.jaquar.com/en/single-lever-wall-mixer-chrome-8",
      "reason": "fetch failed"
    },
    {
      "url": "https://www.jaquar.com/en/stainless-steel-single-lever-exposed-shower-mixer-ornamix-prime-bend-pipe",
      "reason": "fetch failed"
    },
    {
      "url": "https://www.jaquar.com/en/graphite-single-lever-exposed-shower-mixer-ornamix-prime-bend-pipe",
      "reason": "fetch failed"
    },
    {
      "url": "https://www.jaquar.com/en/black-matt-single-lever-exposed-shower-mixer-ornamix-prime-bend-pipe",
      "reason": "fetch failed"
    },
    {
      "url": "https://www.jaquar.com/en/black-chrome-single-lever-exposed-shower-mixer-ornamix-prime-bend-pipe",
      "reason": "fetch failed"
    },
    {
      "url": "https://www.jaquar.com/en/antique-copper-single-lever-exposed-shower-mixer-ornamix-prime-bend-pipe",
      "reason": "fetch failed"
    },
    {
      "url": "https://www.jaquar.com/en/antique-bronze-single-lever-exposed-shower-mixer-ornamix-prime-bend-pipe",
      "reason": "fetch failed"
    },
    {
      "url": "https://www.jaquar.com/en/single-lever-wall-mixer-chrome-7",
      "reason": "fetch failed"
    },
    {
      "url": "https://www.jaquar.com/en/ornamix-prime-wall-mixer-with-overhead-shower-provision-stainless-steel",
      "reason": "fetch failed"
    },
    {
      "url": "https://www.jaquar.com/en/ornamix-prime-wall-mixer-with-overhead-shower-provision-graphite",
      "reason": "fetch failed"
    },
    {
      "url": "https://www.jaquar.com/en/ornamix-prime-wall-mixer-with-overhead-shower-provision-black-matt",
      "reason": "fetch failed"
    },
    {
      "url": "https://www.jaquar.com/en/ornamix-prime-wall-mixer-with-overhead-shower-provision-black-chrome",
      "reason": "fetch failed"
    },
    {
      "url": "https://www.jaquar.com/en/ornamix-prime-wall-mixer-with-overhead-shower-provision-antique-copper",
      "reason": "fetch failed"
    },
    {
      "url": "https://www.jaquar.com/en/ornamix-prime-wall-mixer-with-overhead-shower-provision-antique-bronze",
      "reason": "fetch failed"
    },
    {
      "url": "https://www.jaquar.com/en/single-lever-wall-mixer-chrome-6",
      "reason": "fetch failed"
    },
    {
      "url": "https://www.jaquar.com/en/ornamix-prime-chrome-concealed-stop-cock-stainless-steel",
      "reason": "fetch failed"
    },
    {
      "url": "https://www.jaquar.com/en/ornamix-prime-chrome-concealed-stop-cock-graphite",
      "reason": "fetch failed"
    },
    {
      "url": "https://www.jaquar.com/en/ornamix-prime-chrome-concealed-stop-cock-black-matt",
      "reason": "fetch failed"
    },
    {
      "url": "https://www.jaquar.com/en/ornamix-prime-chrome-concealed-stop-cock-black-chrome",
      "reason": "fetch failed"
    },
    {
      "url": "https://www.jaquar.com/en/ornamix-prime-chrome-concealed-stop-cock-antique-copper",
      "reason": "fetch failed"
    },
    {
      "url": "https://www.jaquar.com/en/exposed-part-kit-of-concealed-stop-cock-chrome-2",
      "reason": "fetch failed"
    },
    {
      "url": "https://www.jaquar.com/en/ornamix-prime-chrome-concealed-stop-cock-antique-bronze",
      "reason": "fetch failed"
    },
    {
      "url": "https://www.jaquar.com/en/ornamix-prime-2way-stainless-steel-high-flow-divertor",
      "reason": "fetch failed"
    },
    {
      "url": "https://www.jaquar.com/en/ornamix-prime-2way-graphite-high-flow-divertor",
      "reason": "fetch failed"
    },
    {
      "url": "https://www.jaquar.com/en/ornamix-prime-2way-black-matt-high-flow-divertor",
      "reason": "fetch failed"
    },
    {
      "url": "https://www.jaquar.com/en/ornamix-prime-2way-black-chrome-high-flow-divertor",
      "reason": "fetch failed"
    },
    {
      "url": "https://www.jaquar.com/en/ornamix-prime-2way-antique-copper-high-flow-divertor",
      "reason": "fetch failed"
    },
    {
      "url": "https://www.jaquar.com/en/ornamix-prime-2way-antique-bronze-high-flow-divertor",
      "reason": "fetch failed"
    },
    {
      "url": "https://www.jaquar.com/en/single-lever-exposed-parts-kit-chrome-3",
      "reason": "fetch failed"
    },
    {
      "url": "https://www.jaquar.com/en/ornamix-prime-2way-divertor-stainless-steel",
      "reason": "fetch failed"
    },
    {
      "url": "https://www.jaquar.com/en/ornamix-prime-2way-divertor-graphite",
      "reason": "fetch failed"
    },
    {
      "url": "https://www.jaquar.com/en/ornamix-prime-2way-divertor-black-matt",
      "reason": "fetch failed"
    },
    {
      "url": "https://www.jaquar.com/en/ornamix-prime-2way-divertor-black-chrome",
      "reason": "fetch failed"
    },
    {
      "url": "https://www.jaquar.com/en/ornamix-prime-2way-divertor-antique-copper",
      "reason": "fetch failed"
    },
    {
      "url": "https://www.jaquar.com/en/ornamix-prime-2way-divertor-antique-bronze",
      "reason": "fetch failed"
    },
    {
      "url": "https://www.jaquar.com/en/single-lever-exposed-parts-kit-chrome-2",
      "reason": "fetch failed"
    },
    {
      "url": "https://www.jaquar.com/en/ornamix-prime-stainless-steel-angle-valve",
      "reason": "fetch failed"
    },
    {
      "url": "https://www.jaquar.com/en/ornamix-prime-graphite-angle-valve",
      "reason": "fetch failed"
    },
    {
      "url": "https://www.jaquar.com/en/ornamix-prime-black-matt-angle-valve",
      "reason": "fetch failed"
    },
    {
      "url": "https://www.jaquar.com/en/ornamix-prime-black-chrome-angle-valve",
      "reason": "fetch failed"
    },
    {
      "url": "https://www.jaquar.com/en/ornamix-prime-antique-copper-angle-valve",
      "reason": "fetch failed"
    },
    {
      "url": "https://www.jaquar.com/en/angular-stop-cock-antique-bronze-2",
      "reason": "fetch failed"
    },
    {
      "url": "https://www.jaquar.com/en/angular-stop-cock-chrome-2",
      "reason": "fetch failed"
    },
    {
      "url": "https://www.jaquar.com/en/ornamix-prime-stainless-steel-2-way-bib-cock",
      "reason": "fetch failed"
    },
    {
      "url": "https://www.jaquar.com/en/ornamix-prime-graphite-2-way-bib-cock",
      "reason": "fetch failed"
    },
    {
      "url": "https://www.jaquar.com/en/ornamix-prime-black-matt-2-way-bib-cock",
      "reason": "fetch failed"
    },
    {
      "url": "https://www.jaquar.com/en/ornamix-prime-black-chrome-2-way-bib-cock",
      "reason": "fetch failed"
    },
    {
      "url": "https://www.jaquar.com/en/ornamix-prime-antique-copper-2-way-bib-cock",
      "reason": "fetch failed"
    },
    {
      "url": "https://www.jaquar.com/en/ornamix-prime-antique-bronze-2-way-bib-cock",
      "reason": "fetch failed"
    },
    {
      "url": "https://www.jaquar.com/en/2-way-bib-cock-chrome-2",
      "reason": "fetch failed"
    },
    {
      "url": "https://www.jaquar.com/en/angular-bib-cock-ornamix-prime-stainless-steel",
      "reason": "fetch failed"
    },
    {
      "url": "https://www.jaquar.com/en/angular-bib-cock-ornamix-prime-graphite",
      "reason": "fetch failed"
    },
    {
      "url": "https://www.jaquar.com/en/angular-bib-cock-ornamix-prime-black-matt",
      "reason": "fetch failed"
    },
    {
      "url": "https://www.jaquar.com/en/angular-bib-cock-ornamix-prime-black-chrome",
      "reason": "fetch failed"
    },
    {
      "url": "https://www.jaquar.com/en/angular-bib-cock-ornamix-prime-antique-copper",
      "reason": "fetch failed"
    },
    {
      "url": "https://www.jaquar.com/en/angular-bib-cock-ornamix-prime-antique-bronze",
      "reason": "fetch failed"
    },
    {
      "url": "https://www.jaquar.com/en/bib-cock-chrome-2",
      "reason": "fetch failed"
    },
    {
      "url": "https://www.jaquar.com/en/stainless-steel-pillar-cock-ornamix-prime",
      "reason": "fetch failed"
    },
    {
      "url": "https://www.jaquar.com/en/graphite-pillar-cock-ornamix-prime",
      "reason": "fetch failed"
    },
    {
      "url": "https://www.jaquar.com/en/black-matt-pillar-cock-ornamix-prime",
      "reason": "fetch failed"
    },
    {
      "url": "https://www.jaquar.com/en/black-chrome-pillar-cock-ornamix-prime",
      "reason": "fetch failed"
    },
    {
      "url": "https://www.jaquar.com/en/antique-copper-pillar-cock-ornamix-prime",
      "reason": "fetch failed"
    },
    {
      "url": "https://www.jaquar.com/en/antique-bronze-pillar-cock-ornamix-prime",
      "reason": "fetch failed"
    },
    {
      "url": "https://www.jaquar.com/en/pillar-cock-chrome-6",
      "reason": "fetch failed"
    },
    {
      "url": "https://www.jaquar.com/en/stainless-steel-longneck-bib-cock-ornamix-prime",
      "reason": "fetch failed"
    },
    {
      "url": "https://www.jaquar.com/en/graphite-longneck-bib-cock-ornamix-prime",
      "reason": "fetch failed"
    },
    {
      "url": "https://www.jaquar.com/en/black-matt-longneck-bib-cock-ornamix-prime",
      "reason": "fetch failed"
    },
    {
      "url": "https://www.jaquar.com/en/black-chrome-longneck-bib-cock-ornamix-prime",
      "reason": "fetch failed"
    },
    {
      "url": "https://www.jaquar.com/en/antique-copper-longneck-bib-cock-ornamix-prime",
      "reason": "fetch failed"
    },
    {
      "url": "https://www.jaquar.com/en/antique-bronze-longneck-bib-cock-ornamix-prime",
      "reason": "fetch failed"
    },
    {
      "url": "https://www.jaquar.com/en/pillar-cock-chrome-5",
      "reason": "fetch failed"
    },
    {
      "url": "https://www.jaquar.com/en/aquamax-kubix-prime-3-way-thermostatic-single-lever-diverter-mixer-stainless-steel",
      "reason": "fetch failed"
    },
    {
      "url": "https://www.jaquar.com/en/aquamax-kubix-prime-3-way-thermostatic-single-lever-diverter-mixer-graphite",
      "reason": "fetch failed"
    },
    {
      "url": "https://www.jaquar.com/en/aquamax-kubix-prime-3-way-thermostatic-single-lever-diverter-mixer-black-matt",
      "reason": "fetch failed"
    },
    {
      "url": "https://www.jaquar.com/en/aquamax-kubix-prime-3-way-thermostatic-single-lever-diverter-mixer-black-chrome",
      "reason": "fetch failed"
    },
    {
      "url": "https://www.jaquar.com/en/aquamax-kubix-prime-3-way-thermostatic-single-lever-diverter-mixer-antique-copper",
      "reason": "fetch failed"
    },
    {
      "url": "https://www.jaquar.com/en/aquamax-kubix-prime-3-way-thermostatic-single-lever-diverter-mixer-antique-bronze",
      "reason": "fetch failed"
    },
    {
      "url": "https://www.jaquar.com/en/aquamax-exposed-part-kit-of-single-lever-shower-mixer-chrome-2",
      "reason": "fetch failed"
    },
    {
      "url": "https://www.jaquar.com/en/aquamax-stainless-steel-thermostatic-shower-mixer-3-way-diverter",
      "reason": "fetch failed"
    },
    {
      "url": "https://www.jaquar.com/en/aquamax-graphite-thermostatic-shower-mixer-3-way-diverter",
      "reason": "fetch failed"
    },
    {
      "url": "https://www.jaquar.com/en/aquamax-black-matt-thermostatic-shower-mixer-3-way-diverter",
      "reason": "fetch failed"
    },
    {
      "url": "https://www.jaquar.com/en/aquamax-black-chrome-thermostatic-shower-mixer-3-way-diverter",
      "reason": "fetch failed"
    },
    {
      "url": "https://www.jaquar.com/en/aquamax-antique-copper-thermostatic-shower-mixer-3-way-diverter",
      "reason": "fetch failed"
    },
    {
      "url": "https://www.jaquar.com/en/aquamax-antique-bronze-thermostatic-shower-mixer-3-way-diverter",
      "reason": "fetch failed"
    },
    {
      "url": "https://www.jaquar.com/en/aquamax-exposed-part-kit-of-thermostatic-shower-mixer-with-3-way-diverter-chrome",
      "reason": "fetch failed"
    },
    {
      "url": "https://www.jaquar.com/en/aquamax-stainless-steel-3-way-diverter",
      "reason": "fetch failed"
    },
    {
      "url": "https://www.jaquar.com/en/aquamax-graphite-3-way-diverter",
      "reason": "fetch failed"
    },
    {
      "url": "https://www.jaquar.com/en/aquamax-black-matt-3-way-diverter",
      "reason": "fetch failed"
    },
    {
      "url": "https://www.jaquar.com/en/aquamax-black-chrome-3-way-diverter",
      "reason": "fetch failed"
    },
    {
      "url": "https://www.jaquar.com/en/aquamax-antique-copper-3-way-diverter",
      "reason": "fetch failed"
    },
    {
      "url": "https://www.jaquar.com/en/aquamax-antique-bronze-3-way-diverter",
      "reason": "fetch failed"
    },
    {
      "url": "https://www.jaquar.com/en/aquamax-exposed-part-kit-with-3-way-diverter-chrome-2",
      "reason": "fetch failed"
    },
    {
      "url": "https://www.jaquar.com/en/stainless-steel-aquamax-mixer-kubix-prime",
      "reason": "fetch failed"
    },
    {
      "url": "https://www.jaquar.com/en/graphite-aquamax-mixer-kubix-prime",
      "reason": "fetch failed"
    },
    {
      "url": "https://www.jaquar.com/en/black-matt-aquamax-mixer-kubix-prime",
      "reason": "fetch failed"
    },
    {
      "url": "https://www.jaquar.com/en/black-chrome-aquamax-mixer-kubix-prime",
      "reason": "fetch failed"
    },
    {
      "url": "https://www.jaquar.com/en/antique-copper-aquamax-mixer-kubix-prime",
      "reason": "fetch failed"
    },
    {
      "url": "https://www.jaquar.com/en/antique-bronze-aquamax-mixer-kubix-prime",
      "reason": "fetch failed"
    },
    {
      "url": "https://www.jaquar.com/en/aquamax-exposed-part-kit-of-thermostatic-shower-mixer-chrome",
      "reason": "fetch failed"
    },
    {
      "url": "https://www.jaquar.com/en/kubix-prime-stainless-steel-concealed-2-lever-wall-basin-mixer",
      "reason": "fetch failed"
    },
    {
      "url": "https://www.jaquar.com/en/kubix-prime-graphite-concealed-2-lever-wall-basin-mixer",
      "reason": "fetch failed"
    },
    {
      "url": "https://www.jaquar.com/en/kubix-prime-black-matt-concealed-2-lever-wall-basin-mixer",
      "reason": "fetch failed"
    },
    {
      "url": "https://www.jaquar.com/en/kubix-prime-black-chrome-concealed-2-lever-wall-basin-mixer",
      "reason": "fetch failed"
    },
    {
      "url": "https://www.jaquar.com/en/kubix-prime-antique-copper-concealed-2-lever-wall-basin-mixer",
      "reason": "fetch failed"
    },
    {
      "url": "https://www.jaquar.com/en/kubix-prime-antique-bronze-concealed-2-lever-wall-basin-mixer",
      "reason": "fetch failed"
    },
    {
      "url": "https://www.jaquar.com/en/two-concealed-stop-cocks-chrome-3",
      "reason": "fetch failed"
    },
    {
      "url": "https://www.jaquar.com/en/kubix-prime-stainless-steel-deusch-shower-mixer",
      "reason": "fetch failed"
    },
    {
      "url": "https://www.jaquar.com/en/kubix-prime-black-matt-deusch-shower-mixer",
      "reason": "fetch failed"
    },
    {
      "url": "https://www.jaquar.com/en/kubix-prime-graphite-deusch-shower-mixer",
      "reason": "fetch failed"
    },
    {
      "url": "https://www.jaquar.com/en/kubix-prime-black-chrome-deusch-shower-mixer",
      "reason": "fetch failed"
    },
    {
      "url": "https://www.jaquar.com/en/kubix-prime-antique-copper-deusch-shower-mixer",
      "reason": "fetch failed"
    },
    {
      "url": "https://www.jaquar.com/en/kubix-prime-antique-bronze-deusch-shower-mixer",
      "reason": "fetch failed"
    },
    {
      "url": "https://www.jaquar.com/en/single-lever-concealed-deusch-mixer-chrome",
      "reason": "fetch failed"
    },
    {
      "url": "https://www.jaquar.com/en/stainless-steel-single-lever-3-inlet-diverter",
      "reason": "fetch failed"
    },
    {
      "url": "https://www.jaquar.com/en/graphite-single-lever-3-inlet-diverter",
      "reason": "fetch failed"
    },
    {
      "url": "https://www.jaquar.com/en/black-matt-single-lever-3-inlet-diverter",
      "reason": "fetch failed"
    },
    {
      "url": "https://www.jaquar.com/en/black-chrome-single-lever-3-inlet-diverter",
      "reason": "fetch failed"
    },
    {
      "url": "https://www.jaquar.com/en/antique-copper-single-lever-3-inlet-diverter",
      "reason": "fetch failed"
    },
    {
      "url": "https://www.jaquar.com/en/antique-bronze-single-lever-3-inlet-diverter",
      "reason": "fetch failed"
    },
    {
      "url": "https://www.jaquar.com/en/single-lever-3-inlet-diverter-exposed-parts-kit-chrome-2",
      "reason": "fetch failed"
    },
    {
      "url": "https://www.jaquar.com/en/kubix-prime-stainless-steel-3-hole-basin-mixer-popup-waste",
      "reason": "fetch failed"
    },
    {
      "url": "https://www.jaquar.com/en/kubix-prime-graphite-3-hole-basin-mixer-popup-waste",
      "reason": "fetch failed"
    },
    {
      "url": "https://www.jaquar.com/en/kubix-prime-black-matt-3-hole-basin-mixer-popup-waste",
      "reason": "fetch failed"
    },
    {
      "url": "https://www.jaquar.com/en/kubix-prime-black-chrome-3-hole-basin-mixer-popup-waste",
      "reason": "fetch failed"
    },
    {
      "url": "https://www.jaquar.com/en/kubix-prime-antique-copper-3-hole-basin-mixer-popup-waste",
      "reason": "fetch failed"
    },
    {
      "url": "https://www.jaquar.com/en/kubix-prime-antique-bronze-3-hole-basin-mixer-popup-waste",
      "reason": "fetch failed"
    },
    {
      "url": "https://www.jaquar.com/en/3-hole-basin-mixer-chrome-5",
      "reason": "fetch failed"
    },
    {
      "url": "https://www.jaquar.com/en/kubix-prime-stainless-steel-3-hole-basin-mixer",
      "reason": "fetch failed"
    },
    {
      "url": "https://www.jaquar.com/en/kubix-prime-graphite-3-hole-basin-mixer",
      "reason": "fetch failed"
    },
    {
      "url": "https://www.jaquar.com/en/kubix-prime-black-matt-3-hole-basin-mixer",
      "reason": "fetch failed"
    },
    {
      "url": "https://www.jaquar.com/en/kubix-prime-black-chrome-3-hole-basin-mixer",
      "reason": "fetch failed"
    },
    {
      "url": "https://www.jaquar.com/en/kubix-prime-antique-copper-3-hole-basin-mixer",
      "reason": "fetch failed"
    },
    {
      "url": "https://www.jaquar.com/en/kubix-prime-antique-bronze-3-hole-basin-mixer",
      "reason": "fetch failed"
    },
    {
      "url": "https://www.jaquar.com/en/concealed-stop-cock-flush-cock-stainless-steel",
      "reason": "fetch failed"
    },
    {
      "url": "https://www.jaquar.com/en/concealed-stop-cock-flush-cock-graphite",
      "reason": "fetch failed"
    },
    {
      "url": "https://www.jaquar.com/en/concealed-stop-cock-flush-cock-black-matt",
      "reason": "fetch failed"
    },
    {
      "url": "https://www.jaquar.com/en/3-hole-basin-mixer-chrome-4",
      "reason": "fetch failed"
    },
    {
      "url": "https://www.jaquar.com/en/concealed-stop-cock-flush-cock-black-chrome",
      "reason": "fetch failed"
    },
    {
      "url": "https://www.jaquar.com/en/concealed-stop-cock-flush-cock-antique-bronze",
      "reason": "fetch failed"
    },
    {
      "url": "https://www.jaquar.com/en/exposed-part-kit-of-concealed-stop-cock-flush-cock-chrome",
      "reason": "fetch failed"
    },
    {
      "url": "https://www.jaquar.com/en/stainless-steel-long-body-pillar-cock-kubix-prime",
      "reason": "fetch failed"
    },
    {
      "url": "https://www.jaquar.com/en/concealed-stop-cock-flush-cock-antique-copper",
      "reason": "fetch failed"
    },
    {
      "url": "https://www.jaquar.com/en/pillar-cock-graphite-5",
      "reason": "fetch failed"
    },
    {
      "url": "https://www.jaquar.com/en/pillar-cock-black-matt-5",
      "reason": "fetch failed"
    },
    {
      "url": "https://www.jaquar.com/en/black-chrome-long-body-pillar-cock-kubix-prime",
      "reason": "fetch failed"
    },
    {
      "url": "https://www.jaquar.com/en/antique-copper-long-body-pillar-cock-kubix-prime",
      "reason": "fetch failed"
    },
    {
      "url": "https://www.jaquar.com/en/antique-bronze-long-body-pillar-cock-kubix-prime",
      "reason": "fetch failed"
    },
    {
      "url": "https://www.jaquar.com/en/pillar-cock-chrome-4",
      "reason": "fetch failed"
    },
    {
      "url": "https://www.jaquar.com/en/kubix-prime-stainless-steel-stop-cock-with-spout",
      "reason": "fetch failed"
    },
    {
      "url": "https://www.jaquar.com/en/kubix-prime-graphite-stop-cock-with-spout",
      "reason": "fetch failed"
    },
    {
      "url": "https://www.jaquar.com/en/kubix-prime-black-matt-stop-cock-with-spout",
      "reason": "fetch failed"
    },
    {
      "url": "https://www.jaquar.com/en/kubix-prime-black-chrome-stop-cock-with-spout",
      "reason": "fetch failed"
    },
    {
      "url": "https://www.jaquar.com/en/kubix-prime-antique-copper-stop-cock-with-spout",
      "reason": "fetch failed"
    },
    {
      "url": "https://www.jaquar.com/en/kubix-prime-antique-bronze-stop-cock-with-spout",
      "reason": "fetch failed"
    },
    {
      "url": "https://www.jaquar.com/en/exposed-part-kit-of-single-concealed-stop-cock-chrome-2",
      "reason": "fetch failed"
    },
    {
      "url": "https://www.jaquar.com/en/stainless-steel-single-lever-bidet-mixer-kubix-prime",
      "reason": "fetch failed"
    },
    {
      "url": "https://www.jaquar.com/en/black-matt-single-lever-bidet-mixer-kubix-prime",
      "reason": "fetch failed"
    },
    {
      "url": "https://www.jaquar.com/en/graphite-single-lever-bidet-mixer-kubix-prime",
      "reason": "fetch failed"
    },
    {
      "url": "https://www.jaquar.com/en/black-chrome-single-lever-bidet-mixer-kubix-prime",
      "reason": "fetch failed"
    },
    {
      "url": "https://www.jaquar.com/en/antique-copper-single-lever-bidet-mixer-kubix-prime",
      "reason": "fetch failed"
    },
    {
      "url": "https://www.jaquar.com/en/antique-bronze-single-lever-bidet-mixer-kubix-prime",
      "reason": "fetch failed"
    },
    {
      "url": "https://www.jaquar.com/en/single-lever-1-hole-bidet-mixer-with-popup-waste-system-chrome",
      "reason": "fetch failed"
    },
    {
      "url": "https://www.jaquar.com/en/kubix-prime-stainless-steel-exposed-hand-shower-mixer",
      "reason": "fetch failed"
    },
    {
      "url": "https://www.jaquar.com/en/kubix-prime-graphite-exposed-hand-shower-mixer",
      "reason": "fetch failed"
    },
    {
      "url": "https://www.jaquar.com/en/kubix-prime-black-matt-exposed-hand-shower-mixer",
      "reason": "fetch failed"
    },
    {
      "url": "https://www.jaquar.com/en/kubix-prime-black-chrome-exposed-hand-shower-mixer",
      "reason": "fetch failed"
    },
    {
      "url": "https://www.jaquar.com/en/kubix-prime-antique-copper-exposed-hand-shower-mixer",
      "reason": "fetch failed"
    },
    {
      "url": "https://www.jaquar.com/en/kubix-prime-antique-bronze-exposed-hand-shower-mixer",
      "reason": "fetch failed"
    },
    {
      "url": "https://www.jaquar.com/en/single-lever-exposed-shower-mixer-chrome-2",
      "reason": "fetch failed"
    },
    {
      "url": "https://www.jaquar.com/en/stainless-steel-single-lever-exposed-3-in-1-mixer-kubix-prime",
      "reason": "fetch failed"
    },
    {
      "url": "https://www.jaquar.com/en/graphite-single-lever-exposed-3-in-1-mixer-kubix-prime",
      "reason": "fetch failed"
    },
    {
      "url": "https://www.jaquar.com/en/black-matt-single-lever-exposed-3-in-1-mixer-kubix-prime",
      "reason": "fetch failed"
    },
    {
      "url": "https://www.jaquar.com/en/black-chrome-single-lever-exposed-3-in-1-mixer-kubix-prime",
      "reason": "fetch failed"
    },
    {
      "url": "https://www.jaquar.com/en/antique-copper-single-lever-exposed-3-in-1-mixer-kubix-prime",
      "reason": "fetch failed"
    },
    {
      "url": "https://www.jaquar.com/en/antique-bronze-single-lever-exposed-3-in-1-mixer-kubix-prime",
      "reason": "fetch failed"
    },
    {
      "url": "https://www.jaquar.com/en/single-lever-wall-mixer-3-in-1-system-chrome-2",
      "reason": "fetch failed"
    },
    {
      "url": "https://www.jaquar.com/en/kubix-prime-wall-mixer-with-hand-shower-provision-stainless-steel",
      "reason": "fetch failed"
    },
    {
      "url": "https://www.jaquar.com/en/kubix-prime-wall-mixer-with-hand-shower-provision-graphite",
      "reason": "fetch failed"
    },
    {
      "url": "https://www.jaquar.com/en/kubix-prime-wall-mixer-with-hand-shower-provision-black-matt",
      "reason": "fetch failed"
    },
    {
      "url": "https://www.jaquar.com/en/kubix-prime-wall-mixer-with-hand-shower-provision-black-chrome",
      "reason": "fetch failed"
    },
    {
      "url": "https://www.jaquar.com/en/kubix-prime-wall-mixer-with-hand-shower-provision-antique-copper",
      "reason": "fetch failed"
    },
    {
      "url": "https://www.jaquar.com/en/kubix-prime-wall-mixer-with-hand-shower-provision-antique-bronze",
      "reason": "fetch failed"
    },
    {
      "url": "https://www.jaquar.com/en/single-lever-wall-mixer-chrome-5",
      "reason": "fetch failed"
    },
    {
      "url": "https://www.jaquar.com/en/kubix-prime-single-lever-exposed-shower-mixer-bend-pipe-stainless-steel",
      "reason": "fetch failed"
    },
    {
      "url": "https://www.jaquar.com/en/kubix-prime-single-lever-exposed-shower-mixer-bend-pipe-graphite",
      "reason": "fetch failed"
    },
    {
      "url": "https://www.jaquar.com/en/kubix-prime-single-lever-exposed-shower-mixer-bend-pipe-black-chrome",
      "reason": "fetch failed"
    },
    {
      "url": "https://www.jaquar.com/en/kubix-prime-single-lever-exposed-shower-mixer-bend-pipe-black-matt",
      "reason": "fetch failed"
    },
    {
      "url": "https://www.jaquar.com/en/kubix-prime-single-lever-exposed-shower-mixer-bend-pipe-antique-copper",
      "reason": "fetch failed"
    },
    {
      "url": "https://www.jaquar.com/en/kubix-prime-single-lever-exposed-shower-mixer-bend-pipe-antique-bronze",
      "reason": "fetch failed"
    },
    {
      "url": "https://www.jaquar.com/en/single-lever-wall-mixer-chrome-4",
      "reason": "fetch failed"
    },
    {
      "url": "https://www.jaquar.com/en/kubix-prime-wall-mixer-with-overhead-shower-provision-stainless-steel",
      "reason": "fetch failed"
    },
    {
      "url": "https://www.jaquar.com/en/kubix-prime-wall-mixer-with-overhead-shower-provision-graphite",
      "reason": "fetch failed"
    },
    {
      "url": "https://www.jaquar.com/en/kubix-prime-wall-mixer-with-overhead-shower-provision-black-matt",
      "reason": "fetch failed"
    },
    {
      "url": "https://www.jaquar.com/en/kubix-prime-wall-mixer-with-overhead-shower-provision-black-chrome",
      "reason": "fetch failed"
    },
    {
      "url": "https://www.jaquar.com/en/kubix-prime-wall-mixer-with-overhead-shower-provision-antique-copper",
      "reason": "fetch failed"
    },
    {
      "url": "https://www.jaquar.com/en/kubix-prime-wall-mixer-with-overhead-shower-provision-antique-bronze",
      "reason": "fetch failed"
    },
    {
      "url": "https://www.jaquar.com/en/single-lever-wall-mixer-chrome-3",
      "reason": "fetch failed"
    },
    {
      "url": "https://www.jaquar.com/en/stainless-steel-single-lever-hi-flow-diverter-kubix-prime",
      "reason": "fetch failed"
    },
    {
      "url": "https://www.jaquar.com/en/graphite-single-lever-hi-flow-diverter-kubix-prime",
      "reason": "fetch failed"
    },
    {
      "url": "https://www.jaquar.com/en/black-matt-single-lever-hi-flow-diverter-kubix-prime",
      "reason": "fetch failed"
    },
    {
      "url": "https://www.jaquar.com/en/black-chrome-single-lever-hi-flow-diverter-kubix-prime",
      "reason": "fetch failed"
    },
    {
      "url": "https://www.jaquar.com/en/antique-copper-single-lever-hi-flow-diverter-kubix-prime",
      "reason": "fetch failed"
    },
    {
      "url": "https://www.jaquar.com/en/antique-bronze-single-lever-hi-flow-diverter-kubix-prime",
      "reason": "fetch failed"
    },
    {
      "url": "https://www.jaquar.com/en/single-lever-exposed-parts-kit-of-hi-flow-diverter-chrome",
      "reason": "fetch failed"
    },
    {
      "url": "https://www.jaquar.com/en/kubix-prime-stainless-steel-2way-single-lever-divertor",
      "reason": "fetch failed"
    },
    {
      "url": "https://www.jaquar.com/en/kubix-prime-graphite-2way-single-lever-divertor",
      "reason": "fetch failed"
    },
    {
      "url": "https://www.jaquar.com/en/kubix-prime-black-matt-2way-single-lever-divertor",
      "reason": "fetch failed"
    },
    {
      "url": "https://www.jaquar.com/en/kubix-prime-black-chrome-2way-single-lever-divertor",
      "reason": "fetch failed"
    },
    {
      "url": "https://www.jaquar.com/en/kubix-prime-antique-copper-2way-single-lever-divertor",
      "reason": "fetch failed"
    },
    {
      "url": "https://www.jaquar.com/en/kubix-prime-antique-bronze-2way-single-lever-divertor",
      "reason": "fetch failed"
    },
    {
      "url": "https://www.jaquar.com/en/single-lever-exposed-parts-kit-chrome",
      "reason": "fetch failed"
    },
    {
      "url": "https://www.jaquar.com/en/kubix-prime-stainless-steel-color-angle-valve",
      "reason": "fetch failed"
    },
    {
      "url": "https://www.jaquar.com/en/kubix-prime-graphite-color-angle-valve",
      "reason": "fetch failed"
    },
    {
      "url": "https://www.jaquar.com/en/kubix-prime-black-matt-color-angle-valve",
      "reason": "fetch failed"
    },
    {
      "url": "https://www.jaquar.com/en/kubix-prime-black-chrome-color-angle-valve",
      "reason": "fetch failed"
    },
    {
      "url": "https://www.jaquar.com/en/kubix-prime-antique-copper-color-angle-valve",
      "reason": "fetch failed"
    },
    {
      "url": "https://www.jaquar.com/en/kubix-prime-antique-bronze-color-angle-valve",
      "reason": "fetch failed"
    },
    {
      "url": "https://www.jaquar.com/en/angular-stop-cock-chrome",
      "reason": "fetch failed"
    },
    {
      "url": "https://www.jaquar.com/en/kubix-prime-2-way-bib-cock-stainless-steel",
      "reason": "fetch failed"
    },
    {
      "url": "https://www.jaquar.com/en/kubix-prime-2-way-bib-cock-graphite",
      "reason": "fetch failed"
    },
    {
      "url": "https://www.jaquar.com/en/kubix-prime-2-way-bib-cock-black-matt",
      "reason": "fetch failed"
    },
    {
      "url": "https://www.jaquar.com/en/kubix-prime-2-way-bib-cock-black-chrome",
      "reason": "fetch failed"
    },
    {
      "url": "https://www.jaquar.com/en/kubix-prime-2-way-bib-cock-antique-copper",
      "reason": "fetch failed"
    },
    {
      "url": "https://www.jaquar.com/en/kubix-prime-2-way-bib-cock-antique-bronze",
      "reason": "fetch failed"
    },
    {
      "url": "https://www.jaquar.com/en/2-way-bib-cock-chrome",
      "reason": "fetch failed"
    },
    {
      "url": "https://www.jaquar.com/en/stainless-steel-angular-bib-cock-kubix-prime",
      "reason": "fetch failed"
    },
    {
      "url": "https://www.jaquar.com/en/mid-series-generator",
      "reason": "fetch failed"
    },
    {
      "url": "https://www.jaquar.com/en/graphite-angular-bib-cock-kubix-prime",
      "reason": "fetch failed"
    },
    {
      "url": "https://www.jaquar.com/en/black-matt-angular-bib-cock-kubix-prime",
      "reason": "fetch failed"
    },
    {
      "url": "https://www.jaquar.com/en/black-chrome-angular-bib-cock-kubix-prime",
      "reason": "fetch failed"
    },
    {
      "url": "https://www.jaquar.com/en/antique-copper-angular-bib-cock-kubix-prime",
      "reason": "fetch failed"
    },
    {
      "url": "https://www.jaquar.com/en/antique-bronze-angular-bib-cock-kubix-prime",
      "reason": "fetch failed"
    },
    {
      "url": "https://www.jaquar.com/en/bib-cock-chrome",
      "reason": "fetch failed"
    },
    {
      "url": "https://www.jaquar.com/en/stainless-steel-kubix-prime-pillar-cock",
      "reason": "fetch failed"
    },
    {
      "url": "https://www.jaquar.com/en/graphite-kubix-prime-pillar-cock",
      "reason": "fetch failed"
    },
    {
      "url": "https://www.jaquar.com/en/black-matt-kubix-prime-pillar-cock",
      "reason": "fetch failed"
    },
    {
      "url": "https://www.jaquar.com/en/black-chrome-kubix-prime-pillar-cock",
      "reason": "fetch failed"
    },
    {
      "url": "https://www.jaquar.com/en/antique-copper-kubix-prime-pillar-cock",
      "reason": "fetch failed"
    },
    {
      "url": "https://www.jaquar.com/en/antique-bronze-kubix-prime-pillar-cock",
      "reason": "fetch failed"
    },
    {
      "url": "https://www.jaquar.com/en/pillar-cock-chrome-3",
      "reason": "fetch failed"
    },
    {
      "url": "https://www.jaquar.com/en/arc-bathtub-stainless-steel-spout",
      "reason": "fetch failed"
    },
    {
      "url": "https://www.jaquar.com/en/arc-bathtub-graphite-spout",
      "reason": "fetch failed"
    },
    {
      "url": "https://www.jaquar.com/en/arc-bathtub-spout-black-matt-finish",
      "reason": "fetch failed"
    },
    {
      "url": "https://www.jaquar.com/en/arc-bathtub-spout-black-chrome-finish",
      "reason": "fetch failed"
    },
    {
      "url": "https://www.jaquar.com/en/arc-bathtub-spout-antique-copper-finish",
      "reason": "fetch failed"
    },
    {
      "url": "https://www.jaquar.com/en/arc-bathtub-spout-antique-bronze-finish",
      "reason": "fetch failed"
    },
    {
      "url": "https://www.jaquar.com/en/bath-tub-spout-chrome",
      "reason": "fetch failed"
    },
    {
      "url": "https://www.jaquar.com/en/aquamax-opal-prime-3-way-thermostatic-single-lever-diverter-mixer-kit-stainless-steel",
      "reason": "fetch failed"
    },
    {
      "url": "https://www.jaquar.com/en/aquamax-opal-prime-3-way-thermostatic-single-lever-diverter-mixer-kit-graphite",
      "reason": "fetch failed"
    },
    {
      "url": "https://www.jaquar.com/en/aquamax-opal-prime-3-way-thermostatic-single-lever-diverter-mixer-kit-black-matt",
      "reason": "fetch failed"
    },
    {
      "url": "https://www.jaquar.com/en/aquamax-opal-prime-3-way-thermostatic-single-lever-diverter-mixer-kit-antique-copper",
      "reason": "fetch failed"
    },
    {
      "url": "https://www.jaquar.com/en/aquamax-opal-prime-3-way-thermostatic-single-lever-diverter-mixer-kit-black-chrome",
      "reason": "fetch failed"
    },
    {
      "url": "https://www.jaquar.com/en/aquamax-opal-prime-3-way-thermostatic-single-lever-diverter-mixer-kit-antique-bronze",
      "reason": "fetch failed"
    },
    {
      "url": "https://www.jaquar.com/en/aquamax-exposed-part-kit-of-single-lever-shower-mixer-chrome",
      "reason": "fetch failed"
    },
    {
      "url": "https://www.jaquar.com/en/aquamax-thermostatic-shower-mixer-with-3-way-diverter-stainless-steel",
      "reason": "fetch failed"
    },
    {
      "url": "https://www.jaquar.com/en/aquamax-thermostatic-shower-mixer-with-3-way-diverter-graphite",
      "reason": "fetch failed"
    },
    {
      "url": "https://www.jaquar.com/en/aquamax-thermostatic-shower-mixer-with-3-way-diverter-black-matt",
      "reason": "fetch failed"
    },
    {
      "url": "https://www.jaquar.com/en/aquamax-thermostatic-shower-mixer-with-3-way-diverter-black-chrome",
      "reason": "fetch failed"
    },
    {
      "url": "https://www.jaquar.com/en/aquamax-thermostatic-shower-mixer-with-3-way-diverter-antique-copper",
      "reason": "fetch failed"
    },
    {
      "url": "https://www.jaquar.com/en/aquamax-thermostatic-shower-mixer-with-3-way-diverter-antique-bronze",
      "reason": "fetch failed"
    },
    {
      "url": "https://www.jaquar.com/en/aquamax-exposed-part-kit-with-3-way-diverter-chrome",
      "reason": "fetch failed"
    },
    {
      "url": "https://www.jaquar.com/en/aquamax-opal-prime-2-way-stainless-steel",
      "reason": "fetch failed"
    },
    {
      "url": "https://www.jaquar.com/en/aquamax-opal-prime-2-way-graphite",
      "reason": "fetch failed"
    },
    {
      "url": "https://www.jaquar.com/en/aquamax-opal-prime-2-way-black-matt",
      "reason": "fetch failed"
    },
    {
      "url": "https://www.jaquar.com/en/aquamax-opal-prime-2-way-black-chrome",
      "reason": "fetch failed"
    },
    {
      "url": "https://www.jaquar.com/en/aquamax-opal-prime-2-way-antique-copper",
      "reason": "fetch failed"
    },
    {
      "url": "https://www.jaquar.com/en/aquamax-opal-prime-2-way-antique-bronze",
      "reason": "fetch failed"
    },
    {
      "url": "https://www.jaquar.com/en/aquamax-exposed-part-kit-of-thermostatic-shower-mixer-with-2-way-diverter-chrome",
      "reason": "fetch failed"
    },
    {
      "url": "https://www.jaquar.com/en/aquamax-opal-prime-stainless-steel-kit",
      "reason": "fetch failed"
    },
    {
      "url": "https://www.jaquar.com/en/aquamax-opal-prime-graphite-kit",
      "reason": "fetch failed"
    },
    {
      "url": "https://www.jaquar.com/en/aquamax-opal-prime-black-matt-kit",
      "reason": "fetch failed"
    },
    {
      "url": "https://www.jaquar.com/en/aquamax-opal-prime-black-chrome-kit",
      "reason": "fetch failed"
    },
    {
      "url": "https://www.jaquar.com/en/aquamax-opal-prime-antique-copper-kit",
      "reason": "fetch failed"
    },
    {
      "url": "https://www.jaquar.com/en/aquamax-opal-prime-antique-bronze-kit",
      "reason": "fetch failed"
    },
    {
      "url": "https://www.jaquar.com/en/aquamax-exposed-part-kit-chrome-4",
      "reason": "fetch failed"
    },
    {
      "url": "https://www.jaquar.com/en/single-concealed-stop-cock-stainless-steel",
      "reason": "fetch failed"
    },
    {
      "url": "https://www.jaquar.com/en/single-concealed-stop-cock-graphite",
      "reason": "fetch failed"
    },
    {
      "url": "https://www.jaquar.com/en/single-concealed-stop-cock-black-matt",
      "reason": "fetch failed"
    },
    {
      "url": "https://www.jaquar.com/en/single-concealed-stop-cock-antique-copper",
      "reason": "fetch failed"
    },
    {
      "url": "https://www.jaquar.com/en/single-concealed-stop-cock-black-chrome",
      "reason": "fetch failed"
    },
    {
      "url": "https://www.jaquar.com/en/single-concealed-stop-cock-antique-bronze",
      "reason": "fetch failed"
    },
    {
      "url": "https://www.jaquar.com/en/exposed-part-kit-of-single-concealed-stop-cock-chrome",
      "reason": "fetch failed"
    },
    {
      "url": "https://www.jaquar.com/en/stainless-steel-opal-prime-concealed-2-lever-wall-basin-mixer",
      "reason": "fetch failed"
    },
    {
      "url": "https://www.jaquar.com/en/black-matt-opal-prime-concealed-2-lever-wall-basin-mixer",
      "reason": "fetch failed"
    },
    {
      "url": "https://www.jaquar.com/en/graphite-opal-prime-concealed-2-lever-wall-basin-mixer",
      "reason": "fetch failed"
    },
    {
      "url": "https://www.jaquar.com/en/black-chrome-opal-prime-concealed-2-lever-wall-basin-mixer",
      "reason": "fetch failed"
    },
    {
      "url": "https://www.jaquar.com/en/antique-copper-opal-prime-concealed-2-lever-wall-basin-mixer",
      "reason": "fetch failed"
    },
    {
      "url": "https://www.jaquar.com/en/antique-bronze-opal-prime-concealed-2-lever-wall-basin-mixer",
      "reason": "fetch failed"
    },
    {
      "url": "https://www.jaquar.com/en/two-concealed-stop-cocks-chrome-2",
      "reason": "fetch failed"
    },
    {
      "url": "https://www.jaquar.com/en/stainless-steel-opal-prime-deusch-shower-mixer",
      "reason": "fetch failed"
    },
    {
      "url": "https://www.jaquar.com/en/graphite-opal-prime-deusch-shower-mixer",
      "reason": "fetch failed"
    },
    {
      "url": "https://www.jaquar.com/en/black-matt-opal-prime-deusch-shower-mixer",
      "reason": "fetch failed"
    },
    {
      "url": "https://www.jaquar.com/en/black-chrome-opal-prime-deusch-shower-mixer",
      "reason": "fetch failed"
    },
    {
      "url": "https://www.jaquar.com/en/antique-copper-opal-prime-deusch-shower-mixer",
      "reason": "fetch failed"
    },
    {
      "url": "https://www.jaquar.com/en/antique-bronze-opal-prime-deusch-shower-mixer",
      "reason": "fetch failed"
    },
    {
      "url": "https://www.jaquar.com/en/single-lever-concealed-manual-shower-valve-chrome",
      "reason": "fetch failed"
    },
    {
      "url": "https://www.jaquar.com/en/stainless-steel-single-lever-bidet-mixer-opal-prime",
      "reason": "fetch failed"
    },
    {
      "url": "https://www.jaquar.com/en/graphite-single-lever-bidet-mixer-opal-prime",
      "reason": "fetch failed"
    },
    {
      "url": "https://www.jaquar.com/en/black-matt-single-lever-bidet-mixer-opal-prime",
      "reason": "fetch failed"
    },
    {
      "url": "https://www.jaquar.com/en/black-chrome-single-lever-bidet-mixer-opal-prime",
      "reason": "fetch failed"
    },
    {
      "url": "https://www.jaquar.com/en/antique-copper-single-lever-bidet-mixer-opal-prime",
      "reason": "fetch failed"
    },
    {
      "url": "https://www.jaquar.com/en/antique-bronze-single-lever-bidet-mixer-opal-prime",
      "reason": "fetch failed"
    },
    {
      "url": "https://www.jaquar.com/en/single-lever-bidet-mixer-with-popup-waste-chrome",
      "reason": "fetch failed"
    },
    {
      "url": "https://www.jaquar.com/en/opal-prime-3-inlet-divertor-stainless-steel",
      "reason": "fetch failed"
    },
    {
      "url": "https://www.jaquar.com/en/opal-prime-3-inlet-divertor-graphite",
      "reason": "fetch failed"
    },
    {
      "url": "https://www.jaquar.com/en/opal-prime-3-inlet-divertor-black-matt",
      "reason": "fetch failed"
    },
    {
      "url": "https://www.jaquar.com/en/opal-prime-3-inlet-divertor-black-chrome",
      "reason": "fetch failed"
    },
    {
      "url": "https://www.jaquar.com/en/opal-prime-3-inlet-divertor-antique-copper",
      "reason": "fetch failed"
    },
    {
      "url": "https://www.jaquar.com/en/opal-prime-3-inlet-divertor-antique-bronze",
      "reason": "fetch failed"
    },
    {
      "url": "https://www.jaquar.com/en/single-lever-3-inlet-diverter-exposed-parts-kit-chrome",
      "reason": "fetch failed"
    },
    {
      "url": "https://www.jaquar.com/en/opal-prime-stainless-steel-table-sink-mixer",
      "reason": "fetch failed"
    },
    {
      "url": "https://www.jaquar.com/en/opal-prime-graphite-table-sink-mixer",
      "reason": "fetch failed"
    },
    {
      "url": "https://www.jaquar.com/en/opal-prime-black-matt-table-sink-mixer",
      "reason": "fetch failed"
    },
    {
      "url": "https://www.jaquar.com/en/opal-prime-black-chrome-table-sink-mixer",
      "reason": "fetch failed"
    },
    {
      "url": "https://www.jaquar.com/en/opal-prime-antique-copper-table-sink-mixer",
      "reason": "fetch failed"
    },
    {
      "url": "https://www.jaquar.com/en/opal-prime-antique-bronze-table-sink-mixer",
      "reason": "fetch failed"
    },
    {
      "url": "https://www.jaquar.com/en/single-lever-sink-mixer-with-swinging-spout-chrome",
      "reason": "fetch failed"
    },
    {
      "url": "https://www.jaquar.com/en/stainless-steel-single-lever-exposed-hand-shower-mixer-opal-prime",
      "reason": "fetch failed"
    },
    {
      "url": "https://www.jaquar.com/en/graphite-single-lever-exposed-hand-shower-mixer-opal-prime",
      "reason": "fetch failed"
    },
    {
      "url": "https://www.jaquar.com/en/black-matt-single-lever-exposed-hand-shower-mixer-opal-prime",
      "reason": "fetch failed"
    },
    {
      "url": "https://www.jaquar.com/en/black-chrome-single-lever-exposed-hand-shower-mixer-opal-prime",
      "reason": "fetch failed"
    },
    {
      "url": "https://www.jaquar.com/en/antique-copper-single-lever-exposed-hand-shower-mixer-opal-prime",
      "reason": "fetch failed"
    },
    {
      "url": "https://www.jaquar.com/en/antique-bronze-single-lever-exposed-hand-shower-mixer-opal-prime",
      "reason": "fetch failed"
    },
    {
      "url": "https://www.jaquar.com/en/single-lever-exposed-shower-mixer-chrome",
      "reason": "fetch failed"
    },
    {
      "url": "https://www.jaquar.com/en/stainless-steel-opal-prime-single-lever-exposed-3-in-1-mixer",
      "reason": "fetch failed"
    },
    {
      "url": "https://www.jaquar.com/en/graphite-opal-prime-single-lever-exposed-3-in-1-mixer",
      "reason": "fetch failed"
    },
    {
      "url": "https://www.jaquar.com/en/black-matt-opal-prime-single-lever-exposed-3-in-1-mixer",
      "reason": "fetch failed"
    },
    {
      "url": "https://www.jaquar.com/en/black-chrome-opal-prime-single-lever-exposed-3-in-1-mixer",
      "reason": "fetch failed"
    },
    {
      "url": "https://www.jaquar.com/en/antique-copper-opal-prime-single-lever-exposed-3-in-1-mixer",
      "reason": "fetch failed"
    },
    {
      "url": "https://www.jaquar.com/en/antique-bronze-opal-prime-single-lever-exposed-3-in-1-mixer",
      "reason": "fetch failed"
    },
    {
      "url": "https://www.jaquar.com/en/single-lever-wall-mixer-3-in-1-system-chrome",
      "reason": "fetch failed"
    },
    {
      "url": "https://www.jaquar.com/en/stainless-steel-opal-prime-wall-mixer-with-hand-shower-provision",
      "reason": "fetch failed"
    },
    {
      "url": "https://www.jaquar.com/en/graphite-opal-prime-wall-mixer-with-hand-shower-provision",
      "reason": "fetch failed"
    },
    {
      "url": "https://www.jaquar.com/en/black-matt-opal-prime-wall-mixer-with-hand-shower-provision",
      "reason": "fetch failed"
    },
    {
      "url": "https://www.jaquar.com/en/black-chrome-opal-prime-wall-mixer-with-hand-shower-provision",
      "reason": "fetch failed"
    },
    {
      "url": "https://www.jaquar.com/en/antique-copper-opal-prime-wall-mixer-with-hand-shower-provision",
      "reason": "fetch failed"
    },
    {
      "url": "https://www.jaquar.com/en/antique-bronze-opal-prime-wall-mixer-with-hand-shower-provision",
      "reason": "fetch failed"
    },
    {
      "url": "https://www.jaquar.com/en/single-lever-wall-mixer-chrome-2",
      "reason": "fetch failed"
    },
    {
      "url": "https://www.jaquar.com/en/stainless-steel-single-lever-exposed-shower-mixer-opal-prime-bend-pipe",
      "reason": "fetch failed"
    },
    {
      "url": "https://www.jaquar.com/en/graphite-single-lever-exposed-shower-mixer-opal-prime-bend-pipe",
      "reason": "fetch failed"
    },
    {
      "url": "https://www.jaquar.com/en/black-matt-single-lever-exposed-shower-mixer-opal-prime-bend-pipe",
      "reason": "fetch failed"
    },
    {
      "url": "https://www.jaquar.com/en/black-chrome-single-lever-exposed-shower-mixer-opal-prime-bend-pipe",
      "reason": "fetch failed"
    },
    {
      "url": "https://www.jaquar.com/en/antique-copper-single-lever-exposed-shower-mixer-opal-prime-bend-pipe",
      "reason": "fetch failed"
    },
    {
      "url": "https://www.jaquar.com/en/antique-bronze-single-lever-exposed-shower-mixer-opal-prime-bend-pipe",
      "reason": "fetch failed"
    },
    {
      "url": "https://www.jaquar.com/en/single-lever-wall-mixer-chrome",
      "reason": "fetch failed"
    },
    {
      "url": "https://www.jaquar.com/en/opal-prime-stainless-steel-wall-mixer-with-overhead-shower-provision",
      "reason": "fetch failed"
    },
    {
      "url": "https://www.jaquar.com/en/opal-prime-graphite-wall-mixer-with-overhead-shower-provision",
      "reason": "fetch failed"
    },
    {
      "url": "https://www.jaquar.com/en/opal-prime-black-matt-wall-mixer-with-overhead-shower-provision",
      "reason": "fetch failed"
    },
    {
      "url": "https://www.jaquar.com/en/opal-prime-black-chrome-wall-mixer-with-overhead-shower-provision",
      "reason": "fetch failed"
    },
    {
      "url": "https://www.jaquar.com/en/opal-prime-antique-copper-wall-mixer-with-overhead-shower-provision",
      "reason": "fetch failed"
    },
    {
      "url": "https://www.jaquar.com/en/opal-prime-antique-bronze-wall-mixer-with-overhead-shower-provision",
      "reason": "fetch failed"
    },
    {
      "url": "https://www.jaquar.com/en/single-lever-bath-shower-mixer-chrome",
      "reason": "fetch failed"
    },
    {
      "url": "https://www.jaquar.com/en/opal-stainless-steel-chrome-stop-cock",
      "reason": "fetch failed"
    },
    {
      "url": "https://www.jaquar.com/en/opal-graphite-chrome-stop-cock",
      "reason": "fetch failed"
    },
    {
      "url": "https://www.jaquar.com/en/opal-black-matt-chrome-stop-cock",
      "reason": "fetch failed"
    },
    {
      "url": "https://www.jaquar.com/en/opal-prime-black-chrome-stop-cock",
      "reason": "fetch failed"
    },
    {
      "url": "https://www.jaquar.com/en/opal-prime-antique-copper-stop-cock",
      "reason": "fetch failed"
    },
    {
      "url": "https://www.jaquar.com/en/opal-prime-antique-bronze-stop-cock",
      "reason": "fetch failed"
    },
    {
      "url": "https://www.jaquar.com/en/exposed-part-kit-of-concealed-stop-cock-chrome",
      "reason": "fetch failed"
    },
    {
      "url": "https://www.jaquar.com/en/opal-prime-high-flow-divertor-ss-finish",
      "reason": "fetch failed"
    },
    {
      "url": "https://www.jaquar.com/en/opal-prime-high-flow-divertor-graphite-finish",
      "reason": "fetch failed"
    },
    {
      "url": "https://www.jaquar.com/en/opal-prime-high-flow-divertor-black-matt-finish",
      "reason": "fetch failed"
    },
    {
      "url": "https://www.jaquar.com/en/opal-prime-high-flow-divertor-black-chrome-finish",
      "reason": "fetch failed"
    },
    {
      "url": "https://www.jaquar.com/en/opal-prime-high-flow-divertor-antique-copper-finish",
      "reason": "fetch failed"
    },
    {
      "url": "https://www.jaquar.com/en/opal-prime-high-flow-divertor-antique-bronze-finish",
      "reason": "fetch failed"
    },
    {
      "url": "https://www.jaquar.com/en/single-lever-exposed-part-kit-of-hi-flow-diverter-chrome",
      "reason": "fetch failed"
    },
    {
      "url": "https://www.jaquar.com/en/opal-prime-stainless-steel-color-2way-divertor",
      "reason": "fetch failed"
    },
    {
      "url": "https://www.jaquar.com/en/opal-prime-graphite-color-2way-divertor",
      "reason": "fetch failed"
    },
    {
      "url": "https://www.jaquar.com/en/opal-prime-black-matt-color-2way-divertor",
      "reason": "fetch failed"
    },
    {
      "url": "https://www.jaquar.com/en/opal-prime-black-chrome-color-2way-divertor",
      "reason": "fetch failed"
    },
    {
      "url": "https://www.jaquar.com/en/opal-prime-antique-copper-color-2way-divertor",
      "reason": "fetch failed"
    },
    {
      "url": "https://www.jaquar.com/en/opal-prime-antique-bronze-color-2way-divertor",
      "reason": "fetch failed"
    },
    {
      "url": "https://www.jaquar.com/en/single-lever-exposed-part-kit-of-diverter-chrome",
      "reason": "fetch failed"
    },
    {
      "url": "https://www.jaquar.com/en/stainless-steel-opal-prime-angle-valve",
      "reason": "fetch failed"
    },
    {
      "url": "https://www.jaquar.com/en/graphite-opal-prime-angle-valve",
      "reason": "fetch failed"
    },
    {
      "url": "https://www.jaquar.com/en/black-matt-opal-prime-angle-valve",
      "reason": "fetch failed"
    },
    {
      "url": "https://www.jaquar.com/en/black-chrome-opal-prime-angle-valve",
      "reason": "fetch failed"
    },
    {
      "url": "https://www.jaquar.com/en/antique-copper-opal-prime-angle-valve",
      "reason": "fetch failed"
    },
    {
      "url": "https://www.jaquar.com/en/antique-bronze-opal-prime-angle-valve",
      "reason": "fetch failed"
    },
    {
      "url": "https://www.jaquar.com/en/angle-valve-with-wall-flange-chrome",
      "reason": "fetch failed"
    },
    {
      "url": "https://www.jaquar.com/en/opal-prime-2-way-stainless-steel-bib-cock",
      "reason": "fetch failed"
    },
    {
      "url": "https://www.jaquar.com/en/opal-prime-2-way-graphite-bib-cock",
      "reason": "fetch failed"
    },
    {
      "url": "https://www.jaquar.com/en/opal-prime-2-way-black-matt-bib-cock",
      "reason": "fetch failed"
    },
    {
      "url": "https://www.jaquar.com/en/opal-prime-2-way-black-chrome-bib-cock",
      "reason": "fetch failed"
    },
    {
      "url": "https://www.jaquar.com/en/opal-prime-2-way-antique-copper-bib-cock",
      "reason": "fetch failed"
    },
    {
      "url": "https://www.jaquar.com/en/opal-prime-2-way-antique-bronze-bib-cock",
      "reason": "fetch failed"
    },
    {
      "url": "https://www.jaquar.com/en/2-way-bib-tap-chrome",
      "reason": "fetch failed"
    },
    {
      "url": "https://www.jaquar.com/en/angular-stainless-steel-bib-cock-opal-prime",
      "reason": "fetch failed"
    },
    {
      "url": "https://www.jaquar.com/en/angular-graphite-bib-cock-opal-prime",
      "reason": "fetch failed"
    },
    {
      "url": "https://www.jaquar.com/en/angular-black-matt-bib-cock-opal-prime",
      "reason": "fetch failed"
    },
    {
      "url": "https://www.jaquar.com/en/angular-black-chrome-bib-cock-opal-prime",
      "reason": "fetch failed"
    },
    {
      "url": "https://www.jaquar.com/en/angular-antique-copper-bib-cock-opal-prime",
      "reason": "fetch failed"
    },
    {
      "url": "https://www.jaquar.com/en/angular-antique-bronze-bib-cock-opal-prime",
      "reason": "fetch failed"
    },
    {
      "url": "https://www.jaquar.com/en/bib-tap-chrome",
      "reason": "fetch failed"
    },
    {
      "url": "https://www.jaquar.com/en/opal-prime-long-body-pillar-cock-stainless-steel",
      "reason": "fetch failed"
    },
    {
      "url": "https://www.jaquar.com/en/opal-prime-long-body-pillar-cock-graphite",
      "reason": "fetch failed"
    },
    {
      "url": "https://www.jaquar.com/en/opal-prime-long-body-pillar-cock-black-matt",
      "reason": "fetch failed"
    },
    {
      "url": "https://www.jaquar.com/en/opal-prime-long-body-pillar-cock-black-chrome",
      "reason": "fetch failed"
    },
    {
      "url": "https://www.jaquar.com/en/opal-prime-long-body-pillar-cock-antique-copper",
      "reason": "fetch failed"
    },
    {
      "url": "https://www.jaquar.com/en/opal-prime-long-body-pillar-cock-antique-bronze",
      "reason": "fetch failed"
    },
    {
      "url": "https://www.jaquar.com/en/basin-tap-12-chrome",
      "reason": "fetch failed"
    },
    {
      "url": "https://www.jaquar.com/en/stainless-steel-cock-opal-prime",
      "reason": "fetch failed"
    },
    {
      "url": "https://www.jaquar.com/en/graphite-pillar-cock-opal-prime",
      "reason": "fetch failed"
    },
    {
      "url": "https://www.jaquar.com/en/black-matt-pillar-cock-opal-prime",
      "reason": "fetch failed"
    },
    {
      "url": "https://www.jaquar.com/en/black-chrome-pillar-cock-opal-prime",
      "reason": "fetch failed"
    },
    {
      "url": "https://www.jaquar.com/en/antique-copper-pillar-cock-opal-prime",
      "reason": "fetch failed"
    },
    {
      "url": "https://www.jaquar.com/en/antique-bronze-pillar-cock-opal-prime",
      "reason": "fetch failed"
    },
    {
      "url": "https://www.jaquar.com/en/pillar-cock-chrome-2",
      "reason": "fetch failed"
    },
    {
      "url": "https://www.jaquar.com/en/stainless-steel-aquamax-arc-3-way-thermostatic-divertor",
      "reason": "fetch failed"
    },
    {
      "url": "https://www.jaquar.com/en/graphite-aquamax-arc-3-way-thermostatic-divertor",
      "reason": "fetch failed"
    },
    {
      "url": "https://www.jaquar.com/en/black-matt-aquamax-arc-3-way-thermostatic-divertor",
      "reason": "fetch failed"
    },
    {
      "url": "https://www.jaquar.com/en/black-chrome-aquamax-arc-3-way-thermostatic-divertor",
      "reason": "fetch failed"
    },
    {
      "url": "https://www.jaquar.com/en/antique-copper-aquamax-arc-3-way-thermostatic-divertor",
      "reason": "fetch failed"
    },
    {
      "url": "https://www.jaquar.com/en/stainless-steel-aquamax-arc-2-way-divertor",
      "reason": "fetch failed"
    },
    {
      "url": "https://www.jaquar.com/en/graphite-aquamax-arc-2-way-divertor",
      "reason": "fetch failed"
    },
    {
      "url": "https://www.jaquar.com/en/black-matt-aquamax-arc-2-way-divertor",
      "reason": "fetch failed"
    },
    {
      "url": "https://www.jaquar.com/en/black-chrome-aquamax-arc-2-way-divertor",
      "reason": "fetch failed"
    },
    {
      "url": "https://www.jaquar.com/en/antique-copper-aquamax-arc-2-way-divertor",
      "reason": "fetch failed"
    },
    {
      "url": "https://www.jaquar.com/en/antique-bronze-aquamax-arc-3-way-thermostatic-divertor",
      "reason": "fetch failed"
    },
    {
      "url": "https://www.jaquar.com/en/antique-bronze-aquamax-arc-2-way-divertor",
      "reason": "fetch failed"
    },
    {
      "url": "https://www.jaquar.com/en/aquamax-exposed-part-kit-chrome-3",
      "reason": "fetch failed"
    },
    {
      "url": "https://www.jaquar.com/en/aquamax-exposed-part-kit-chrome-2",
      "reason": "fetch failed"
    },
    {
      "url": "https://www.jaquar.com/en/aquamax-arc-stainless-steel-divertor",
      "reason": "fetch failed"
    },
    {
      "url": "https://www.jaquar.com/en/aquamax-arc-graphite-divertor",
      "reason": "fetch failed"
    },
    {
      "url": "https://www.jaquar.com/en/aquamax-arc-black-chrome-divertor",
      "reason": "fetch failed"
    },
    {
      "url": "https://www.jaquar.com/en/aquamax-arc-black-matt-divertor",
      "reason": "fetch failed"
    },
    {
      "url": "https://www.jaquar.com/en/aquamax-arc-antique-copper-divertor",
      "reason": "fetch failed"
    },
    {
      "url": "https://www.jaquar.com/en/aquamax-arc-antique-bronze-divertor",
      "reason": "fetch failed"
    },
    {
      "url": "https://www.jaquar.com/en/aquamax-exposed-part-kit-chrome",
      "reason": "fetch failed"
    },
    {
      "url": "https://www.jaquar.com/en/bath-tub-spout-stainless-steel",
      "reason": "fetch failed"
    },
    {
      "url": "https://www.jaquar.com/en/bath-tub-spout-graphite",
      "reason": "fetch failed"
    },
    {
      "url": "https://www.jaquar.com/en/bath-tub-spout-black-matt",
      "reason": "fetch failed"
    },
    {
      "url": "https://www.jaquar.com/en/bath-tub-spout-black-chrome",
      "reason": "fetch failed"
    },
    {
      "url": "https://www.jaquar.com/en/bath-tub-spout-antique-copper",
      "reason": "fetch failed"
    },
    {
      "url": "https://www.jaquar.com/en/bath-tub-spout-antique-bronze",
      "reason": "fetch failed"
    },
    {
      "url": "https://www.jaquar.com/en/bath-tub-spout-with-button-attachment-chrome",
      "reason": "fetch failed"
    },
    {
      "url": "https://www.jaquar.com/en/arc-concealed-2-lever-wall-basin-mixer-stainless-steel-finish",
      "reason": "fetch failed"
    },
    {
      "url": "https://www.jaquar.com/en/arc-concealed-2-lever-wall-basin-mixer-graphite-finish",
      "reason": "fetch failed"
    },
    {
      "url": "https://www.jaquar.com/en/arc-concealed-2-lever-wall-basin-mixer-black-matt-finish",
      "reason": "fetch failed"
    },
    {
      "url": "https://www.jaquar.com/en/arc-concealed-2-lever-wall-basin-mixer-black-chrome-finish",
      "reason": "fetch failed"
    },
    {
      "url": "https://www.jaquar.com/en/arc-concealed-2-lever-wall-basin-mixer-antique-copper-finish",
      "reason": "fetch failed"
    },
    {
      "url": "https://www.jaquar.com/en/two-concealed-stop-cocks-antique-bronze",
      "reason": "fetch failed"
    },
    {
      "url": "https://www.jaquar.com/en/two-concealed-stop-cocks-chrome",
      "reason": "fetch failed"
    },
    {
      "url": "https://www.jaquar.com/en/arc-concealed-wall-basin-mixer-stainless-steel-complete-kit",
      "reason": "fetch failed"
    },
    {
      "url": "https://www.jaquar.com/en/arc-concealed-wall-basin-mixer-graphite-complete-kit",
      "reason": "fetch failed"
    },
    {
      "url": "https://www.jaquar.com/en/arc-concealed-wall-basin-mixer-black-matt-complete-kit",
      "reason": "fetch failed"
    },
    {
      "url": "https://www.jaquar.com/en/arc-concealed-wall-basin-mixer-black-chrome-complete-kit",
      "reason": "fetch failed"
    },
    {
      "url": "https://www.jaquar.com/en/arc-concealed-wall-basin-mixer-antique-copper-complete-kit",
      "reason": "fetch failed"
    },
    {
      "url": "https://www.jaquar.com/en/arc-concealed-wall-basin-mixer-antique-bronze-complete-kit",
      "reason": "fetch failed"
    },
    {
      "url": "https://www.jaquar.com/en/exposed-part-kit-of-joystick-basin-mixer-chrome",
      "reason": "fetch failed"
    },
    {
      "url": "https://www.jaquar.com/en/arc-3-hole-basin-mixer-stainless-steel-finish",
      "reason": "fetch failed"
    },
    {
      "url": "https://www.jaquar.com/en/arc-concealed-2-lever-wall-basin-mixer-antique-bronze-finish",
      "reason": "fetch failed"
    },
    {
      "url": "https://www.jaquar.com/en/arc-3-hole-basin-mixer-black-matt-finish",
      "reason": "fetch failed"
    },
    {
      "url": "https://www.jaquar.com/en/arc-3-hole-basin-mixer-black-chrome-finish",
      "reason": "fetch failed"
    },
    {
      "url": "https://www.jaquar.com/en/arc-3-hole-basin-mixer-antique-copper-finish",
      "reason": "fetch failed"
    },
    {
      "url": "https://www.jaquar.com/en/arc-3-hole-basin-mixer-antique-bronze-finish",
      "reason": "fetch failed"
    },
    {
      "url": "https://www.jaquar.com/en/3-hole-basin-mixer-chrome-3",
      "reason": "fetch failed"
    },
    {
      "url": "https://www.jaquar.com/en/arc-2way-divertor-stainless-steel",
      "reason": "fetch failed"
    },
    {
      "url": "https://www.jaquar.com/en/arc-2way-divertor-graphite",
      "reason": "fetch failed"
    },
    {
      "url": "https://www.jaquar.com/en/arc-2way-divertor-black-matt",
      "reason": "fetch failed"
    },
    {
      "url": "https://www.jaquar.com/en/arc-2way-divertor-black-chrome",
      "reason": "fetch failed"
    },
    {
      "url": "https://www.jaquar.com/en/arc-2way-divertor-antique-copper",
      "reason": "fetch failed"
    },
    {
      "url": "https://www.jaquar.com/en/exposed-parts-kit-of-joystick-concealed-diverter-chrome",
      "reason": "fetch failed"
    },
    {
      "url": "https://www.jaquar.com/en/arc-2way-divertor-antique-bronze",
      "reason": "fetch failed"
    },
    {
      "url": "https://www.jaquar.com/en/opal-prime-water-system",
      "reason": "fetch failed"
    },
    {
      "url": "https://www.jaquar.com/en/opel-prime-combi-system",
      "reason": "fetch failed"
    },
    {
      "url": "https://www.jaquar.com/en/opal-prime-5",
      "reason": "fetch failed"
    },
    {
      "url": "https://www.jaquar.com/en/arc-joystick-stainless-steel-basin-mixer",
      "reason": "fetch failed"
    },
    {
      "url": "https://www.jaquar.com/en/arc-joystick-graphite-basin-mixer",
      "reason": "fetch failed"
    },
    {
      "url": "https://www.jaquar.com/en/arc-joystick-black-matt-basin-mixer",
      "reason": "fetch failed"
    },
    {
      "url": "https://www.jaquar.com/en/arc-joystick-black-chrome-basin-mixer",
      "reason": "fetch failed"
    },
    {
      "url": "https://www.jaquar.com/en/arc-joystick-antique-copper-basin-mixer",
      "reason": "fetch failed"
    },
    {
      "url": "https://www.jaquar.com/en/arc-joystick-antique-bronze-basin-mixer",
      "reason": "fetch failed"
    },
    {
      "url": "https://www.jaquar.com/en/joystick-basin-mixer-chrome",
      "reason": "fetch failed"
    },
    {
      "url": "https://www.jaquar.com/en/ornamix-rimless-back-to-wall-wc",
      "reason": "fetch failed"
    },
    {
      "url": "https://www.jaquar.com/en/rimless-single-piece-wc",
      "reason": "fetch failed"
    },
    {
      "url": "https://www.jaquar.com/en/1840-s",
      "reason": "fetch failed"
    },
    {
      "url": "https://www.jaquar.com/en/110-us",
      "reason": "fetch failed"
    },
    {
      "url": "https://www.jaquar.com/en/1810-us",
      "reason": "fetch failed"
    },
    {
      "url": "https://www.jaquar.com/en/1110-uc",
      "reason": "fetch failed"
    },
    {
      "url": "https://www.jaquar.com/en/arc-4",
      "reason": "fetch failed"
    },
    {
      "url": "https://www.jaquar.com/en/queens-freestanding-bathtub-gold",
      "reason": "fetch failed"
    },
    {
      "url": "https://www.jaquar.com/en/arc-water-system",
      "reason": "fetch failed"
    },
    {
      "url": "https://www.jaquar.com/en/fusion-long-body-pillar-cock",
      "reason": "fetch failed"
    },
    {
      "url": "https://www.jaquar.com/en/sink-mixer-clarion-swinging-spout",
      "reason": "fetch failed"
    },
    {
      "url": "https://www.jaquar.com/en/wall-sink-mixer-clarion-swinging-spout",
      "reason": "fetch failed"
    },
    {
      "url": "https://www.jaquar.com/en/concealed-body-for-2flange-wall-basin-mixer-right-hand",
      "reason": "fetch failed"
    },
    {
      "url": "https://www.jaquar.com/en/concealed-body-for-2flange-wall-basin-mixer-left-hand",
      "reason": "fetch failed"
    },
    {
      "url": "https://www.jaquar.com/en/grey-mesh-lendge",
      "reason": "fetch failed"
    },
    {
      "url": "https://www.jaquar.com/en/rectangular-shower-tray-1200x1000",
      "reason": "fetch failed"
    },
    {
      "url": "https://www.jaquar.com/en/continental-square-washbasin-table-top",
      "reason": "fetch failed"
    },
    {
      "url": "https://www.jaquar.com/en/solo-wall-hung-toilet-seat-with-builtin-waterjet",
      "reason": "fetch failed"
    },
    {
      "url": "https://www.jaquar.com/en/joystick-divertor-body-2-way",
      "reason": "fetch failed"
    },
    {
      "url": "https://www.jaquar.com/en/concealed-body-for-joystick-wall-basin-mixer",
      "reason": "fetch failed"
    },
    {
      "url": "https://www.jaquar.com/en/body-shower-130x120mm-rectangular-shape-for-bath-shower",
      "reason": "fetch failed"
    },
    {
      "url": "https://www.jaquar.com/en/ornamix_prime-cbs-premium-bathroom-concept",
      "reason": "fetch failed"
    },
    {
      "url": "https://www.jaquar.com/en/alive-cbs-value-bathroom-concept",
      "reason": "fetch failed"
    },
    {
      "url": "https://www.jaquar.com/en/aquamax-fusion-3-way-thermostatic-single-lever-diverter-mixer",
      "reason": "fetch failed"
    },
    {
      "url": "https://www.jaquar.com/en/aquamax-aria-3-way-thermostatic-single-lever-diverter-mixer",
      "reason": "fetch failed"
    },
    {
      "url": "https://www.jaquar.com/en/aquamax-lyric-3-way-thermostatic-single-lever-diverter-mixer",
      "reason": "fetch failed"
    },
    {
      "url": "https://www.jaquar.com/en/aquamax-concealed-body-4",
      "reason": "fetch failed"
    },
    {
      "url": "https://www.jaquar.com/en/queens-freestanding-bathtub-chrome",
      "reason": "fetch failed"
    },
    {
      "url": "https://www.jaquar.com/en/shower-panels-curve-neo",
      "reason": "fetch failed"
    },
    {
      "url": "https://www.jaquar.com/en/bath-tub-arc-combi-system",
      "reason": "fetch failed"
    },
    {
      "url": "https://www.jaquar.com/en/kubix_prime-cbs-premium-bathroom-concept",
      "reason": "fetch failed"
    },
    {
      "url": "https://www.jaquar.com/en/solo-cbs-budget-bathroom-concept",
      "reason": "fetch failed"
    },
    {
      "url": "https://www.jaquar.com/en/lyric-cbs-budget-bathroom-concept",
      "reason": "fetch failed"
    },
    {
      "url": "https://www.jaquar.com/en/vignette_prime-cbs-premium-bathroom-concept",
      "reason": "fetch failed"
    },
    {
      "url": "https://www.jaquar.com/en/opal_prime-cbs-premium-bathroom-concept",
      "reason": "fetch failed"
    },
    {
      "url": "https://www.jaquar.com/en/automatic-wc-wall-hung",
      "reason": "fetch failed"
    },
    {
      "url": "https://www.jaquar.com/en/automatic-wc-singlepiece",
      "reason": "fetch failed"
    },
    {
      "url": "https://www.jaquar.com/en/stainless-steel-opal-prime-mixer-with-pop-up-waste-system",
      "reason": "fetch failed"
    },
    {
      "url": "https://www.jaquar.com/en/graphite-opal-prime-mixer-with-pop-up-waste-system",
      "reason": "fetch failed"
    },
    {
      "url": "https://www.jaquar.com/en/black-matt-opal-prime-mixer-with-pop-up-waste-system",
      "reason": "fetch failed"
    },
    {
      "url": "https://www.jaquar.com/en/black-chrome-opal-prime-mixer-with-pop-up-waste-system",
      "reason": "fetch failed"
    },
    {
      "url": "https://www.jaquar.com/en/antique-copper-opal-prime-mixer-with-pop-up-waste-system",
      "reason": "fetch failed"
    },
    {
      "url": "https://www.jaquar.com/en/antique-bronze-opal-prime-mixer-with-pop-up-waste-system",
      "reason": "fetch failed"
    },
    {
      "url": "https://www.jaquar.com/en/single-lever-basin-mixer-with-popup-waste-chrome-3",
      "reason": "fetch failed"
    },
    {
      "url": "https://www.jaquar.com/en/exposed-part-kit-stainless-steel",
      "reason": "fetch failed"
    },
    {
      "url": "https://www.jaquar.com/en/exposed-part-kit-graphite",
      "reason": "fetch failed"
    },
    {
      "url": "https://www.jaquar.com/en/exposed-part-kit-black-matt",
      "reason": "fetch failed"
    },
    {
      "url": "https://www.jaquar.com/en/exposed-part-kit-black-chrome",
      "reason": "fetch failed"
    },
    {
      "url": "https://www.jaquar.com/en/exposed-part-kit-antique-copper",
      "reason": "fetch failed"
    },
    {
      "url": "https://www.jaquar.com/en/exposed-part-kit-antique-bronze",
      "reason": "fetch failed"
    },
    {
      "url": "https://www.jaquar.com/en/exposed-part-kit-chrome",
      "reason": "fetch failed"
    },
    {
      "url": "https://www.jaquar.com/en/vignette-stainless-steel-basin-mixer-with-pop-up-waste-system",
      "reason": "fetch failed"
    },
    {
      "url": "https://www.jaquar.com/en/vignette-graphite-basin-mixer-with-pop-up-waste-system",
      "reason": "fetch failed"
    },
    {
      "url": "https://www.jaquar.com/en/vignette-black-matt-basin-mixer-with-pop-up-waste-system",
      "reason": "fetch failed"
    },
    {
      "url": "https://www.jaquar.com/en/vignette-black-chrome-basin-mixer-with-pop-up-waste-system",
      "reason": "fetch failed"
    },
    {
      "url": "https://www.jaquar.com/en/vignette-antique-copper-basin-mixer-with-pop-up-waste-system",
      "reason": "fetch failed"
    },
    {
      "url": "https://www.jaquar.com/en/vignette-antique-bronze-basin-mixer-with-pop-up-waste-system",
      "reason": "fetch failed"
    },
    {
      "url": "https://www.jaquar.com/en/single-lever-basin-mixer-chrome-7",
      "reason": "fetch failed"
    },
    {
      "url": "https://www.jaquar.com/en/vignette-stainless-steel-basin-mixer",
      "reason": "fetch failed"
    },
    {
      "url": "https://www.jaquar.com/en/vignette-graphite-basin-mixer",
      "reason": "fetch failed"
    },
    {
      "url": "https://www.jaquar.com/en/vignette-black-matt-basin-mixer",
      "reason": "fetch failed"
    },
    {
      "url": "https://www.jaquar.com/en/vignette-black-chrome-basin-mixer",
      "reason": "fetch failed"
    },
    {
      "url": "https://www.jaquar.com/en/vignette-antique-copper-basin-mixer",
      "reason": "fetch failed"
    },
    {
      "url": "https://www.jaquar.com/en/vignette-antique-bronze-basin-mixer",
      "reason": "fetch failed"
    },
    {
      "url": "https://www.jaquar.com/en/single-lever-basin-mixer-chrome-6",
      "reason": "fetch failed"
    },
    {
      "url": "https://www.jaquar.com/en/vignette-stainless-steel-basin-mixer-tall-boy",
      "reason": "fetch failed"
    },
    {
      "url": "https://www.jaquar.com/en/vignette-graphite-basin-mixer-tall-boy",
      "reason": "fetch failed"
    },
    {
      "url": "https://www.jaquar.com/en/vignette-black-matt-basin-mixer-tall-boy",
      "reason": "fetch failed"
    },
    {
      "url": "https://www.jaquar.com/en/vignette-black-chrome-basin-mixer-tall-boy",
      "reason": "fetch failed"
    },
    {
      "url": "https://www.jaquar.com/en/vignette-antique-copper-basin-mixer-tall-boy",
      "reason": "fetch failed"
    },
    {
      "url": "https://www.jaquar.com/en/vignette-antique-bronze-basin-mixer-tall-boy",
      "reason": "fetch failed"
    },
    {
      "url": "https://www.jaquar.com/en/single-lever-tall-boy-chrome-5",
      "reason": "fetch failed"
    },
    {
      "url": "https://www.jaquar.com/en/3-hole-basin-mixer-stainless-steel-2",
      "reason": "fetch failed"
    },
    {
      "url": "https://www.jaquar.com/en/3-hole-basin-mixer-graphite-2",
      "reason": "fetch failed"
    },
    {
      "url": "https://www.jaquar.com/en/3-hole-basin-mixer-black-matt-2",
      "reason": "fetch failed"
    },
    {
      "url": "https://www.jaquar.com/en/3-hole-basin-mixer-black-chrome-2",
      "reason": "fetch failed"
    },
    {
      "url": "https://www.jaquar.com/en/3-hole-basin-mixer-antique-copper-2",
      "reason": "fetch failed"
    },
    {
      "url": "https://www.jaquar.com/en/3-hole-basin-mixer-antique-bronze-2",
      "reason": "fetch failed"
    },
    {
      "url": "https://www.jaquar.com/en/3-hole-basin-mixer-chrome-2",
      "reason": "fetch failed"
    },
    {
      "url": "https://www.jaquar.com/en/3-hole-basin-mixer-stainless-steel",
      "reason": "fetch failed"
    },
    {
      "url": "https://www.jaquar.com/en/3-hole-basin-mixer-graphite",
      "reason": "fetch failed"
    },
    {
      "url": "https://www.jaquar.com/en/3-hole-basin-mixer-black-matt",
      "reason": "fetch failed"
    },
    {
      "url": "https://www.jaquar.com/en/3-hole-basin-mixer-black-chrome",
      "reason": "fetch failed"
    },
    {
      "url": "https://www.jaquar.com/en/3-hole-basin-mixer-antique-copper",
      "reason": "fetch failed"
    },
    {
      "url": "https://www.jaquar.com/en/3-hole-basin-mixer-antique-bronze",
      "reason": "fetch failed"
    },
    {
      "url": "https://www.jaquar.com/en/3-hole-basin-mixer-chrome",
      "reason": "fetch failed"
    },
    {
      "url": "https://www.jaquar.com/en/ornamix-prime-concealed-wall-basin-mixer-stainless-steel",
      "reason": "fetch failed"
    },
    {
      "url": "https://www.jaquar.com/en/ornamix-prime-concealed-wall-basin-mixer-graphite",
      "reason": "fetch failed"
    },
    {
      "url": "https://www.jaquar.com/en/ornamix-prime-concealed-wall-basin-mixer-black-matt",
      "reason": "fetch failed"
    },
    {
      "url": "https://www.jaquar.com/en/ornamix-prime-concealed-wall-basin-mixer-black-chrome",
      "reason": "fetch failed"
    },
    {
      "url": "https://www.jaquar.com/en/ornamix-prime-concealed-wall-basin-mixer-antique-copper",
      "reason": "fetch failed"
    },
    {
      "url": "https://www.jaquar.com/en/ornamix-prime-concealed-wall-basin-mixer-antique-bronze",
      "reason": "fetch failed"
    },
    {
      "url": "https://www.jaquar.com/en/single-lever-basin-mixer-chrome-5",
      "reason": "fetch failed"
    },
    {
      "url": "https://www.jaquar.com/en/ornamix-prime-mixer-with-pop-up-waste-system-stainless-steel",
      "reason": "fetch failed"
    },
    {
      "url": "https://www.jaquar.com/en/ornamix-prime-mixer-with-pop-up-waste-system-graphite",
      "reason": "fetch failed"
    },
    {
      "url": "https://www.jaquar.com/en/ornamix-prime-mixer-with-pop-up-waste-system-black-matt",
      "reason": "fetch failed"
    },
    {
      "url": "https://www.jaquar.com/en/ornamix-prime-mixer-with-pop-up-waste-system-black-chrome",
      "reason": "fetch failed"
    },
    {
      "url": "https://www.jaquar.com/en/ornamix-prime-mixer-with-pop-up-waste-system-antique-copper",
      "reason": "fetch failed"
    },
    {
      "url": "https://www.jaquar.com/en/ornamix-prime-mixer-with-pop-up-waste-system-antique-bronze",
      "reason": "fetch failed"
    },
    {
      "url": "https://www.jaquar.com/en/single-lever-basin-mixer-with-popup-chrome",
      "reason": "fetch failed"
    },
    {
      "url": "https://www.jaquar.com/en/alive-basin-mixer-tall-boy-stainless-steel",
      "reason": "fetch failed"
    },
    {
      "url": "https://www.jaquar.com/en/alive-basin-mixer-tall-boy-graphite",
      "reason": "fetch failed"
    },
    {
      "url": "https://www.jaquar.com/en/alive-basin-mixer-tall-boy-black-matt",
      "reason": "fetch failed"
    },
    {
      "url": "https://www.jaquar.com/en/ornamix-prime-stainless-steel-basin-mixer",
      "reason": "fetch failed"
    },
    {
      "url": "https://www.jaquar.com/en/ornamix-prime-graphite-basin-mixer",
      "reason": "fetch failed"
    },
    {
      "url": "https://www.jaquar.com/en/alive-basin-mixer-tall-boy-black-chrome",
      "reason": "fetch failed"
    },
    {
      "url": "https://www.jaquar.com/en/alive-basin-mixer-tall-boy-antique-copper",
      "reason": "fetch failed"
    },
    {
      "url": "https://www.jaquar.com/en/alive-basin-mixer-tall-boy-antique-bronze",
      "reason": "fetch failed"
    },
    {
      "url": "https://www.jaquar.com/en/single-lever-tall-boy-chrome-4",
      "reason": "fetch failed"
    },
    {
      "url": "https://www.jaquar.com/en/ornamix-prime-black-matt-basin-mixer",
      "reason": "fetch failed"
    },
    {
      "url": "https://www.jaquar.com/en/ornamix-prime-black-chrome-basin-mixer",
      "reason": "fetch failed"
    },
    {
      "url": "https://www.jaquar.com/en/ornamix-prime-antique-copper-basin-mixer",
      "reason": "fetch failed"
    },
    {
      "url": "https://www.jaquar.com/en/ornamix-prime-antique-bronze-basin-mixer",
      "reason": "fetch failed"
    },
    {
      "url": "https://www.jaquar.com/en/single-lever-basin-mixer-chrome-4",
      "reason": "fetch failed"
    },
    {
      "url": "https://www.jaquar.com/en/ornamix-prime-stainless-steel-basin-mixer-tall-boy",
      "reason": "fetch failed"
    },
    {
      "url": "https://www.jaquar.com/en/ornamix-prime-graphite-basin-mixer-tall-boy",
      "reason": "fetch failed"
    },
    {
      "url": "https://www.jaquar.com/en/ornamix-prime-black-matt-basin-mixer-tall-boy",
      "reason": "fetch failed"
    },
    {
      "url": "https://www.jaquar.com/en/ornamix-prime-black-chrome-basin-mixer-tall-boy",
      "reason": "fetch failed"
    },
    {
      "url": "https://www.jaquar.com/en/ornamix-prime-antique-copper-basin-mixer-tall-boy",
      "reason": "fetch failed"
    },
    {
      "url": "https://www.jaquar.com/en/ornamix-prime-antique-bronze-basin-mixer-tall-boy",
      "reason": "fetch failed"
    },
    {
      "url": "https://www.jaquar.com/en/single-lever-tall-boy-chrome-2",
      "reason": "fetch failed"
    },
    {
      "url": "https://www.jaquar.com/en/opal-prime-stainless-steel-concealed-wall-basin-mixer-kit",
      "reason": "fetch failed"
    },
    {
      "url": "https://www.jaquar.com/en/opal-prime-graphite-concealed-wall-basin-mixer-kit",
      "reason": "fetch failed"
    },
    {
      "url": "https://www.jaquar.com/en/opal-prime-black-matt-concealed-wall-basin-mixer-kit",
      "reason": "fetch failed"
    },
    {
      "url": "https://www.jaquar.com/en/opal-prime-black-chrome-concealed-wall-basin-mixer-kit",
      "reason": "fetch failed"
    },
    {
      "url": "https://www.jaquar.com/en/opal-prime-antique-bronze-concealed-wall-basin-mixer-kit",
      "reason": "fetch failed"
    },
    {
      "url": "https://www.jaquar.com/en/opal-prime-antique-copper-concealed-wall-basin-mixer-kit",
      "reason": "fetch failed"
    },
    {
      "url": "https://www.jaquar.com/en/exposed-part-kit-of-single-lever-basin-mixer-chrome",
      "reason": "fetch failed"
    },
    {
      "url": "https://www.jaquar.com/en/opal-prime-basin-mixer-stainless-steel",
      "reason": "fetch failed"
    },
    {
      "url": "https://www.jaquar.com/en/opal-prime-basin-mixer-graphite",
      "reason": "fetch failed"
    },
    {
      "url": "https://www.jaquar.com/en/opal-prime-basin-mixer-black-matt",
      "reason": "fetch failed"
    },
    {
      "url": "https://www.jaquar.com/en/opal-prime-basin-mixer-black-chrome",
      "reason": "fetch failed"
    },
    {
      "url": "https://www.jaquar.com/en/opal-prime-basin-mixer-antique-copper",
      "reason": "fetch failed"
    },
    {
      "url": "https://www.jaquar.com/en/opal-prime-basin-mixer-antique-bronze",
      "reason": "fetch failed"
    },
    {
      "url": "https://www.jaquar.com/en/single-lever-basin-mixer-chrome-3",
      "reason": "fetch failed"
    },
    {
      "url": "https://www.jaquar.com/en/opal-prime-stainless-steel-basin-mixer-tall-boy",
      "reason": "fetch failed"
    },
    {
      "url": "https://www.jaquar.com/en/opal-prime-graphite-basin-mixer-tall-boy",
      "reason": "fetch failed"
    },
    {
      "url": "https://www.jaquar.com/en/opal-prime-black-matt-basin-mixer-tall-boy",
      "reason": "fetch failed"
    },
    {
      "url": "https://www.jaquar.com/en/opal-prime-black-chrome-basin-mixer-tall-boy",
      "reason": "fetch failed"
    },
    {
      "url": "https://www.jaquar.com/en/opal-prime-antique-copper-basin-mixer-tall-boy",
      "reason": "fetch failed"
    },
    {
      "url": "https://www.jaquar.com/en/opal-prime-antique-bronze-basin-mixer-tall-boy",
      "reason": "fetch failed"
    },
    {
      "url": "https://www.jaquar.com/en/single-lever-high-neck-basin-mixer-chrome",
      "reason": "fetch failed"
    },
    {
      "url": "https://www.jaquar.com/en/kubix-prime-mixer-with-pop-up-waste-stainless-steel",
      "reason": "fetch failed"
    },
    {
      "url": "https://www.jaquar.com/en/kubix-prime-mixer-with-pop-up-waste-system-graphite",
      "reason": "fetch failed"
    },
    {
      "url": "https://www.jaquar.com/en/kubix-prime-mixer-with-pop-up-waste-black-matt",
      "reason": "fetch failed"
    },
    {
      "url": "https://www.jaquar.com/en/kubix-prime-mixer-with-pop-up-waste-black-chrome",
      "reason": "fetch failed"
    },
    {
      "url": "https://www.jaquar.com/en/kubix-prime-mixer-with-pop-up-waste-antique-copper",
      "reason": "fetch failed"
    },
    {
      "url": "https://www.jaquar.com/en/kubix-prime-mixer-with-pop-up-waste-antique-bronze",
      "reason": "fetch failed"
    },
    {
      "url": "https://www.jaquar.com/en/single-lever-basin-mixer-with-popup-waste-chrome",
      "reason": "fetch failed"
    },
    {
      "url": "https://www.jaquar.com/en/kubix-prime-basin-mixer-tall-boy-stainless-steel",
      "reason": "fetch failed"
    },
    {
      "url": "https://www.jaquar.com/en/kubix-prime-basin-mixer-tall-boy-graphite",
      "reason": "fetch failed"
    },
    {
      "url": "https://www.jaquar.com/en/kubix-prime-basin-mixer-tall-boy-black-matt",
      "reason": "fetch failed"
    },
    {
      "url": "https://www.jaquar.com/en/kubix-prime-basin-mixer-tall-boy-black-chrome",
      "reason": "fetch failed"
    },
    {
      "url": "https://www.jaquar.com/en/kubix-prime-basin-mixer-tall-boy-antique-copper",
      "reason": "fetch failed"
    },
    {
      "url": "https://www.jaquar.com/en/kubix-prime-basin-mixer-tall-boy-antique-bronze",
      "reason": "fetch failed"
    },
    {
      "url": "https://www.jaquar.com/en/single-lever-tall-boy-chrome",
      "reason": "fetch failed"
    },
    {
      "url": "https://www.jaquar.com/en/alive-stainless-steel-concealed-wall-basin-mixer",
      "reason": "fetch failed"
    },
    {
      "url": "https://www.jaquar.com/en/alive-graphite-concealed-wall-basin-mixer",
      "reason": "fetch failed"
    },
    {
      "url": "https://www.jaquar.com/en/alive-black-matt-concealed-wall-basin-mixer",
      "reason": "fetch failed"
    },
    {
      "url": "https://www.jaquar.com/en/alive-black-chrome-concealed-wall-basin-mixer",
      "reason": "fetch failed"
    },
    {
      "url": "https://www.jaquar.com/en/alive-antique-copper-concealed-wall-basin-mixer",
      "reason": "fetch failed"
    },
    {
      "url": "https://www.jaquar.com/en/alive-antique-bronze-concealed-wall-basin-mixer",
      "reason": "fetch failed"
    },
    {
      "url": "https://www.jaquar.com/en/exposed-part-kit-of-single-lever-basin-mixer-wall-mounted-chrome",
      "reason": "fetch failed"
    },
    {
      "url": "https://www.jaquar.com/en/alive-stainless-steel-basin-mixer-with-pop-up-waste-system",
      "reason": "fetch failed"
    },
    {
      "url": "https://www.jaquar.com/en/alive-graphite-basin-mixer-with-pop-up-waste-system",
      "reason": "fetch failed"
    },
    {
      "url": "https://www.jaquar.com/en/central-hole-basin-mixer-with-popup-waste-stainless-steel",
      "reason": "fetch failed"
    },
    {
      "url": "https://www.jaquar.com/en/central-hole-basin-mixer-with-popup-waste-graphite",
      "reason": "fetch failed"
    },
    {
      "url": "https://www.jaquar.com/en/alive-black-matt-basin-mixer-with-pop-up-waste-system",
      "reason": "fetch failed"
    },
    {
      "url": "https://www.jaquar.com/en/central-hole-basin-mixer-with-popup-waste-black-matt",
      "reason": "fetch failed"
    },
    {
      "url": "https://www.jaquar.com/en/central-hole-basin-mixer-with-popup-waste-black-chrome",
      "reason": "fetch failed"
    },
    {
      "url": "https://www.jaquar.com/en/central-hole-basin-mixer-with-popup-waste-antique-copper",
      "reason": "fetch failed"
    },
    {
      "url": "https://www.jaquar.com/en/central-hole-basin-mixer-with-popup-waste-antique-bronze",
      "reason": "fetch failed"
    },
    {
      "url": "https://www.jaquar.com/en/alive-black-chrome-basin-mixer-with-pop-up-waste-system",
      "reason": "fetch failed"
    },
    {
      "url": "https://www.jaquar.com/en/central-hole-basin-mixer-with-popup-waste-chrome",
      "reason": "fetch failed"
    },
    {
      "url": "https://www.jaquar.com/en/alive-antique-copper-basin-mixer-with-pop-up-waste-system",
      "reason": "fetch failed"
    },
    {
      "url": "https://www.jaquar.com/en/central-hole-basin-mixer-stainless-steel",
      "reason": "fetch failed"
    },
    {
      "url": "https://www.jaquar.com/en/central-hole-basin-mixer-graphite",
      "reason": "fetch failed"
    },
    {
      "url": "https://www.jaquar.com/en/central-hole-basin-mixer-black-matt",
      "reason": "fetch failed"
    },
    {
      "url": "https://www.jaquar.com/en/central-hole-basin-mixer-black-chrome",
      "reason": "fetch failed"
    },
    {
      "url": "https://www.jaquar.com/en/central-hole-basin-mixer-antique-copper",
      "reason": "fetch failed"
    },
    {
      "url": "https://www.jaquar.com/en/central-hole-basin-mixer-antique-bronze",
      "reason": "fetch failed"
    },
    {
      "url": "https://www.jaquar.com/en/central-hole-basin-mixer-chrome",
      "reason": "fetch failed"
    },
    {
      "url": "https://www.jaquar.com/en/alive-antique-bronze-basin-mixer-with-pop-up-waste-system",
      "reason": "fetch failed"
    },
    {
      "url": "https://www.jaquar.com/en/single-lever-basin-mixer-chrome-2",
      "reason": "fetch failed"
    },
    {
      "url": "https://www.jaquar.com/en/pillar-cock-stainless-steel",
      "reason": "fetch failed"
    },
    {
      "url": "https://www.jaquar.com/en/pillar-cock-graphite",
      "reason": "fetch failed"
    },
    {
      "url": "https://www.jaquar.com/en/pillar-cock-black-matt",
      "reason": "fetch failed"
    },
    {
      "url": "https://www.jaquar.com/en/pillar-cock-black-chrome",
      "reason": "fetch failed"
    },
    {
      "url": "https://www.jaquar.com/en/pillar-cock-antique-copper",
      "reason": "fetch failed"
    },
    {
      "url": "https://www.jaquar.com/en/pillar-cock-antique-bronze",
      "reason": "fetch failed"
    },
    {
      "url": "https://www.jaquar.com/en/pillar-cock-chrome",
      "reason": "fetch failed"
    },
    {
      "url": "https://www.jaquar.com/en/kubix-prime-basin-mixer-graphite",
      "reason": "fetch failed"
    },
    {
      "url": "https://www.jaquar.com/en/kubix-prime-basin-mixer-stainless-steel",
      "reason": "fetch failed"
    },
    {
      "url": "https://www.jaquar.com/en/kubix-prime-basin-mixer-black-matt",
      "reason": "fetch failed"
    },
    {
      "url": "https://www.jaquar.com/en/kubix-prime-basin-mixer-black-chrome",
      "reason": "fetch failed"
    },
    {
      "url": "https://www.jaquar.com/en/kubix-prime-basin-mixer-antique-copper",
      "reason": "fetch failed"
    },
    {
      "url": "https://www.jaquar.com/en/kubix-prime-basin-mixer-antique-bronze",
      "reason": "fetch failed"
    },
    {
      "url": "https://www.jaquar.com/en/single-lever-basin-mixer-chrome",
      "reason": "fetch failed"
    },
    {
      "url": "https://www.jaquar.com/en/alive-stainless-steel-basin-mixer",
      "reason": "fetch failed"
    },
    {
      "url": "https://www.jaquar.com/en/alive-graphite-basin-mixer",
      "reason": "fetch failed"
    },
    {
      "url": "https://www.jaquar.com/en/alive-black-matt-basin-mixer",
      "reason": "fetch failed"
    },
    {
      "url": "https://www.jaquar.com/en/alive-black-chrome-basin-mixer",
      "reason": "fetch failed"
    },
    {
      "url": "https://www.jaquar.com/en/single-lever-basin-mixer-1",
      "reason": "fetch failed"
    },
    {
      "url": "https://www.jaquar.com/en/alive-antique-copper-basin-mixer",
      "reason": "fetch failed"
    },
    {
      "url": "https://www.jaquar.com/en/alive-antique-bronze-basin-mixer",
      "reason": "fetch failed"
    },
    {
      "url": "https://www.jaquar.com/en/aria-aquamax-exposed-part-kit-of-3-way-diverter-thermostatic-shower-mixer",
      "reason": "fetch failed"
    },
    {
      "url": "https://www.jaquar.com/en/aquamax-aria-2-way",
      "reason": "fetch failed"
    },
    {
      "url": "https://www.jaquar.com/en/aquamax-aria",
      "reason": "fetch failed"
    },
    {
      "url": "https://www.jaquar.com/en/aquamax-3-way-thermostatic-mixer-concealed-body",
      "reason": "fetch failed"
    },
    {
      "url": "https://www.jaquar.com/en/aquamax-2-way-thermostatic-mixer-concealed-body",
      "reason": "fetch failed"
    },
    {
      "url": "https://www.jaquar.com/en/aquamax-thermostatic-mixer-concealed-body",
      "reason": "fetch failed"
    },
    {
      "url": "https://www.jaquar.com/en/floor-mounted-automatic-wc-bidspa-prime-remote-controlled",
      "reason": "fetch failed"
    },
    {
      "url": "https://www.jaquar.com/en/l-elena-horizontal-water-heater-25-litres",
      "reason": "fetch failed"
    },
    {
      "url": "https://www.jaquar.com/en/l-elena-horizontal-water-heater-15-litres",
      "reason": "fetch failed"
    },
    {
      "url": "https://www.jaquar.com/en/integra-split-water-heater-300-litres",
      "reason": "fetch failed"
    },
    {
      "url": "https://www.jaquar.com/en/i-flush-20mm-fp",
      "reason": "fetch failed"
    },
    {
      "url": "https://www.jaquar.com/en/i-flush-32mm-fs",
      "reason": "fetch failed"
    },
    {
      "url": "https://www.jaquar.com/en/i-flush-20mm-fs",
      "reason": "fetch failed"
    },
    {
      "url": "https://www.jaquar.com/en/i-flush-32mm-fp",
      "reason": "fetch failed"
    },
    {
      "url": "https://www.jaquar.com/en/continental-two-piece-wc-p-trap-soft-close-seat-cover",
      "reason": "fetch failed"
    },
    {
      "url": "https://www.jaquar.com/en/blind-installation-wc-rimless-aria",
      "reason": "fetch failed"
    },
    {
      "url": "https://www.jaquar.com/en/wallhung-washbasin-half-pedestal-aria",
      "reason": "fetch failed"
    },
    {
      "url": "https://www.jaquar.com/en/ornamix-single-piece-wc",
      "reason": "fetch failed"
    },
    {
      "url": "https://www.jaquar.com/en/blind-installation-wc-rimless-ornamix",
      "reason": "fetch failed"
    },
    {
      "url": "https://www.jaquar.com/en/ornamix-wallhung-integrated-washbasin",
      "reason": "fetch failed"
    },
    {
      "url": "https://www.jaquar.com/en/washbasin-table-top-ornamix",
      "reason": "fetch failed"
    },
    {
      "url": "https://www.jaquar.com/en/blind-installation-wc-rimless-solo",
      "reason": "fetch failed"
    },
    {
      "url": "https://www.jaquar.com/en/semi-recessed-washbasin",
      "reason": "fetch failed"
    },
    {
      "url": "https://www.jaquar.com/en/whirlpool-fonte-170wx",
      "reason": "fetch failed"
    },
    {
      "url": "https://www.jaquar.com/en/whirlpool-fonte-150wx",
      "reason": "fetch failed"
    },
    {
      "url": "https://www.jaquar.com/en/whirlpool-fonte-180wx",
      "reason": "fetch failed"
    },
    {
      "url": "https://www.jaquar.com/en/whirlpool-corner-fusion-140wxac",
      "reason": "fetch failed"
    },
    {
      "url": "https://www.jaquar.com/en/whirlpool-vignette-prime-190wx",
      "reason": "fetch failed"
    },
    {
      "url": "https://www.jaquar.com/en/whirlpool-darc-180wx",
      "reason": "fetch failed"
    },
    {
      "url": "https://www.jaquar.com/en/whirlpool-round-fonte-150wx",
      "reason": "fetch failed"
    },
    {
      "url": "https://www.jaquar.com/en/whirlpool-kubix-180wx",
      "reason": "fetch failed"
    },
    {
      "url": "https://www.jaquar.com/en/whirlpool-alive-180wx",
      "reason": "fetch failed"
    },
    {
      "url": "https://www.jaquar.com/en/whirlpool-kubix-prime-180wx",
      "reason": "fetch failed"
    },
    {
      "url": "https://www.jaquar.com/en/integra-split-water-heater-500-litres",
      "reason": "fetch failed"
    },
    {
      "url": "https://www.jaquar.com/en/integra-split-water-heater-400-litres",
      "reason": "fetch failed"
    },
    {
      "url": "https://www.jaquar.com/en/integra-water-heater-200-litres",
      "reason": "fetch failed"
    },
    {
      "url": "https://www.jaquar.com/en/thin-rim-table-top-basin-round-opal",
      "reason": "fetch failed"
    },
    {
      "url": "https://www.jaquar.com/en/oval-thin-rim-washbasin-table-top",
      "reason": "fetch failed"
    },
    {
      "url": "https://www.jaquar.com/en/wallhung-rimless-wc-aria",
      "reason": "fetch failed"
    },
    {
      "url": "https://www.jaquar.com/en/urs-wht-13263-urinal",
      "reason": "fetch failed"
    },
    {
      "url": "https://www.jaquar.com/en/platform-washbasin-side-faucet",
      "reason": "fetch failed"
    },
    {
      "url": "https://www.jaquar.com/en/washbasin-pedestal-wallhung-continental",
      "reason": "fetch failed"
    },
    {
      "url": "https://www.jaquar.com/en/wallhung-washbasin-half-pedestal-lyric",
      "reason": "fetch failed"
    },
    {
      "url": "https://www.jaquar.com/en/wallhung-washbasin-full-pedestal-lyric",
      "reason": "fetch failed"
    },
    {
      "url": "https://www.jaquar.com/en/elenaprime-25-litres-water-heater",
      "reason": "fetch failed"
    },
    {
      "url": "https://www.jaquar.com/en/elena-15-litres-electric-hot-water-heater",
      "reason": "fetch failed"
    },
    {
      "url": "https://www.jaquar.com/en/elenaprime-10-litres-water-heater",
      "reason": "fetch failed"
    },
    {
      "url": "https://www.jaquar.com/en/elena-6-litres-water-heater",
      "reason": "fetch failed"
    },
    {
      "url": "https://www.jaquar.com/en/whirlpool-drainpipe-100mm",
      "reason": "fetch failed"
    },
    {
      "url": "https://www.jaquar.com/en/whirlpool-drainpipe-80mm",
      "reason": "fetch failed"
    },
    {
      "url": "https://www.jaquar.com/en/vignette-single-piece-wc-p-trap",
      "reason": "fetch failed"
    },
    {
      "url": "https://www.jaquar.com/en/shower-panels-myhome",
      "reason": "fetch failed"
    },
    {
      "url": "https://www.jaquar.com/en/smart-vapour-sauna",
      "reason": "fetch failed"
    },
    {
      "url": "https://www.jaquar.com/en/steam-generator-control-plate",
      "reason": "fetch failed"
    },
    {
      "url": "https://www.jaquar.com/en/spa-aqua-swim-swimming-pool",
      "reason": "fetch failed"
    },
    {
      "url": "https://www.jaquar.com/en/spa-avante-2seater",
      "reason": "fetch failed"
    },
    {
      "url": "https://www.jaquar.com/en/frame-whirlpool-bathtub",
      "reason": "fetch failed"
    },
    {
      "url": "https://www.jaquar.com/en/base-europa-kit-bathtubs",
      "reason": "fetch failed"
    },
    {
      "url": "https://www.jaquar.com/en/headrest-whirlpool-comfort",
      "reason": "fetch failed"
    },
    {
      "url": "https://www.jaquar.com/en/headrest-whirlpool-sophi",
      "reason": "fetch failed"
    },
    {
      "url": "https://www.jaquar.com/en/whirlpool-drainpipe-70mm",
      "reason": "fetch failed"
    },
    {
      "url": "https://www.jaquar.com/en/bathtub-drainpipe",
      "reason": "fetch failed"
    },
    {
      "url": "https://www.jaquar.com/en/ald-235",
      "reason": "fetch failed"
    },
    {
      "url": "https://www.jaquar.com/en/sauna-relaxo",
      "reason": "fetch failed"
    },
    {
      "url": "https://www.jaquar.com/en/wc-rimless-arc",
      "reason": "fetch failed"
    },
    {
      "url": "https://www.jaquar.com/en/wallhung-washbasin-aria",
      "reason": "fetch failed"
    },
    {
      "url": "https://www.jaquar.com/en/washbasin-under-counter-fusion",
      "reason": "fetch failed"
    },
    {
      "url": "https://www.jaquar.com/en/built-in-bathtub-darc180",
      "reason": "fetch failed"
    },
    {
      "url": "https://www.jaquar.com/en/built-in-bathtub-fonte150x",
      "reason": "fetch failed"
    },
    {
      "url": "https://www.jaquar.com/en/built-in-bathtub-kubix-prime",
      "reason": "fetch failed"
    },
    {
      "url": "https://www.jaquar.com/en/built-in-bathtub-fonte170x",
      "reason": "fetch failed"
    },
    {
      "url": "https://www.jaquar.com/en/steam-cabin-corner",
      "reason": "fetch failed"
    },
    {
      "url": "https://www.jaquar.com/en/concealed-stop-cock-ald-chr-089cqt",
      "reason": "fetch failed"
    },
    {
      "url": "https://www.jaquar.com/en/ald-chr-081",
      "reason": "fetch failed"
    },
    {
      "url": "https://www.jaquar.com/en/concealed-stop-cock-ald-chr-083cqt",
      "reason": "fetch failed"
    },
    {
      "url": "https://www.jaquar.com/en/ald-chr-069",
      "reason": "fetch failed"
    },
    {
      "url": "https://www.jaquar.com/en/concealed-stop-cock-ald-chr-089ft",
      "reason": "fetch failed"
    },
    {
      "url": "https://www.jaquar.com/en/ald-chr-087ft",
      "reason": "fetch failed"
    },
    {
      "url": "https://www.jaquar.com/en/concealed-stop-cock-ald-chr-083ft",
      "reason": "fetch failed"
    },
    {
      "url": "https://www.jaquar.com/en/ald-chr-069ft",
      "reason": "fetch failed"
    },
    {
      "url": "https://www.jaquar.com/en/fonte-170cx",
      "reason": "fetch failed"
    },
    {
      "url": "https://www.jaquar.com/en/whirlpool-kubix-prime-180cx",
      "reason": "fetch failed"
    },
    {
      "url": "https://www.jaquar.com/en/wall-mounted-wash-basin-aria",
      "reason": "fetch failed"
    },
    {
      "url": "https://www.jaquar.com/en/vignette-rimless-wc",
      "reason": "fetch failed"
    },
    {
      "url": "https://www.jaquar.com/en/grab-bar-vertical-swing-satin",
      "reason": "fetch failed"
    },
    {
      "url": "https://www.jaquar.com/en/grab-bar-for-toilets-692mm-satin",
      "reason": "fetch failed"
    },
    {
      "url": "https://www.jaquar.com/en/single-lever-exposed-hand-shower-mixer-aria",
      "reason": "fetch failed"
    },
    {
      "url": "https://www.jaquar.com/en/single-lever-exposed-hand-shower-mixer-lyric",
      "reason": "fetch failed"
    },
    {
      "url": "https://www.jaquar.com/en/sauna-kubix",
      "reason": "fetch failed"
    },
    {
      "url": "https://www.jaquar.com/en/shower-panels-infinity-white",
      "reason": "fetch failed"
    },
    {
      "url": "https://www.jaquar.com/en/shower-panels-infinity-black",
      "reason": "fetch failed"
    },
    {
      "url": "https://www.jaquar.com/en/spa-nirwana-5seater",
      "reason": "fetch failed"
    },
    {
      "url": "https://www.jaquar.com/en/spa-fisher-2seater",
      "reason": "fetch failed"
    },
    {
      "url": "https://www.jaquar.com/en/freestanding-bathtub-saipan",
      "reason": "fetch failed"
    },
    {
      "url": "https://www.jaquar.com/en/freestanding-bathtub-alaska",
      "reason": "fetch failed"
    },
    {
      "url": "https://www.jaquar.com/en/freestanding-bathtub-julia",
      "reason": "fetch failed"
    },
    {
      "url": "https://www.jaquar.com/en/freestanding-bathtub-eggy",
      "reason": "fetch failed"
    },
    {
      "url": "https://www.jaquar.com/en/shower-panels-glassy-black",
      "reason": "fetch failed"
    },
    {
      "url": "https://www.jaquar.com/en/shower-panels-shinny",
      "reason": "fetch failed"
    },
    {
      "url": "https://www.jaquar.com/en/shower-panels-selfy",
      "reason": "fetch failed"
    },
    {
      "url": "https://www.jaquar.com/en/shower-panels-4",
      "reason": "fetch failed"
    },
    {
      "url": "https://www.jaquar.com/en/ald-chr-441",
      "reason": "fetch failed"
    },
    {
      "url": "https://www.jaquar.com/en/washbasin-alive-counter-top",
      "reason": "fetch failed"
    },
    {
      "url": "https://www.jaquar.com/en/washbasin-counter-top-darc",
      "reason": "fetch failed"
    },
    {
      "url": "https://www.jaquar.com/en/built-in-bathtub-fusion-corner",
      "reason": "fetch failed"
    },
    {
      "url": "https://www.jaquar.com/en/built-in-bathtub-vignette-prime",
      "reason": "fetch failed"
    },
    {
      "url": "https://www.jaquar.com/en/built-in-bathtub-fonte180x",
      "reason": "fetch failed"
    },
    {
      "url": "https://www.jaquar.com/en/built-in-bathtub-alive",
      "reason": "fetch failed"
    },
    {
      "url": "https://www.jaquar.com/en/built-in-bathtub-fonte150x-2",
      "reason": "fetch failed"
    },
    {
      "url": "https://www.jaquar.com/en/bathtub-kubix-180x",
      "reason": "fetch failed"
    },
    {
      "url": "https://www.jaquar.com/en/washbasin-square-counter-top",
      "reason": "fetch failed"
    },
    {
      "url": "https://www.jaquar.com/en/continental-wallhung-extended-wc-soft-close-cover",
      "reason": "fetch failed"
    },
    {
      "url": "https://www.jaquar.com/en/continental-wc-cns-wht-961s",
      "reason": "fetch failed"
    },
    {
      "url": "https://www.jaquar.com/en/sensotronic-rectangular-sensor-tap",
      "reason": "fetch failed"
    },
    {
      "url": "https://www.jaquar.com/en/steam-cabin-corner-square",
      "reason": "fetch failed"
    },
    {
      "url": "https://www.jaquar.com/en/3-litres-instant-water-heater",
      "reason": "fetch failed"
    },
    {
      "url": "https://www.jaquar.com/en/1-litre-instant-water-heater",
      "reason": "fetch failed"
    },
    {
      "url": "https://www.jaquar.com/en/sauna-serene",
      "reason": "fetch failed"
    },
    {
      "url": "https://www.jaquar.com/en/whirlpool-fonte-180cx",
      "reason": "fetch failed"
    },
    {
      "url": "https://www.jaquar.com/en/whirlpool-corner-fusion-140cx",
      "reason": "fetch failed"
    },
    {
      "url": "https://www.jaquar.com/en/whirlpool-vignette-prime-190cx",
      "reason": "fetch failed"
    },
    {
      "url": "https://www.jaquar.com/en/whirlpool-round-fonte-150cx",
      "reason": "fetch failed"
    },
    {
      "url": "https://www.jaquar.com/en/whirlpool-darc-180cx",
      "reason": "fetch failed"
    },
    {
      "url": "https://www.jaquar.com/en/whirlpool-alive-180cx",
      "reason": "fetch failed"
    },
    {
      "url": "https://www.jaquar.com/en/whirlpool-kubix-180cx",
      "reason": "fetch failed"
    },
    {
      "url": "https://www.jaquar.com/en/washbasin-counter-top-kubix",
      "reason": "fetch failed"
    },
    {
      "url": "https://www.jaquar.com/en/washbasin-counter-top-florentine",
      "reason": "fetch failed"
    },
    {
      "url": "https://www.jaquar.com/en/washbasin-counter-top-solo",
      "reason": "fetch failed"
    },
    {
      "url": "https://www.jaquar.com/en/solo-two-piece-wc-180mm",
      "reason": "fetch failed"
    },
    {
      "url": "https://www.jaquar.com/en/wallhung-washbasin-pedestal-florentine",
      "reason": "fetch failed"
    },
    {
      "url": "https://www.jaquar.com/en/wallhung-washbasin-pedestal-solo",
      "reason": "fetch failed"
    },
    {
      "url": "https://www.jaquar.com/en/wallhung-washbasin-half-pedestal-solo",
      "reason": "fetch failed"
    },
    {
      "url": "https://www.jaquar.com/en/wallhung-washbasin-half-pedestal-fonte",
      "reason": "fetch failed"
    },
    {
      "url": "https://www.jaquar.com/en/wallhung-washbasin-full-pedestal-fonte",
      "reason": "fetch failed"
    },
    {
      "url": "https://www.jaquar.com/en/spa-gemini-2seater",
      "reason": "fetch failed"
    },
    {
      "url": "https://www.jaquar.com/en/hydro-swim-spa-5-seater",
      "reason": "fetch failed"
    },
    {
      "url": "https://www.jaquar.com/en/fusion-basin-mixer-150mm-tall-boy-extended-spout",
      "reason": "fetch failed"
    },
    {
      "url": "https://www.jaquar.com/en/r-elena-horizontal-water-heater-25-litres",
      "reason": "fetch failed"
    },
    {
      "url": "https://www.jaquar.com/en/r-elena-horizontal-water-heater-15-litres",
      "reason": "fetch failed"
    },
    {
      "url": "https://www.jaquar.com/en/floor-mount-water-heater-500-litres",
      "reason": "fetch failed"
    },
    {
      "url": "https://www.jaquar.com/en/floor-mount-water-heater-400-litres",
      "reason": "fetch failed"
    },
    {
      "url": "https://www.jaquar.com/en/floor-mount-water-heater-300-litres",
      "reason": "fetch failed"
    },
    {
      "url": "https://www.jaquar.com/en/elena-water-heater-10-litres-hindi",
      "reason": "fetch failed"
    },
    {
      "url": "https://www.jaquar.com/en/elena-water-heater-25-litres",
      "reason": "fetch failed"
    },
    {
      "url": "https://www.jaquar.com/en/elena-water-heater-15-litres",
      "reason": "fetch failed"
    },
    {
      "url": "https://www.jaquar.com/en/elena-electric-water-heater-6-litres",
      "reason": "fetch failed"
    },
    {
      "url": "https://www.jaquar.com/en/slim-concealed-cistern-floor-mount-stand",
      "reason": "fetch failed"
    },
    {
      "url": "https://www.jaquar.com/en/slim-concealed-cistern-single-piece",
      "reason": "fetch failed"
    },
    {
      "url": "https://www.jaquar.com/en/black-overhead-circular-led-shower",
      "reason": "fetch failed"
    },
    {
      "url": "https://www.jaquar.com/en/accessories-wax-seal",
      "reason": "fetch failed"
    },
    {
      "url": "https://www.jaquar.com/en/accessories-rack-bolt-washbasin",
      "reason": "fetch failed"
    },
    {
      "url": "https://www.jaquar.com/en/accessories-gasket",
      "reason": "fetch failed"
    },
    {
      "url": "https://www.jaquar.com/en/accessories-rack-bolt-wc",
      "reason": "fetch failed"
    },
    {
      "url": "https://www.jaquar.com/en/accessories-vario-bend",
      "reason": "fetch failed"
    },
    {
      "url": "https://www.jaquar.com/en/accessories-rack-bolt-wc-ss",
      "reason": "fetch failed"
    },
    {
      "url": "https://www.jaquar.com/en/washbasin-aria-rectangle-table-top",
      "reason": "fetch failed"
    },
    {
      "url": "https://www.jaquar.com/en/washbasin-counter-top-jdr-round",
      "reason": "fetch failed"
    },
    {
      "url": "https://www.jaquar.com/en/white-urinal",
      "reason": "fetch failed"
    },
    {
      "url": "https://www.jaquar.com/en/shower-panels-black",
      "reason": "fetch failed"
    },
    {
      "url": "https://www.jaquar.com/en/health-faucet-120cm-pvc-tube",
      "reason": "fetch failed"
    },
    {
      "url": "https://www.jaquar.com/en/ald-chr-801b-long-braided-hoses",
      "reason": "fetch failed"
    },
    {
      "url": "https://www.jaquar.com/en/grab-bar-600mm",
      "reason": "fetch failed"
    },
    {
      "url": "https://www.jaquar.com/en/grab-bar-450mm",
      "reason": "fetch failed"
    },
    {
      "url": "https://www.jaquar.com/en/toilet-flush-valve-300mm-lever",
      "reason": "fetch failed"
    },
    {
      "url": "https://www.jaquar.com/en/toilet-dual-flow-flush-valve-round-2ltr-32mm",
      "reason": "fetch failed"
    },
    {
      "url": "https://www.jaquar.com/en/toilet-flush-valve-32mm-4ltr-round",
      "reason": "fetch failed"
    },
    {
      "url": "https://www.jaquar.com/en/lever-knob-flush-cock-clarion",
      "reason": "fetch failed"
    },
    {
      "url": "https://www.jaquar.com/en/toilet-flush-valve-75mm-lever",
      "reason": "fetch failed"
    },
    {
      "url": "https://www.jaquar.com/en/toilet-dual-flow-32mm-flush-valve-round-2ltr",
      "reason": "fetch failed"
    },
    {
      "url": "https://www.jaquar.com/en/bib-cock-clarion",
      "reason": "fetch failed"
    },
    {
      "url": "https://www.jaquar.com/en/clarion-angle-valve",
      "reason": "fetch failed"
    },
    {
      "url": "https://www.jaquar.com/en/clarion-swan-neck-tap-right-hand",
      "reason": "fetch failed"
    },
    {
      "url": "https://www.jaquar.com/en/clarion-basin-mixer-with-pop-up-waste",
      "reason": "fetch failed"
    },
    {
      "url": "https://www.jaquar.com/en/solo-basin-mixer-with-pop-up-waste",
      "reason": "fetch failed"
    },
    {
      "url": "https://www.jaquar.com/en/solo-pop-up-waste-system-basin-mixer",
      "reason": "fetch failed"
    },
    {
      "url": "https://www.jaquar.com/en/half-pedestal-wash-basin",
      "reason": "fetch failed"
    },
    {
      "url": "https://www.jaquar.com/en/opal-rimless-back-to-wall-wc-p-trap",
      "reason": "fetch failed"
    },
    {
      "url": "https://www.jaquar.com/en/wall-hung-bidet",
      "reason": "fetch failed"
    },
    {
      "url": "https://www.jaquar.com/en/wallhung-washbasin-full-pedestal-aria",
      "reason": "fetch failed"
    },
    {
      "url": "https://www.jaquar.com/en/washbasin-table-top-continental",
      "reason": "fetch failed"
    },
    {
      "url": "https://www.jaquar.com/en/fonte-two-piece-wc-p-trap",
      "reason": "fetch failed"
    },
    {
      "url": "https://www.jaquar.com/en/hand-shower-75mm-multi-flow",
      "reason": "fetch failed"
    },
    {
      "url": "https://www.jaquar.com/en/overhead-mist-rain-massage-shower",
      "reason": "fetch failed"
    },
    {
      "url": "https://www.jaquar.com/en/overhead-150mm-rain-shower",
      "reason": "fetch failed"
    },
    {
      "url": "https://www.jaquar.com/en/ald-chr-089",
      "reason": "fetch failed"
    },
    {
      "url": "https://www.jaquar.com/en/ald-chr-083",
      "reason": "fetch failed"
    },
    {
      "url": "https://www.jaquar.com/en/accessories-towel-rack-with-hanger-and-hooks",
      "reason": "fetch failed"
    },
    {
      "url": "https://www.jaquar.com/en/automatic-extended-basin-tap",
      "reason": "fetch failed"
    },
    {
      "url": "https://www.jaquar.com/en/sensotronic-urinal-sensor",
      "reason": "fetch failed"
    },
    {
      "url": "https://www.jaquar.com/en/clarion-wall-mixer-with-telephonic-shower-provision",
      "reason": "fetch failed"
    },
    {
      "url": "https://www.jaquar.com/en/aria-exposed-stop-cock_ald-083_ald-089_ald-081",
      "reason": "fetch failed"
    },
    {
      "url": "https://www.jaquar.com/en/solo-exposed-stop-cock_ald-083_ald-089_ald-081",
      "reason": "fetch failed"
    },
    {
      "url": "https://www.jaquar.com/en/fusion-exposed-stop-cock_ald-083_ald-089_ald-081",
      "reason": "fetch failed"
    },
    {
      "url": "https://www.jaquar.com/en/lyric-exposed-stop-cock_ald-083_ald-089_ald-081",
      "reason": "fetch failed"
    },
    {
      "url": "https://www.jaquar.com/en/paper-towel-dispensor-range",
      "reason": "fetch failed"
    },
    {
      "url": "https://www.jaquar.com/en/automatic-soap-dispensor",
      "reason": "fetch failed"
    },
    {
      "url": "https://www.jaquar.com/en/wall-soap-dispensor",
      "reason": "fetch failed"
    },
    {
      "url": "https://www.jaquar.com/en/nuovo-dualflow-touch-free-infrared-hand-dryer",
      "reason": "fetch failed"
    },
    {
      "url": "https://www.jaquar.com/en/bolt-touch-free-infrared-hand-dryer",
      "reason": "fetch failed"
    },
    {
      "url": "https://www.jaquar.com/en/hand-dryers-dual-flow",
      "reason": "fetch failed"
    },
    {
      "url": "https://www.jaquar.com/en/fusion-basin-mixer-with-pop-up-waste-system",
      "reason": "fetch failed"
    },
    {
      "url": "https://www.jaquar.com/en/fusion-exposed-shower-mixer",
      "reason": "fetch failed"
    },
    {
      "url": "https://www.jaquar.com/en/fusion-wall-mixer-exposed-shower-and-hand-shower",
      "reason": "fetch failed"
    },
    {
      "url": "https://www.jaquar.com/en/spa-aquagym-extreme-pool",
      "reason": "fetch failed"
    },
    {
      "url": "https://www.jaquar.com/en/spa-palladium-5seater",
      "reason": "fetch failed"
    },
    {
      "url": "https://www.jaquar.com/en/spa-xenon-5seater",
      "reason": "fetch failed"
    },
    {
      "url": "https://www.jaquar.com/en/spa-mercury-5seater",
      "reason": "fetch failed"
    },
    {
      "url": "https://www.jaquar.com/en/spa-neon-3seater",
      "reason": "fetch failed"
    },
    {
      "url": "https://www.jaquar.com/en/overhead-round-led-shower",
      "reason": "fetch failed"
    },
    {
      "url": "https://www.jaquar.com/en/overhead-square-led-shower",
      "reason": "fetch failed"
    },
    {
      "url": "https://www.jaquar.com/en/lyric-high-flow-divertor-plate_ald-079",
      "reason": "fetch failed"
    },
    {
      "url": "https://www.jaquar.com/en/lyric-divertor-plate_ald-193",
      "reason": "fetch failed"
    },
    {
      "url": "https://www.jaquar.com/en/lyric-deusch-shower-mixer",
      "reason": "fetch failed"
    },
    {
      "url": "https://www.jaquar.com/en/aria-deusch-shower-mixer",
      "reason": "fetch failed"
    },
    {
      "url": "https://www.jaquar.com/en/single-lever-basin-mixer-lyric",
      "reason": "fetch failed"
    },
    {
      "url": "https://www.jaquar.com/en/flexible-tube-12mm",
      "reason": "fetch failed"
    },
    {
      "url": "https://www.jaquar.com/en/hand-shower-32mm-multi-flow",
      "reason": "fetch failed"
    },
    {
      "url": "https://www.jaquar.com/en/clarion-exposed-stop-cock_ald-069ft",
      "reason": "fetch failed"
    },
    {
      "url": "https://www.jaquar.com/en/aria-basin-mixer-with-pop-up-waste-system",
      "reason": "fetch failed"
    },
    {
      "url": "https://www.jaquar.com/en/frameless-urinal-partition-curved-rectangular",
      "reason": "fetch failed"
    },
    {
      "url": "https://www.jaquar.com/en/d-shape-bathtub-spout-hand-shower",
      "reason": "fetch failed"
    },
    {
      "url": "https://www.jaquar.com/en/d-shape-bathtub-spout",
      "reason": "fetch failed"
    },
    {
      "url": "https://www.jaquar.com/en/long-body-pillar-cock-solo",
      "reason": "fetch failed"
    },
    {
      "url": "https://www.jaquar.com/en/solo-wall-sink-mixer-swan-neck",
      "reason": "fetch failed"
    },
    {
      "url": "https://www.jaquar.com/en/solo-exposed-shower-mixer",
      "reason": "fetch failed"
    },
    {
      "url": "https://www.jaquar.com/en/solo-wall-mixer-exposed-shower-and-hand-shower",
      "reason": "fetch failed"
    },
    {
      "url": "https://www.jaquar.com/en/lyric-wall-sink-cock",
      "reason": "fetch failed"
    },
    {
      "url": "https://www.jaquar.com/en/lyric-4-way-diverter",
      "reason": "fetch failed"
    },
    {
      "url": "https://www.jaquar.com/en/lyric-exposed-for-stop-cock-with-spout",
      "reason": "fetch failed"
    },
    {
      "url": "https://www.jaquar.com/en/lyric-concealed-2-lever-wall-basin-mixer",
      "reason": "fetch failed"
    },
    {
      "url": "https://www.jaquar.com/en/lyric-table-sink-mixer",
      "reason": "fetch failed"
    },
    {
      "url": "https://www.jaquar.com/en/lyric-wall-sink-mixer-swan-neck",
      "reason": "fetch failed"
    },
    {
      "url": "https://www.jaquar.com/en/lyric-exposed-shower-mixer",
      "reason": "fetch failed"
    },
    {
      "url": "https://www.jaquar.com/en/lyric-wall-mixer-exposed-shower-and-hand-shower",
      "reason": "fetch failed"
    },
    {
      "url": "https://www.jaquar.com/en/lyric-double-lever-wall-sink-mixer",
      "reason": "fetch failed"
    },
    {
      "url": "https://www.jaquar.com/en/fusion-diverter-mixer-4-way",
      "reason": "fetch failed"
    },
    {
      "url": "https://www.jaquar.com/en/fusion-wall-sink-mixer-swan-neck",
      "reason": "fetch failed"
    },
    {
      "url": "https://www.jaquar.com/en/aria-table-sink-mixer",
      "reason": "fetch failed"
    },
    {
      "url": "https://www.jaquar.com/en/aria-wall-sink-cock",
      "reason": "fetch failed"
    },
    {
      "url": "https://www.jaquar.com/en/aria-4-way-diverter",
      "reason": "fetch failed"
    },
    {
      "url": "https://www.jaquar.com/en/aria-exposed-for-stop-cock-with-spout",
      "reason": "fetch failed"
    },
    {
      "url": "https://www.jaquar.com/en/aria-concealed-2-lever-wall-basin-mixer",
      "reason": "fetch failed"
    },
    {
      "url": "https://www.jaquar.com/en/aria-wall-sink-mixer-swan-neck",
      "reason": "fetch failed"
    },
    {
      "url": "https://www.jaquar.com/en/aria-exposed-shower-mixer",
      "reason": "fetch failed"
    },
    {
      "url": "https://www.jaquar.com/en/aria-wall-mixer-exposed-shower-and-hand-shower",
      "reason": "fetch failed"
    },
    {
      "url": "https://www.jaquar.com/en/aria-double-lever-wall-sink-mixer",
      "reason": "fetch failed"
    },
    {
      "url": "https://www.jaquar.com/en/slim-concealed-cistern-wall-mount-stand",
      "reason": "fetch failed"
    },
    {
      "url": "https://www.jaquar.com/en/aria-divertor-plate_ald-065",
      "reason": "fetch failed"
    },
    {
      "url": "https://www.jaquar.com/en/lyric-concealed-wall-basin-mixer",
      "reason": "fetch failed"
    },
    {
      "url": "https://www.jaquar.com/en/under-counter-wash-basin",
      "reason": "fetch failed"
    },
    {
      "url": "https://www.jaquar.com/en/rectangular-washbasin-under-counter-continental",
      "reason": "fetch failed"
    },
    {
      "url": "https://www.jaquar.com/en/wallhung-washbasin-pedestal-continental",
      "reason": "fetch failed"
    },
    {
      "url": "https://www.jaquar.com/en/automatic-sensor-urinal",
      "reason": "fetch failed"
    },
    {
      "url": "https://www.jaquar.com/en/fusion-bathtub-spout-hand-shower",
      "reason": "fetch failed"
    },
    {
      "url": "https://www.jaquar.com/en/fusion-bathtub-spout",
      "reason": "fetch failed"
    },
    {
      "url": "https://www.jaquar.com/en/hand-shower-single-flow-27mm-square",
      "reason": "fetch failed"
    },
    {
      "url": "https://www.jaquar.com/en/hand-shower-single-flow-180mm",
      "reason": "fetch failed"
    },
    {
      "url": "https://www.jaquar.com/en/4-flow-cascade-hand-shower-multi-flow",
      "reason": "fetch failed"
    },
    {
      "url": "https://www.jaquar.com/en/aria-2-way-bib-cock",
      "reason": "fetch failed"
    },
    {
      "url": "https://www.jaquar.com/en/long-body-pillar-cock-aria",
      "reason": "fetch failed"
    },
    {
      "url": "https://www.jaquar.com/en/aria-divertor-plate_ald-193",
      "reason": "fetch failed"
    },
    {
      "url": "https://www.jaquar.com/en/aria-angle-valve",
      "reason": "fetch failed"
    },
    {
      "url": "https://www.jaquar.com/en/bib-cock-aria",
      "reason": "fetch failed"
    },
    {
      "url": "https://www.jaquar.com/en/pillar-cock-aria",
      "reason": "fetch failed"
    },
    {
      "url": "https://www.jaquar.com/en/aria-high-flow-divertor-plate_ald-079",
      "reason": "fetch failed"
    },
    {
      "url": "https://www.jaquar.com/en/aria-wall-mixer-with-hand-shower-provision",
      "reason": "fetch failed"
    },
    {
      "url": "https://www.jaquar.com/en/aria-basin-mixer-tall-boy",
      "reason": "fetch failed"
    },
    {
      "url": "https://www.jaquar.com/en/aria-concealed-wall-basin-mixer",
      "reason": "fetch failed"
    },
    {
      "url": "https://www.jaquar.com/en/aria-basin-mixer",
      "reason": "fetch failed"
    },
    {
      "url": "https://www.jaquar.com/en/lyric-angle-valve",
      "reason": "fetch failed"
    },
    {
      "url": "https://www.jaquar.com/en/angular-bib-cock-lyric",
      "reason": "fetch failed"
    },
    {
      "url": "https://www.jaquar.com/en/pillar-cock-lyric",
      "reason": "fetch failed"
    },
    {
      "url": "https://www.jaquar.com/en/lyric-2-way-bib-cock",
      "reason": "fetch failed"
    },
    {
      "url": "https://www.jaquar.com/en/long-body-pillar-cock-lyric",
      "reason": "fetch failed"
    },
    {
      "url": "https://www.jaquar.com/en/lyric-divertor-plate_ald-065",
      "reason": "fetch failed"
    },
    {
      "url": "https://www.jaquar.com/en/lyric-wall-mixer-with-hand-shower-provision",
      "reason": "fetch failed"
    },
    {
      "url": "https://www.jaquar.com/en/lyric-basin-mixer-tall-boy",
      "reason": "fetch failed"
    },
    {
      "url": "https://www.jaquar.com/en/lyric-basin-mixer-with-pop-up-waste-system",
      "reason": "fetch failed"
    },
    {
      "url": "https://www.jaquar.com/en/accessories-exposed-round-shower-pipe-exposed-water-inlet",
      "reason": "fetch failed"
    },
    {
      "url": "https://www.jaquar.com/en/accessories-exposed-round-shower-pipe-with-knob",
      "reason": "fetch failed"
    },
    {
      "url": "https://www.jaquar.com/en/accessories-shower-pipe-flat-8mm",
      "reason": "fetch failed"
    },
    {
      "url": "https://www.jaquar.com/en/accessories-50mm-shower-pipe-flat",
      "reason": "fetch failed"
    },
    {
      "url": "https://www.jaquar.com/en/hand-shower-single-flow-25x38mm-oval",
      "reason": "fetch failed"
    },
    {
      "url": "https://www.jaquar.com/en/hand-shower-100mm-multi-flow",
      "reason": "fetch failed"
    },
    {
      "url": "https://www.jaquar.com/en/hand-shower-single-flow-100mm",
      "reason": "fetch failed"
    },
    {
      "url": "https://www.jaquar.com/en/hand-shower-95mm-multi-flow",
      "reason": "fetch failed"
    },
    {
      "url": "https://www.jaquar.com/en/hand-shower-single-flow-95mm",
      "reason": "fetch failed"
    },
    {
      "url": "https://www.jaquar.com/en/overhead-200mm-rain-shower-square",
      "reason": "fetch failed"
    },
    {
      "url": "https://www.jaquar.com/en/overhead-150mm-rain-shower-square",
      "reason": "fetch failed"
    },
    {
      "url": "https://www.jaquar.com/en/concealed-cistern-flush-plate-darc",
      "reason": "fetch failed"
    },
    {
      "url": "https://www.jaquar.com/en/concealed-cistern-flush-plate-fusion",
      "reason": "fetch failed"
    },
    {
      "url": "https://www.jaquar.com/en/concealed-cistern-flush-plate-aria",
      "reason": "fetch failed"
    },
    {
      "url": "https://www.jaquar.com/en/overhead-190mm-rain-shower",
      "reason": "fetch failed"
    },
    {
      "url": "https://www.jaquar.com/en/overhead-180mm-rain-shower",
      "reason": "fetch failed"
    },
    {
      "url": "https://www.jaquar.com/en/overhead-4-flow-cascade-shower-multi-function",
      "reason": "fetch failed"
    },
    {
      "url": "https://www.jaquar.com/en/overhead-120mm-shower-multi-function",
      "reason": "fetch failed"
    },
    {
      "url": "https://www.jaquar.com/en/overhead-120mm-rain-shower",
      "reason": "fetch failed"
    },
    {
      "url": "https://www.jaquar.com/en/overhead-100mm-shower-multi-function",
      "reason": "fetch failed"
    },
    {
      "url": "https://www.jaquar.com/en/overhead-100mm-rain-shower",
      "reason": "fetch failed"
    },
    {
      "url": "https://www.jaquar.com/en/hand-shower-air-effect-140mm-multi-flow",
      "reason": "fetch failed"
    },
    {
      "url": "https://www.jaquar.com/en/hand-shower-air-effect-140mm",
      "reason": "fetch failed"
    },
    {
      "url": "https://www.jaquar.com/en/hand-shower-air-effect-105mm-multi-flow",
      "reason": "fetch failed"
    },
    {
      "url": "https://www.jaquar.com/en/hand-shower-air-effect-105mm",
      "reason": "fetch failed"
    },
    {
      "url": "https://www.jaquar.com/en/overhead-shower-air-effect-180mm",
      "reason": "fetch failed"
    },
    {
      "url": "https://www.jaquar.com/en/overhead-shower-air-effect-140mm-multi-flow",
      "reason": "fetch failed"
    },
    {
      "url": "https://www.jaquar.com/en/overhead-105mm-shower-multi-flow",
      "reason": "fetch failed"
    },
    {
      "url": "https://www.jaquar.com/en/overhead-shower-air-effect-140mm",
      "reason": "fetch failed"
    },
    {
      "url": "https://www.jaquar.com/en/overhead-105mm-shower",
      "reason": "fetch failed"
    },
    {
      "url": "https://www.jaquar.com/en/fusion-angle-valve",
      "reason": "fetch failed"
    },
    {
      "url": "https://www.jaquar.com/en/bib-cock-fusion",
      "reason": "fetch failed"
    },
    {
      "url": "https://www.jaquar.com/en/fusion-2-way-bib-cock",
      "reason": "fetch failed"
    },
    {
      "url": "https://www.jaquar.com/en/fusion-4-way-diverter",
      "reason": "fetch failed"
    },
    {
      "url": "https://www.jaquar.com/en/fusion-wall-mixer-with-overhead-and-hand-shower-provision",
      "reason": "fetch failed"
    },
    {
      "url": "https://www.jaquar.com/en/solo-angle-valve",
      "reason": "fetch failed"
    },
    {
      "url": "https://www.jaquar.com/en/solo-2-way-bib-cock",
      "reason": "fetch failed"
    },
    {
      "url": "https://www.jaquar.com/en/bib-cock-solo",
      "reason": "fetch failed"
    },
    {
      "url": "https://www.jaquar.com/en/angular-bib-cock-solo",
      "reason": "fetch failed"
    },
    {
      "url": "https://www.jaquar.com/en/table-mounted-sink-cock-solo-angular-knob",
      "reason": "fetch failed"
    },
    {
      "url": "https://www.jaquar.com/en/table-mounted-sink-cock-solo",
      "reason": "fetch failed"
    },
    {
      "url": "https://www.jaquar.com/en/wall-sink-cock-solo",
      "reason": "fetch failed"
    },
    {
      "url": "https://www.jaquar.com/en/solo-double-lever-sink-mixer-1-hole",
      "reason": "fetch failed"
    },
    {
      "url": "https://www.jaquar.com/en/solo-double-lever-wall-sink-mixer",
      "reason": "fetch failed"
    },
    {
      "url": "https://www.jaquar.com/en/double-lever-bidet-mixer-solo",
      "reason": "fetch failed"
    },
    {
      "url": "https://www.jaquar.com/en/solo-concealed-2-lever-wall-basin-mixer-with-hand-shower",
      "reason": "fetch failed"
    },
    {
      "url": "https://www.jaquar.com/en/solo-concealed-2-lever-wall-basin-mixer-heavy-spout",
      "reason": "fetch failed"
    },
    {
      "url": "https://www.jaquar.com/en/solo-2-concealed-stop-cock",
      "reason": "fetch failed"
    },
    {
      "url": "https://www.jaquar.com/en/solo-4-way-diverter",
      "reason": "fetch failed"
    },
    {
      "url": "https://www.jaquar.com/en/bath-tub-filler-solo",
      "reason": "fetch failed"
    },
    {
      "url": "https://www.jaquar.com/en/solo-spout-wall-mixer-with-overhead-and-hand-shower-provision",
      "reason": "fetch failed"
    },
    {
      "url": "https://www.jaquar.com/en/sol-6273upr-wall-mixer",
      "reason": "fetch failed"
    },
    {
      "url": "https://www.jaquar.com/en/bath-tub-mixer-with-handshower",
      "reason": "fetch failed"
    },
    {
      "url": "https://www.jaquar.com/en/solo-wall-mixer-with-telephonic-shower-provision",
      "reason": "fetch failed"
    },
    {
      "url": "https://www.jaquar.com/en/solo-3-lever-wall-mixer-with-hand-shower-provision",
      "reason": "fetch failed"
    },
    {
      "url": "https://www.jaquar.com/en/solo-wall-mixer",
      "reason": "fetch failed"
    },
    {
      "url": "https://www.jaquar.com/en/solo-wall-mixer-with-overhead-and-hand-shower-provision",
      "reason": "fetch failed"
    },
    {
      "url": "https://www.jaquar.com/en/solo-exposed-for-stop-cock-with-spout",
      "reason": "fetch failed"
    },
    {
      "url": "https://www.jaquar.com/en/solo-concealed-2-lever-wall-basin-mixer",
      "reason": "fetch failed"
    },
    {
      "url": "https://www.jaquar.com/en/pillar-cock-solo",
      "reason": "fetch failed"
    },
    {
      "url": "https://www.jaquar.com/en/solo-3-hole-basin-mixer-popup-waste",
      "reason": "fetch failed"
    },
    {
      "url": "https://www.jaquar.com/en/solo-3-hole-basin-mixer",
      "reason": "fetch failed"
    },
    {
      "url": "https://www.jaquar.com/en/solo-table-sink-mixer",
      "reason": "fetch failed"
    },
    {
      "url": "https://www.jaquar.com/en/solo-basin-mixer",
      "reason": "fetch failed"
    },
    {
      "url": "https://www.jaquar.com/en/solo-wall-sink-mixer-bottom-outlet",
      "reason": "fetch failed"
    },
    {
      "url": "https://www.jaquar.com/en/solo-divertor-plate_ald-193",
      "reason": "fetch failed"
    },
    {
      "url": "https://www.jaquar.com/en/solo-high-flow-divertor-plate_ald-079",
      "reason": "fetch failed"
    },
    {
      "url": "https://www.jaquar.com/en/solo-divertor-plate_ald-065",
      "reason": "fetch failed"
    },
    {
      "url": "https://www.jaquar.com/en/solo-shower-deusch-mixer",
      "reason": "fetch failed"
    },
    {
      "url": "https://www.jaquar.com/en/solo-exposed-hand-shower-mixer",
      "reason": "fetch failed"
    },
    {
      "url": "https://www.jaquar.com/en/solo-shower-mixer",
      "reason": "fetch failed"
    },
    {
      "url": "https://www.jaquar.com/en/high-flow-bath-and-shower-mixer-solo",
      "reason": "fetch failed"
    },
    {
      "url": "https://www.jaquar.com/en/high-flow-bath-filler-solo",
      "reason": "fetch failed"
    },
    {
      "url": "https://www.jaquar.com/en/solo-wall-mixer-with-hand-shower-provision",
      "reason": "fetch failed"
    },
    {
      "url": "https://www.jaquar.com/en/solo-concealed-wall-basin-mixer",
      "reason": "fetch failed"
    },
    {
      "url": "https://www.jaquar.com/en/solo-basin-mixer-single-lever",
      "reason": "fetch failed"
    },
    {
      "url": "https://www.jaquar.com/en/accessories-towel-rack-with-hanger",
      "reason": "fetch failed"
    },
    {
      "url": "https://www.jaquar.com/en/accessories-cloth-liner",
      "reason": "fetch failed"
    },
    {
      "url": "https://www.jaquar.com/en/accessories-hotelier-toilet-tissue-roll-holder-with-flap",
      "reason": "fetch failed"
    },
    {
      "url": "https://www.jaquar.com/en/accessories-recessed-toilet-tissue-roll-holder",
      "reason": "fetch failed"
    },
    {
      "url": "https://www.jaquar.com/en/accessories-recessed-soap-dish",
      "reason": "fetch failed"
    },
    {
      "url": "https://www.jaquar.com/en/grab-bar-300mm",
      "reason": "fetch failed"
    },
    {
      "url": "https://www.jaquar.com/en/sensotronic-wc-sensor",
      "reason": "fetch failed"
    },
    {
      "url": "https://www.jaquar.com/en/sensotronic-urinal-sensor-with-control-cock",
      "reason": "fetch failed"
    },
    {
      "url": "https://www.jaquar.com/en/toilet-flush-valve-200mm-lever",
      "reason": "fetch failed"
    },
    {
      "url": "https://www.jaquar.com/en/toilet-flush-valve-remote-operated",
      "reason": "fetch failed"
    },
    {
      "url": "https://www.jaquar.com/en/toilet-flush-valve-exposed",
      "reason": "fetch failed"
    },
    {
      "url": "https://www.jaquar.com/en/accessories-continental-swivel-wall-mirror",
      "reason": "fetch failed"
    },
    {
      "url": "https://www.jaquar.com/en/accessories-continental-double-arm-wall-mirror",
      "reason": "fetch failed"
    },
    {
      "url": "https://www.jaquar.com/en/ald-chr-805b-braided-hoses",
      "reason": "fetch failed"
    },
    {
      "url": "https://www.jaquar.com/en/ald-803b-450mm-long-braided-hoses",
      "reason": "fetch failed"
    },
    {
      "url": "https://www.jaquar.com/en/concealed-body-for-wall-basin-mixer-right-hand",
      "reason": "fetch failed"
    },
    {
      "url": "https://www.jaquar.com/en/ald-chr-193",
      "reason": "fetch failed"
    },
    {
      "url": "https://www.jaquar.com/en/ald-079-single-lever-diverter-high-flow",
      "reason": "fetch failed"
    },
    {
      "url": "https://www.jaquar.com/en/ald-065-single-lever-diverter-top-button",
      "reason": "fetch failed"
    },
    {
      "url": "https://www.jaquar.com/en/ald-055-single-lever-diverter-top-button-40mm",
      "reason": "fetch failed"
    },
    {
      "url": "https://www.jaquar.com/en/allied-bathtub-spout-hand-shower",
      "reason": "fetch failed"
    },
    {
      "url": "https://www.jaquar.com/en/allied-bathtub-spout",
      "reason": "fetch failed"
    },
    {
      "url": "https://www.jaquar.com/en/urinal-flush-valve",
      "reason": "fetch failed"
    },
    {
      "url": "https://www.jaquar.com/en/automatic-concealed-urinal-valve",
      "reason": "fetch failed"
    },
    {
      "url": "https://www.jaquar.com/en/automatic-wall-tap",
      "reason": "fetch failed"
    },
    {
      "url": "https://www.jaquar.com/en/automatic-wall-mounted-basin-tap",
      "reason": "fetch failed"
    },
    {
      "url": "https://www.jaquar.com/en/automatic-basin-tap",
      "reason": "fetch failed"
    },
    {
      "url": "https://www.jaquar.com/en/flush-cock-clarion",
      "reason": "fetch failed"
    },
    {
      "url": "https://www.jaquar.com/en/clarion-exposed-stop-cock_ald-083ft_ald-089ft",
      "reason": "fetch failed"
    },
    {
      "url": "https://www.jaquar.com/en/clarion-angle-valve-without-flange",
      "reason": "fetch failed"
    },
    {
      "url": "https://www.jaquar.com/en/clarion-2-way-bib-cock",
      "reason": "fetch failed"
    },
    {
      "url": "https://www.jaquar.com/en/bib-cock-clarion-without-flange",
      "reason": "fetch failed"
    },
    {
      "url": "https://www.jaquar.com/en/sink-cock-clarion",
      "reason": "fetch failed"
    },
    {
      "url": "https://www.jaquar.com/en/sink-mixer-clarion-extended-spout",
      "reason": "fetch failed"
    },
    {
      "url": "https://www.jaquar.com/en/clarion-wall-mixer-with-overhead-shower-provision",
      "reason": "fetch failed"
    },
    {
      "url": "https://www.jaquar.com/en/clarion-wall-mixer-with-overhead-and-hand-shower-provision",
      "reason": "fetch failed"
    },
    {
      "url": "https://www.jaquar.com/en/clarion-wall-mixer-with-hand-shower-provision",
      "reason": "fetch failed"
    },
    {
      "url": "https://www.jaquar.com/en/clarion-wall-mixer",
      "reason": "fetch failed"
    },
    {
      "url": "https://www.jaquar.com/en/clarion-swan-neck-tap-left-hand",
      "reason": "fetch failed"
    },
    {
      "url": "https://www.jaquar.com/en/long-neck-pillar-cock-clarion",
      "reason": "fetch failed"
    },
    {
      "url": "https://www.jaquar.com/en/pillar-cock-clarion",
      "reason": "fetch failed"
    },
    {
      "url": "https://www.jaquar.com/en/clarion-basin-mixer",
      "reason": "fetch failed"
    },
    {
      "url": "https://www.jaquar.com/en/fusion-wall-mixer-with-overhead-shower-provision",
      "reason": "fetch failed"
    },
    {
      "url": "https://www.jaquar.com/en/fusion-3-lever-wall-mixer-with-hand-shower-provision",
      "reason": "fetch failed"
    },
    {
      "url": "https://www.jaquar.com/en/fusion-exposed-for-stop-cock-with-spout",
      "reason": "fetch failed"
    },
    {
      "url": "https://www.jaquar.com/en/fusion-concealed-2-lever-wall-basin-mixer",
      "reason": "fetch failed"
    },
    {
      "url": "https://www.jaquar.com/en/pillar-cock-fusion",
      "reason": "fetch failed"
    },
    {
      "url": "https://www.jaquar.com/en/fusion-table-sink-mixer",
      "reason": "fetch failed"
    },
    {
      "url": "https://www.jaquar.com/en/fusion-wall-sink-mixer-bottom-outlet",
      "reason": "fetch failed"
    },
    {
      "url": "https://www.jaquar.com/en/fusion-basin-mixer-210mm-tall-boy-extended-spout",
      "reason": "fetch failed"
    },
    {
      "url": "https://www.jaquar.com/en/single-lever-bidet-mixer-fusion",
      "reason": "fetch failed"
    },
    {
      "url": "https://www.jaquar.com/en/fusion-divertor-plate_ald-193",
      "reason": "fetch failed"
    },
    {
      "url": "https://www.jaquar.com/en/fusion-high-flow-divertor-plate_ald-079",
      "reason": "fetch failed"
    },
    {
      "url": "https://www.jaquar.com/en/fusion-divertor-plate_ald-065",
      "reason": "fetch failed"
    },
    {
      "url": "https://www.jaquar.com/en/fusion-deusch-shower-mixer",
      "reason": "fetch failed"
    },
    {
      "url": "https://www.jaquar.com/en/fusion-exposed-hand-shower-mixer",
      "reason": "fetch failed"
    },
    {
      "url": "https://www.jaquar.com/en/fusion-shower-mixer",
      "reason": "fetch failed"
    },
    {
      "url": "https://www.jaquar.com/en/high-flow-bath-and-shower-mixer-fusion",
      "reason": "fetch failed"
    },
    {
      "url": "https://www.jaquar.com/en/high-flow-bath-filler-fusion",
      "reason": "fetch failed"
    },
    {
      "url": "https://www.jaquar.com/en/fusion-wall-mixer-with-hand-shower-provision",
      "reason": "fetch failed"
    },
    {
      "url": "https://www.jaquar.com/en/fusion-concealed-wall-basin-mixer",
      "reason": "fetch failed"
    },
    {
      "url": "https://www.jaquar.com/en/fusion-basin-mixer-85mm-height",
      "reason": "fetch failed"
    },
    {
      "url": "https://www.jaquar.com/en/designer-corner-washbasin",
      "reason": "fetch failed"
    },
    {
      "url": "https://www.jaquar.com/en/bulbous-designer-washbasin-table-top",
      "reason": "fetch failed"
    },
    {
      "url": "https://www.jaquar.com/en/oval-designer-washbasin-table-top",
      "reason": "fetch failed"
    },
    {
      "url": "https://www.jaquar.com/en/washbasin-under-counter-florentine",
      "reason": "fetch failed"
    },
    {
      "url": "https://www.jaquar.com/en/washbasin-table-top-solo",
      "reason": "fetch failed"
    },
    {
      "url": "https://www.jaquar.com/en/vignette-single-piece-wc-s-trap",
      "reason": "fetch failed"
    },
    {
      "url": "https://www.jaquar.com/en/rectangle-washbasin-table-top-fonte",
      "reason": "fetch failed"
    },
    {
      "url": "https://www.jaquar.com/en/wallhung-wc-fonte",
      "reason": "fetch failed"
    },
    {
      "url": "https://www.jaquar.com/en/square-washbasin-table-top-aria",
      "reason": "fetch failed"
    },
    {
      "url": "https://www.jaquar.com/en/aria-two-piece-wc-p-trap",
      "reason": "fetch failed"
    },
    {
      "url": "https://www.jaquar.com/en/wallhung-wc-aria",
      "reason": "fetch failed"
    },
    {
      "url": "https://www.jaquar.com/en/rectangle-washbasin-table-top-lyric",
      "reason": "fetch failed"
    },
    {
      "url": "https://www.jaquar.com/en/oval-washbasin-table-top-lyric",
      "reason": "fetch failed"
    },
    {
      "url": "https://www.jaquar.com/en/floor-standing-washbasin-kubix",
      "reason": "fetch failed"
    },
    {
      "url": "https://www.jaquar.com/en/kubix-single-piece-wc",
      "reason": "fetch failed"
    },
    {
      "url": "https://www.jaquar.com/en/outdoor-hanging-lights-design-ideas",
      "reason": "fetch failed"
    },
    {
      "url": "https://www.jaquar.com/en/led-post-top-lights-benefits-features-and-applications",
      "reason": "fetch failed"
    },
    {
      "url": "https://www.jaquar.com/en/types-of-led-lights",
      "reason": "fetch failed"
    },
    {
      "url": "https://www.jaquar.com/en/bathroom-coloured-trends-ice-blue",
      "reason": "fetch failed"
    },
    {
      "url": "https://www.jaquar.com/en/different-types-of-shower-enclosures-explained",
      "reason": "fetch failed"
    },
    {
      "url": "https://www.jaquar.com/en/wall-washer-lights-application-areas",
      "reason": "fetch failed"
    },
    {
      "url": "https://www.jaquar.com/en/ground-recessed-lighting-guide",
      "reason": "fetch failed"
    },
    {
      "url": "https://www.jaquar.com/en/shower-panel-vs-shower-head",
      "reason": "fetch failed"
    },
    {
      "url": "https://www.jaquar.com/en/whirlpool-bathtub-benefits-are-they-worth-the-investment",
      "reason": "fetch failed"
    },
    {
      "url": "https://www.jaquar.com/en/5-best-bathroom-faucet-styles-to-elevate-your-basin-in-2026",
      "reason": "fetch failed"
    },
    {
      "url": "https://www.jaquar.com/en/introducing-florentine-prime-hand-shower",
      "reason": "fetch failed"
    },
    {
      "url": "https://www.jaquar.com/en/wall-lamps-vs-ceiling-lights-which-lighting-works-best",
      "reason": "fetch failed"
    },
    {
      "url": "https://www.jaquar.com/en/wall-lamp-placement-guide-for-bedrooms-living-rooms-hallways",
      "reason": "fetch failed"
    },
    {
      "url": "https://www.jaquar.com/en/ambient-task-and-accent-lighting-where-to-use-each-and-why",
      "reason": "fetch failed"
    },
    {
      "url": "https://www.jaquar.com/en/types-of-wall-lamps-sconces-swing-arm-and-picture-lights",
      "reason": "fetch failed"
    },
    {
      "url": "https://www.jaquar.com/en/shower-enclosure-vs-shower-curtain",
      "reason": "fetch failed"
    },
    {
      "url": "https://www.jaquar.com/en/what-is-a-smart-home-automation-system-and-how-does-it-work",
      "reason": "fetch failed"
    },
    {
      "url": "https://www.jaquar.com/en/jaquar-trigene-whirlpool-a-complete-design-wellness-guide",
      "reason": "fetch failed"
    },
    {
      "url": "https://www.jaquar.com/en/power-and-precision-inside-the-jaquar-octane-multi-function-shower-range",
      "reason": "fetch failed"
    },
    {
      "url": "https://www.jaquar.com/en/led-lamps-vs-traditional-lamps-energy-efficiency-and-cost-comparison",
      "reason": "fetch failed"
    },
    {
      "url": "https://www.jaquar.com/en/wall-lighting-tricks-how-to-use-light-to-highlight-walls-art-textures",
      "reason": "fetch failed"
    },
    {
      "url": "https://www.jaquar.com/en/led-bathroom-mirror-lights-benefits-and-design-ideas",
      "reason": "fetch failed"
    },
    {
      "url": "https://www.jaquar.com/en/jaquar-ready-to-use-shower-enclosures-features-and-benefits",
      "reason": "fetch failed"
    },
    {
      "url": "https://www.jaquar.com/en/transforming-your-daily-shower-into-a-spa-experience-with-jaquar",
      "reason": "fetch failed"
    },
    {
      "url": "https://www.jaquar.com/en/bedroom-lighting-guide-how-much-light-do-you-really-need",
      "reason": "fetch failed"
    },
    {
      "url": "https://www.jaquar.com/en/things-you-should-know-before-buying-a-shower-enclosure",
      "reason": "fetch failed"
    },
    {
      "url": "https://www.jaquar.com/en/from-basic-to-premium-upgrading-your-bathroom-with-jaquar-multi-function-showers",
      "reason": "fetch failed"
    },
    {
      "url": "https://www.jaquar.com/en/shaping-mood-and-function-insight-into-architectural-indoor-lights",
      "reason": "fetch failed"
    },
    {
      "url": "https://www.jaquar.com/en/creative-landscape-lighting-ideas-for-modern-outdoor-spaces",
      "reason": "fetch failed"
    },
    {
      "url": "https://www.jaquar.com/en/warm-white-vs-cool-white-a-complete-guide-to-choosing-the-right-light-for-your-space-2",
      "reason": "fetch failed"
    },
    {
      "url": "https://www.jaquar.com/en/design-led-brilliance-the-handbook-for-facade-lighting",
      "reason": "fetch failed"
    },
    {
      "url": "https://www.jaquar.com/en/give-your-interiors-a-stunning-makeover-with-jaquars-range-of-decor-lighting",
      "reason": "fetch failed"
    },
    {
      "url": "https://www.jaquar.com/en/wellness-at-home-how-premium-showers-enhance-everyday-living",
      "reason": "fetch failed"
    },
    {
      "url": "https://www.jaquar.com/en/architectural-lighting-that-speaks-elevating-spaces-with-designer-poles",
      "reason": "fetch failed"
    },
    {
      "url": "https://www.jaquar.com/en/introducing-ice-blue-a-new-era-of-elegance-in-bathroom-design",
      "reason": "fetch failed"
    },
    {
      "url": "https://www.jaquar.com/en/smart-water-management-understanding-the-role-of-3-way-diverters-in-modern-homes",
      "reason": "fetch failed"
    },
    {
      "url": "https://www.jaquar.com/en/premium-bathrooms-in-2026-trending-colours-forms-materials",
      "reason": "fetch failed"
    },
    {
      "url": "https://www.jaquar.com/en/small-details-big-difference-decorative-lighting-for-cosy-corners",
      "reason": "fetch failed"
    },
    {
      "url": "https://www.jaquar.com/en/benefits-of-using-led-downlights-over-traditional-lighting",
      "reason": "fetch failed"
    },
    {
      "url": "https://www.jaquar.com/en/essential-quality-checks-you-should-know-before-selecting-sanitaryware",
      "reason": "fetch failed"
    },
    {
      "url": "https://www.jaquar.com/en/quality-that-lasts-why-terra-water-heater-is-a-smart-investment-for-high-end-homes",
      "reason": "fetch failed"
    },
    {
      "url": "https://www.jaquar.com/en/medley-shower-redefining-comfort-and-style-in-modern-bathrooms-2",
      "reason": "fetch failed"
    },
    {
      "url": "https://www.jaquar.com/en/a-complete-guide-to-different-types-of-switches-for-your-home",
      "reason": "fetch failed"
    },
    {
      "url": "https://www.jaquar.com/en/duoflo-ceiling-showers-features-that-make-your-bathroom-smarter",
      "reason": "fetch failed"
    },
    {
      "url": "https://www.jaquar.com/en/budget-vs-premium-faucets-whats-worth-your-investment",
      "reason": "fetch failed"
    },
    {
      "url": "https://www.jaquar.com/en/different-types-of-shower-heads-and-their-benefits",
      "reason": "fetch failed"
    },
    {
      "url": "https://www.jaquar.com/en/bathing-products-that-add-value-to-your-property",
      "reason": "fetch failed"
    },
    {
      "url": "https://www.jaquar.com/en/choosing-the-right-hand-shower-design-pressure-placement",
      "reason": "fetch failed"
    },
    {
      "url": "https://www.jaquar.com/en/give-your-bathroom-a-premium-makeover-without-major-renovations",
      "reason": "fetch failed"
    },
    {
      "url": "https://www.jaquar.com/en/pairing-faucets-with-basins-a-style-and-functionality-guide",
      "reason": "fetch failed"
    },
    {
      "url": "https://www.jaquar.com/en/walk-in-vs-sliding-shower-enclosures-whats-best-for-you",
      "reason": "fetch failed"
    },
    {
      "url": "https://www.jaquar.com/en/cafe-lighting-ideas-to-set-the-vibe",
      "reason": "fetch failed"
    },
    {
      "url": "https://www.jaquar.com/en/revolutionising-smart-home-technology-at-ish",
      "reason": "fetch failed"
    },
    {
      "url": "https://www.jaquar.com/en/sustainable-luxury-green-innovation",
      "reason": "fetch failed"
    },
    {
      "url": "https://www.jaquar.com/en/jaquar-ish-2025-sustainable-smart-bath-solutions",
      "reason": "fetch failed"
    },
    {
      "url": "https://www.jaquar.com/en/role-of-texture-in-bathroom-design",
      "reason": "fetch failed"
    },
    {
      "url": "https://www.jaquar.com/en/incorporating-greenery-bathroom-decor-tips",
      "reason": "fetch failed"
    },
    {
      "url": "https://www.jaquar.com/en/maximize-bathroom-storage-space-tips",
      "reason": "fetch failed"
    },
    {
      "url": "https://www.jaquar.com/en/benefits-of-natural-materials-in-bathroom-design",
      "reason": "fetch failed"
    },
    {
      "url": "https://www.jaquar.com/en/role-color-temperature-bathroom-lighting",
      "reason": "fetch failed"
    },
    {
      "url": "https://www.jaquar.com/en/impact-of-lighting-on-bathroom-safety",
      "reason": "fetch failed"
    },
    {
      "url": "https://www.jaquar.com/en/voice-activated-faucets",
      "reason": "fetch failed"
    },
    {
      "url": "https://www.jaquar.com/en/budget-friendly-shower-renovation-ideas",
      "reason": "fetch failed"
    },
    {
      "url": "https://www.jaquar.com/en/bathroom-spa-ideas",
      "reason": "fetch failed"
    },
    {
      "url": "https://www.jaquar.com/en/energy-efficient-water-heaters",
      "reason": "fetch failed"
    },
    {
      "url": "https://www.jaquar.com/en/troubleshoot-water-heater-issues",
      "reason": "fetch failed"
    },
    {
      "url": "https://www.jaquar.com/en/choose-water-heater-capacity",
      "reason": "fetch failed"
    },
    {
      "url": "https://www.jaquar.com/en/benefits-of-tankless-water-heaters",
      "reason": "fetch failed"
    },
    {
      "url": "https://www.jaquar.com/en/advantages-of-jaquar-instant-water-heaters",
      "reason": "fetch failed"
    },
    {
      "url": "https://www.jaquar.com/en/create-relaxing-bathroom-ambience-lighting-guide",
      "reason": "fetch failed"
    },
    {
      "url": "https://www.jaquar.com/en/bathroom-led-lights-guide",
      "reason": "fetch failed"
    },
    {
      "url": "https://www.jaquar.com/en/benefits-of-handheld-showers",
      "reason": "fetch failed"
    },
    {
      "url": "https://www.jaquar.com/en/benefits-of-dimmable-bathroom-lights",
      "reason": "fetch failed"
    },
    {
      "url": "https://www.jaquar.com/en/multi-head-shower-system-guide",
      "reason": "fetch failed"
    },
    {
      "url": "https://www.jaquar.com/en/benefits-of-thermostatic-shower-valves",
      "reason": "fetch failed"
    },
    {
      "url": "https://www.jaquar.com/en/motion-sensor-bathroom-lights-guide",
      "reason": "fetch failed"
    },
    {
      "url": "https://www.jaquar.com/en/10-unique-bathroom-lighting-ideas",
      "reason": "fetch failed"
    },
    {
      "url": "https://www.jaquar.com/en/comprehensive-guide-to-bathroom-ventilation-fans",
      "reason": "fetch failed"
    },
    {
      "url": "https://www.jaquar.com/en/6-ways-to-make-your-shower-safe-for-seniors",
      "reason": "fetch failed"
    },
    {
      "url": "https://www.jaquar.com/en/6-ways-to-make-your-water-heater-more-energy-efficient",
      "reason": "fetch failed"
    },
    {
      "url": "https://www.jaquar.com/en/bathtub-safety-tips-for-families",
      "reason": "fetch failed"
    },
    {
      "url": "https://www.jaquar.com/en/ideal-bathtubs-for-quick-baths",
      "reason": "fetch failed"
    },
    {
      "url": "https://www.jaquar.com/en/5-tips-for-ensuring-bathtub-safety-during-renovations",
      "reason": "fetch failed"
    },
    {
      "url": "https://www.jaquar.com/en/6-steps-to-flush-your-water-heater-correctly",
      "reason": "fetch failed"
    },
    {
      "url": "https://www.jaquar.com/en/6-innovative-features-in-modern-water-heaters",
      "reason": "fetch failed"
    },
    {
      "url": "https://www.jaquar.com/en/7-impacts-of-showers-on-your-water-bill-and-how-to-save",
      "reason": "fetch failed"
    },
    {
      "url": "https://www.jaquar.com/en/8-best-faucets-for-smart-homes",
      "reason": "fetch failed"
    },
    {
      "url": "https://www.jaquar.com/en/4-diy-repairs-for-electric-water-heaters",
      "reason": "fetch failed"
    },
    {
      "url": "https://www.jaquar.com/en/5-common-water-heater-problems-solutions",
      "reason": "fetch failed"
    },
    {
      "url": "https://www.jaquar.com/en/5-cost-factors-to-consider-when-buying-a-water-heater",
      "reason": "fetch failed"
    },
    {
      "url": "https://www.jaquar.com/en/7-tips-to-renovate-a-shower-on-a-tight-budget",
      "reason": "fetch failed"
    },
    {
      "url": "https://www.jaquar.com/en/high-end-bathtubs-worth-investment",
      "reason": "fetch failed"
    },
    {
      "url": "https://www.jaquar.com/en/shower-remodeling-trends-2024",
      "reason": "fetch failed"
    },
    {
      "url": "https://www.jaquar.com/en/gym-lighting-designs",
      "reason": "fetch failed"
    },
    {
      "url": "https://www.jaquar.com/en/types-of-urinals",
      "reason": "fetch failed"
    },
    {
      "url": "https://www.jaquar.com/en/water-conservation-faucets",
      "reason": "fetch failed"
    },
    {
      "url": "https://www.jaquar.com/en/8-pros-cons-faucets-built-in-water-filtration",
      "reason": "fetch failed"
    },
    {
      "url": "https://www.jaquar.com/en/smart-faucets-integration",
      "reason": "fetch failed"
    },
    {
      "url": "https://www.jaquar.com/en/comprehensive-guide-faucet-mounting-styles",
      "reason": "fetch failed"
    },
    {
      "url": "https://www.jaquar.com/en/durable-bathroom-faucets-for-heavy-use",
      "reason": "fetch failed"
    },
    {
      "url": "https://www.jaquar.com/en/6-vintage-faucets-for-timeless-home-decor",
      "reason": "fetch failed"
    },
    {
      "url": "https://www.jaquar.com/en/7-modern-faucet-designs-for-contemporary-homes",
      "reason": "fetch failed"
    },
    {
      "url": "https://www.jaquar.com/en/natural-organic-bathtubs",
      "reason": "fetch failed"
    },
    {
      "url": "https://www.jaquar.com/en/bathtub-renovation-safety-tips",
      "reason": "fetch failed"
    },
    {
      "url": "https://www.jaquar.com/en/spa-like-bathtubs-for-luxurious-home-relaxation",
      "reason": "fetch failed"
    },
    {
      "url": "https://www.jaquar.com/en/ideal-bathtubs-for-busy-professionals",
      "reason": "fetch failed"
    },
    {
      "url": "https://www.jaquar.com/en/9-luxury-bathtub-ideas-for-a-high-end-bathroom",
      "reason": "fetch failed"
    },
    {
      "url": "https://www.jaquar.com/en/common-faucet-installation-mistakes",
      "reason": "fetch failed"
    },
    {
      "url": "https://www.jaquar.com/en/7-daily-shower-maintenance-tips",
      "reason": "fetch failed"
    },
    {
      "url": "https://www.jaquar.com/en/remove-hard-water-stains-shower",
      "reason": "fetch failed"
    },
    {
      "url": "https://www.jaquar.com/en/essential-tasks-seasonal-shower-maintenance",
      "reason": "fetch failed"
    },
    {
      "url": "https://www.jaquar.com/en/7-ways-to-make-your-shower-more-water-efficient",
      "reason": "fetch failed"
    },
    {
      "url": "https://www.jaquar.com/en/modern-bathtub-designs",
      "reason": "fetch failed"
    },
    {
      "url": "https://www.jaquar.com/en/transform-your-bath-with-luxurious-accessories",
      "reason": "fetch failed"
    },
    {
      "url": "https://www.jaquar.com/en/6-minimalist-shower-design-concepts-for-a-sleek-look",
      "reason": "fetch failed"
    },
    {
      "url": "https://www.jaquar.com/en/modern-shower-design-trends",
      "reason": "fetch failed"
    },
    {
      "url": "https://www.jaquar.com/en/step-by-step-guide-replacing-old-bathtub",
      "reason": "fetch failed"
    },
    {
      "url": "https://www.jaquar.com/en/fix-common-bathtub-drain-issues-diy-tips",
      "reason": "fetch failed"
    },
    {
      "url": "https://www.jaquar.com/en/choosing-right-bathtub-faucet-guide",
      "reason": "fetch failed"
    },
    {
      "url": "https://www.jaquar.com/en/bathtub-benefits-for-health",
      "reason": "fetch failed"
    },
    {
      "url": "https://www.jaquar.com/en/avoid-common-bathtub-installation-mistakes",
      "reason": "fetch failed"
    },
    {
      "url": "https://www.jaquar.com/en/install-freestanding-bathtub-guide-2",
      "reason": "fetch failed"
    },
    {
      "url": "https://www.jaquar.com/en/10-must-have-shower-accessories",
      "reason": "fetch failed"
    },
    {
      "url": "https://www.jaquar.com/en/enhance-your-shower-with-led-lighting",
      "reason": "fetch failed"
    },
    {
      "url": "https://www.jaquar.com/en/6-benefits-of-handheld-shower-heads",
      "reason": "fetch failed"
    },
    {
      "url": "https://www.jaquar.com/en/6-features-smart-water-heaters",
      "reason": "fetch failed"
    },
    {
      "url": "https://www.jaquar.com/en/5-types-of-stylish-kitchen-faucets",
      "reason": "fetch failed"
    },
    {
      "url": "https://www.jaquar.com/en/upgrade-your-shower-without-major-renovations",
      "reason": "fetch failed"
    },
    {
      "url": "https://www.jaquar.com/en/innovative-heat-pump-water-heaters",
      "reason": "fetch failed"
    },
    {
      "url": "https://www.jaquar.com/en/10-steps-diy-water-heater-installation",
      "reason": "fetch failed"
    },
    {
      "url": "https://www.jaquar.com/en/advantages-of-hybrid-water-heaters",
      "reason": "fetch failed"
    },
    {
      "url": "https://www.jaquar.com/en/light-layering-and-different-trends",
      "reason": "fetch failed"
    },
    {
      "url": "https://www.jaquar.com/en/innovative-office-lighting-designs",
      "reason": "fetch failed"
    },
    {
      "url": "https://www.jaquar.com/en/lighting-solutions-for-enhancing-safety-in-industrial-settings",
      "reason": "fetch failed"
    },
    {
      "url": "https://www.jaquar.com/en/diy-vs-professional-shower-installation",
      "reason": "fetch failed"
    },
    {
      "url": "https://www.jaquar.com/en/transform-bathroom-stylish-sinks-2",
      "reason": "fetch failed"
    },
    {
      "url": "https://www.jaquar.com/en/built-in-bathtub-for-small-bathroom",
      "reason": "fetch failed"
    },
    {
      "url": "https://www.jaquar.com/en/elegant-bathtubs-for-bathroom-design",
      "reason": "fetch failed"
    },
    {
      "url": "https://www.jaquar.com/en/benefits-of-led-lighting-in-bathrooms",
      "reason": "fetch failed"
    },
    {
      "url": "https://www.jaquar.com/en/common-shower-installation-mistakes",
      "reason": "fetch failed"
    },
    {
      "url": "https://www.jaquar.com/en/benefits-of-mixer-showers",
      "reason": "fetch failed"
    },
    {
      "url": "https://www.jaquar.com/en/choosing-right-shower-type",
      "reason": "fetch failed"
    },
    {
      "url": "https://www.jaquar.com/en/luxury-shower-options",
      "reason": "fetch failed"
    },
    {
      "url": "https://www.jaquar.com/en/stylish-bathroom-light-fixtures",
      "reason": "fetch failed"
    },
    {
      "url": "https://www.jaquar.com/en/modern-bathtub-designs-for-luxury-homes",
      "reason": "fetch failed"
    },
    {
      "url": "https://www.jaquar.com/en/shower-designs-for-small-spaces",
      "reason": "fetch failed"
    },
    {
      "url": "https://www.jaquar.com/en/modern-faucet-designs",
      "reason": "fetch failed"
    },
    {
      "url": "https://www.jaquar.com/en/comprehensive-guide-installing-sauna",
      "reason": "fetch failed"
    },
    {
      "url": "https://www.jaquar.com/en/creating-spa-like-bathroom-at-home",
      "reason": "fetch failed"
    },
    {
      "url": "https://www.jaquar.com/en/choosing-perfect-bathroom-mirror",
      "reason": "fetch failed"
    },
    {
      "url": "https://www.jaquar.com/en/choosing-right-bathroom-faucet",
      "reason": "fetch failed"
    },
    {
      "url": "https://www.jaquar.com/en/creative-bathroom-mirrors",
      "reason": "fetch failed"
    },
    {
      "url": "https://www.jaquar.com/en/luxury-bathtub-designs",
      "reason": "fetch failed"
    },
    {
      "url": "https://www.jaquar.com/en/pros-and-cons-of-different-shower-head-types",
      "reason": "fetch failed"
    },
    {
      "url": "https://www.jaquar.com/en/luxurious-bathroom-on-a-budget",
      "reason": "fetch failed"
    },
    {
      "url": "https://www.jaquar.com/en/water-heaters-for-indian-homes",
      "reason": "fetch failed"
    },
    {
      "url": "https://www.jaquar.com/en/water-heater-solutions-for-bathrooms",
      "reason": "fetch failed"
    },
    {
      "url": "https://www.jaquar.com/en/sanitary-ware-for-modern-bathrooms",
      "reason": "fetch failed"
    },
    {
      "url": "https://www.jaquar.com/en/steam-bath-solutions-at-home",
      "reason": "fetch failed"
    },
    {
      "url": "https://www.jaquar.com/en/bathtub-designs-for-small-bathrooms",
      "reason": "fetch failed"
    },
    {
      "url": "https://www.jaquar.com/en/water-saving-faucet-innovations",
      "reason": "fetch failed"
    },
    {
      "url": "https://www.jaquar.com/en/shower-enclosure-ideas-for-bathroom",
      "reason": "fetch failed"
    },
    {
      "url": "https://www.jaquar.com/en/innovative-bathroom-accessories",
      "reason": "fetch failed"
    },
    {
      "url": "https://www.jaquar.com/en/flushing-system-technologies",
      "reason": "fetch failed"
    },
    {
      "url": "https://www.jaquar.com/en/stylish-shower-valve-options",
      "reason": "fetch failed"
    },
    {
      "url": "https://www.jaquar.com/en/sauna-design-ideas-for-home",
      "reason": "fetch failed"
    },
    {
      "url": "https://www.jaquar.com/en/luxurious-shower-panel-for-spa-experience",
      "reason": "fetch failed"
    },
    {
      "url": "https://www.jaquar.com/en/creative-outdoor-lighting",
      "reason": "fetch failed"
    },
    {
      "url": "https://www.jaquar.com/en/lighting-designs-for-retail-spaces",
      "reason": "fetch failed"
    },
    {
      "url": "https://www.jaquar.com/en/lighting-techniques-for-sculptures-and-fountains",
      "reason": "fetch failed"
    },
    {
      "url": "https://www.jaquar.com/en/lighting-ideas-to-enhance-restaurant-ambiance",
      "reason": "fetch failed"
    },
    {
      "url": "https://www.jaquar.com/en/lighting-solutions-for-visibility-in-warehouses",
      "reason": "fetch failed"
    },
    {
      "url": "https://www.jaquar.com/en/creative-ways-to-use-lighting",
      "reason": "fetch failed"
    },
    {
      "url": "https://www.jaquar.com/en/decorative-lighting-fixtures-for-home",
      "reason": "fetch failed"
    },
    {
      "url": "https://www.jaquar.com/en/smart-lighting-solutions",
      "reason": "fetch failed"
    },
    {
      "url": "https://www.jaquar.com/en/lighting-fixtures-to-pop-color",
      "reason": "fetch failed"
    },
    {
      "url": "https://www.jaquar.com/en/lighting-techniques-to-create-focal-point",
      "reason": "fetch failed"
    },
    {
      "url": "https://www.jaquar.com/en/lighting-solutions-for-urban-development",
      "reason": "fetch failed"
    },
    {
      "url": "https://www.jaquar.com/en/smart-bathroom-accessories-for-spa-experience",
      "reason": "fetch failed"
    },
    {
      "url": "https://www.jaquar.com/en/creative-ways-to-incorporate-lighting-into-home-decor",
      "reason": "fetch failed"
    },
    {
      "url": "https://www.jaquar.com/en/lighting-techniques-enhance-home-curb-appeal",
      "reason": "fetch failed"
    },
    {
      "url": "https://www.jaquar.com/en/design-standards-commercial-steam-rooms",
      "reason": "fetch failed"
    },
    {
      "url": "https://www.jaquar.com/en/unique-lighting-fixtures-for-staircases",
      "reason": "fetch failed"
    },
    {
      "url": "https://www.jaquar.com/en/innovative-lighting-designs-public-roadways-landscapes",
      "reason": "fetch failed"
    },
    {
      "url": "https://www.jaquar.com/en/lighting-ideas-home-design",
      "reason": "fetch failed"
    },
    {
      "url": "https://www.jaquar.com/en/lighting-ideas-cozy-reading-nook",
      "reason": "fetch failed"
    },
    {
      "url": "https://www.jaquar.com/en/lighting-designs-highlight-architectural-features",
      "reason": "fetch failed"
    },
    {
      "url": "https://www.jaquar.com/en/lighting-solutions-for-safer-commercial-parking-lots",
      "reason": "fetch failed"
    },
    {
      "url": "https://www.jaquar.com/en/lighting-strategies-showcase-landscape-architecture",
      "reason": "fetch failed"
    },
    {
      "url": "https://www.jaquar.com/en/creative-lighting-to-divide-open-floor-plans",
      "reason": "fetch failed"
    },
    {
      "url": "https://www.jaquar.com/en/luxurious-bathroom-lighting-ideas",
      "reason": "fetch failed"
    },
    {
      "url": "https://www.jaquar.com/en/revamp-home-decorative-lighting-fixtures",
      "reason": "fetch failed"
    },
    {
      "url": "https://www.jaquar.com/en/impactful-ideas-brightening-public-spaces-commercial-outdoor-lighting",
      "reason": "fetch failed"
    },
    {
      "url": "https://www.jaquar.com/en/ways-to-illuminate-architecture-with-facade-lighting",
      "reason": "fetch failed"
    },
    {
      "url": "https://www.jaquar.com/en/5-smart-lighting-solutions-for-future-home-illumination",
      "reason": "fetch failed"
    },
    {
      "url": "https://www.jaquar.com/en/enhancing-safety-with-smart-lighting-solutions",
      "reason": "fetch failed"
    },
    {
      "url": "https://www.jaquar.com/en/decorative-lighting-ideas-home-design",
      "reason": "fetch failed"
    },
    {
      "url": "https://www.jaquar.com/en/future-trends-smart-showers",
      "reason": "fetch failed"
    },
    {
      "url": "https://www.jaquar.com/en/choose-right-bathroom-mirror-tips",
      "reason": "fetch failed"
    },
    {
      "url": "https://www.jaquar.com/en/spa-like-bathroom-accessories",
      "reason": "fetch failed"
    },
    {
      "url": "https://www.jaquar.com/en/maximize-vertical-space-bathroom-shelves-hooks",
      "reason": "fetch failed"
    },
    {
      "url": "https://www.jaquar.com/en/center-room-tubs-luxury-bathroom-design",
      "reason": "fetch failed"
    },
    {
      "url": "https://www.jaquar.com/en/smart-faucets-transforming-indian-kitchens-bathrooms",
      "reason": "fetch failed"
    },
    {
      "url": "https://www.jaquar.com/en/custom-bathtubs-dimensions-materials-guide",
      "reason": "fetch failed"
    },
    {
      "url": "https://www.jaquar.com/en/restore-old-bathtub-easy-steps",
      "reason": "fetch failed"
    },
    {
      "url": "https://www.jaquar.com/en/7-essential-shower-features-for-the-elderly-and-disabled",
      "reason": "fetch failed"
    },
    {
      "url": "https://www.jaquar.com/en/impact-of-lighting-on-bathroom-ambiance-and-functionality",
      "reason": "fetch failed"
    },
    {
      "url": "https://www.jaquar.com/en/evolution-of-bathtub-styles",
      "reason": "fetch failed"
    },
    {
      "url": "https://www.jaquar.com/en/aromatherapy-shower-heads-benefits",
      "reason": "fetch failed"
    },
    {
      "url": "https://www.jaquar.com/en/smart-showers-for-small-bathrooms",
      "reason": "fetch failed"
    },
    {
      "url": "https://www.jaquar.com/en/history-of-showers-evolution-cultural-significance",
      "reason": "fetch failed"
    },
    {
      "url": "https://www.jaquar.com/en/space-saving-bathtub-designs-for-small-urban-bathrooms",
      "reason": "fetch failed"
    },
    {
      "url": "https://www.jaquar.com/en/bathtub-installation-guide",
      "reason": "fetch failed"
    },
    {
      "url": "https://www.jaquar.com/en/revolution-smart-toilets-convenience-hygiene",
      "reason": "fetch failed"
    },
    {
      "url": "https://www.jaquar.com/en/eco-friendly-bathroom-essentials-saving-water",
      "reason": "fetch failed"
    },
    {
      "url": "https://www.jaquar.com/en/innovative-features-your-next-freestanding-tub-needs",
      "reason": "fetch failed"
    },
    {
      "url": "https://www.jaquar.com/en/corner-bathtubs-small-bathrooms",
      "reason": "fetch failed"
    },
    {
      "url": "https://www.jaquar.com/en/choose-perfect-faucet-indian-bathroom",
      "reason": "fetch failed"
    },
    {
      "url": "https://www.jaquar.com/en/choose-best-materials-next-bathtub",
      "reason": "fetch failed"
    },
    {
      "url": "https://www.jaquar.com/en/smart-bathroom-accessories-high-tech-spa-experience",
      "reason": "fetch failed"
    },
    {
      "url": "https://www.jaquar.com/en/environmental-benefits-eco-friendly-showers",
      "reason": "fetch failed"
    },
    {
      "url": "https://www.jaquar.com/en/choosing-the-right-towel-rack-for-your-bathroom",
      "reason": "fetch failed"
    },
    {
      "url": "https://www.jaquar.com/en/choosing-the-perfect-bathroom-mirror",
      "reason": "fetch failed"
    },
    {
      "url": "https://www.jaquar.com/en/choosing-right-flushing-system-guide",
      "reason": "fetch failed"
    },
    {
      "url": "https://www.jaquar.com/en/high-efficiency-flushing-systems-guide",
      "reason": "fetch failed"
    },
    {
      "url": "https://www.jaquar.com/en/selecting-perfect-bathtub-size-guide",
      "reason": "fetch failed"
    },
    {
      "url": "https://www.jaquar.com/en/rain-shower-systems-guide",
      "reason": "fetch failed"
    },
    {
      "url": "https://www.jaquar.com/en/comparing-tank-vs-tankless-water-heaters-guide",
      "reason": "fetch failed"
    },
    {
      "url": "https://www.jaquar.com/en/maximize-water-heater-efficiency-tips",
      "reason": "fetch failed"
    },
    {
      "url": "https://www.jaquar.com/en/advanced-faucet-technologies-hygiene-efficiency",
      "reason": "fetch failed"
    },
    {
      "url": "https://www.jaquar.com/en/sensor-faucets-technology-design-home",
      "reason": "fetch failed"
    },
    {
      "url": "https://www.jaquar.com/en/tankless-water-heaters-efficiency-space-saving",
      "reason": "fetch failed"
    },
    {
      "url": "https://www.jaquar.com/en/modern-vs-classic-faucets-style-guide",
      "reason": "fetch failed"
    },
    {
      "url": "https://www.jaquar.com/en/shower-panel-maintenance-dos-donts-guide",
      "reason": "fetch failed"
    },
    {
      "url": "https://www.jaquar.com/en/bathroom-design-frameless-vs-framed-shower-enclosures",
      "reason": "fetch failed"
    },
    {
      "url": "https://www.jaquar.com/en/installing-new-faucet-diy-guide",
      "reason": "fetch failed"
    },
    {
      "url": "https://www.jaquar.com/en/profile-light-false-ceiling-design",
      "reason": "fetch failed"
    },
    {
      "url": "https://www.jaquar.com/en/essential-maintenance-tips-extend-faucets-life",
      "reason": "fetch failed"
    },
    {
      "url": "https://www.jaquar.com/en/modern-indian-bathroom-shower-ideas",
      "reason": "fetch failed"
    },
    {
      "url": "https://www.jaquar.com/en/electric-switch-types",
      "reason": "fetch failed"
    },
    {
      "url": "https://www.jaquar.com/en/what-is-a-bidet-and-reasons-to-buy",
      "reason": "fetch failed"
    },
    {
      "url": "https://www.jaquar.com/en/water-heater-repair",
      "reason": "fetch failed"
    },
    {
      "url": "https://www.jaquar.com/en/choosing-the-right-faucet-a-comprehensive-comparison-of-types",
      "reason": "fetch failed"
    },
    {
      "url": "https://www.jaquar.com/en/easy-diy-faucet-leak-repairs",
      "reason": "fetch failed"
    },
    {
      "url": "https://www.jaquar.com/en/walk-in-shower-design-ideas",
      "reason": "fetch failed"
    },
    {
      "url": "https://www.jaquar.com/en/powder-room-designs-indian-houses",
      "reason": "fetch failed"
    },
    {
      "url": "https://www.jaquar.com/en/different-types-of-light-bulbs-india",
      "reason": "fetch failed"
    },
    {
      "url": "https://www.jaquar.com/en/emergence-of-touchless-faucets",
      "reason": "fetch failed"
    },
    {
      "url": "https://www.jaquar.com/en/modern-shower-panels",
      "reason": "fetch failed"
    },
    {
      "url": "https://www.jaquar.com/en/frameless-vs-framed-shower-enclosures-whats-best-for-your-bathroom",
      "reason": "fetch failed"
    },
    {
      "url": "https://www.jaquar.com/en/sensor-faucets-saving-water-and-future",
      "reason": "fetch failed"
    },
    {
      "url": "https://www.jaquar.com/en/handheld-showers-offering-versatility-and-comfort",
      "reason": "fetch failed"
    },
    {
      "url": "https://www.jaquar.com/en/saving-water-with-style-low-flow-showerheads-explained",
      "reason": "fetch failed"
    },
    {
      "url": "https://www.jaquar.com/en/freestanding-vs-built-in-bathtubs",
      "reason": "fetch failed"
    },
    {
      "url": "https://www.jaquar.com/en/modern-water-heaters-and-geysers",
      "reason": "fetch failed"
    },
    {
      "url": "https://www.jaquar.com/en/facade-for-building-in-india",
      "reason": "fetch failed"
    },
    {
      "url": "https://www.jaquar.com/en/led-flood-lights-for-indian-outdoors",
      "reason": "fetch failed"
    },
    {
      "url": "https://www.jaquar.com/en/outdoor-shower-pros-and-cons-india",
      "reason": "fetch failed"
    },
    {
      "url": "https://www.jaquar.com/en/bathroom-paint-colours-fo-indian-baths",
      "reason": "fetch failed"
    },
    {
      "url": "https://www.jaquar.com/en/turn-ordinary-bathroom-into-a-relaxing-steam-oasis",
      "reason": "fetch failed"
    },
    {
      "url": "https://www.jaquar.com/en/hotel-lighting-design-ideas",
      "reason": "fetch failed"
    },
    {
      "url": "https://www.jaquar.com/en/diwali-light-decoration-indian-home-ideas",
      "reason": "fetch failed"
    },
    {
      "url": "https://www.jaquar.com/en/modern-indian-bathroom-decor-ideas",
      "reason": "fetch failed"
    },
    {
      "url": "https://www.jaquar.com/en/benefits-of-heat-pump-in-your-bathroom",
      "reason": "fetch failed"
    },
    {
      "url": "https://www.jaquar.com/en/romantic-bedroom-lighting",
      "reason": "fetch failed"
    },
    {
      "url": "https://www.jaquar.com/en/indian-home-lighting-ideas",
      "reason": "fetch failed"
    },
    {
      "url": "https://www.jaquar.com/en/living-room-lighting-design",
      "reason": "fetch failed"
    },
    {
      "url": "https://www.jaquar.com/en/types-of-lighitng-fixtures",
      "reason": "fetch failed"
    },
    {
      "url": "https://www.jaquar.com/en/benefits-of-body-massage",
      "reason": "fetch failed"
    },
    {
      "url": "https://www.jaquar.com/en/types-of-bathtubs",
      "reason": "fetch failed"
    },
    {
      "url": "https://www.jaquar.com/en/bathroom-glass-door-design",
      "reason": "fetch failed"
    },
    {
      "url": "https://www.jaquar.com/en/benefit-of-sauna",
      "reason": "fetch failed"
    },
    {
      "url": "https://www.jaquar.com/en/bedroom-wall-light-ideas",
      "reason": "fetch failed"
    },
    {
      "url": "https://www.jaquar.com/en/interior-design-lighting",
      "reason": "fetch failed"
    },
    {
      "url": "https://www.jaquar.com/en/bathroom-colours",
      "reason": "fetch failed"
    },
    {
      "url": "https://www.jaquar.com/en/luxury-kitchen-designs",
      "reason": "fetch failed"
    },
    {
      "url": "https://www.jaquar.com/en/hotel-bathroom-design-4",
      "reason": "fetch failed"
    },
    {
      "url": "https://www.jaquar.com/en/types-of-ceiling-lights",
      "reason": "fetch failed"
    },
    {
      "url": "https://www.jaquar.com/en/staircase-lighting-ideas",
      "reason": "fetch failed"
    },
    {
      "url": "https://www.jaquar.com/en/table-lamp-design",
      "reason": "fetch failed"
    },
    {
      "url": "https://www.jaquar.com/en/street-lighting-design",
      "reason": "fetch failed"
    },
    {
      "url": "https://www.jaquar.com/en/5-beautiful-dining-table-lighting-ideas-that-impress",
      "reason": "fetch failed"
    },
    {
      "url": "https://www.jaquar.com/en/what-is-a-powder-room",
      "reason": "fetch failed"
    },
    {
      "url": "https://www.jaquar.com/en/what-is-bidet-and-how-to-use-it",
      "reason": "fetch failed"
    },
    {
      "url": "https://www.jaquar.com/en/5-bathroom-storage-ideas-to-maximise-space",
      "reason": "fetch failed"
    },
    {
      "url": "https://www.jaquar.com/en/gas-geysers-vs-electric-geysers-which-is-better",
      "reason": "fetch failed"
    },
    {
      "url": "https://www.jaquar.com/en/warm-white-vs-cool-white-which-led-should-you-choose",
      "reason": "fetch failed"
    },
    {
      "url": "https://www.jaquar.com/en/choosing-the-right-cove-lighting-design-for-your-home",
      "reason": "fetch failed"
    },
    {
      "url": "https://www.jaquar.com/en/types-of-water-taps-choosing-the-right-one-for-your-bathroom",
      "reason": "fetch failed"
    },
    {
      "url": "https://www.jaquar.com/en/5-reasons-why-taking-a-hot-shower-benefits-your-body-blog",
      "reason": "fetch failed"
    },
    {
      "url": "https://www.jaquar.com/en/pick-the-best-showerhead-design-for-bathroom",
      "reason": "fetch failed"
    },
    {
      "url": "https://www.jaquar.com/en/exterior-home-lighting-tips-for-your-home",
      "reason": "fetch failed"
    },
    {
      "url": "https://www.jaquar.com/en/bathroom-lighting-ideas-for-small-bathroom",
      "reason": "fetch failed"
    },
    {
      "url": "https://www.jaquar.com/en/pros-and-cons-of-a-glass-shower-cubicle",
      "reason": "fetch failed"
    },
    {
      "url": "https://www.jaquar.com/en/choose-right-chandelier-for-your-living-room",
      "reason": "fetch failed"
    },
    {
      "url": "https://www.jaquar.com/en/decorate-your-home-with-chandeliers",
      "reason": "fetch failed"
    },
    {
      "url": "https://www.jaquar.com/en/decorate-homes-creatively-this-festive-season",
      "reason": "fetch failed"
    },
    {
      "url": "https://www.jaquar.com/en/light-up-your-home-this-festive-season",
      "reason": "fetch failed"
    },
    {
      "url": "https://www.jaquar.com/en/does-led-lighting-give-an-advantage-to-schools",
      "reason": "fetch failed"
    },
    {
      "url": "https://www.jaquar.com/en/common-myths-circulating-about-led-lights",
      "reason": "fetch failed"
    },
    {
      "url": "https://www.jaquar.com/en/practical-ways-to-use-led-strip-lights-for-home",
      "reason": "fetch failed"
    },
    {
      "url": "https://www.jaquar.com/en/which-spa-is-best-for-your-home",
      "reason": "fetch failed"
    },
    {
      "url": "https://www.jaquar.com/en/diy-hacks-to-fix-a-clogged-drain-at-home",
      "reason": "fetch failed"
    },
    {
      "url": "https://www.jaquar.com/en/perfect-lighting-for-restaurants-appeal",
      "reason": "fetch failed"
    },
    {
      "url": "https://www.jaquar.com/en/does-office-lighting-impact-your-mood",
      "reason": "fetch failed"
    },
    {
      "url": "https://www.jaquar.com/en/details-to-consider-for-right-led-bulb",
      "reason": "fetch failed"
    },
    {
      "url": "https://www.jaquar.com/en/shower-vs-bathtub-advantages-disadvantages",
      "reason": "fetch failed"
    },
    {
      "url": "https://www.jaquar.com/en/introduction-to-jaquar-laguna-range",
      "reason": "fetch failed"
    },
    {
      "url": "https://www.jaquar.com/en/heat-pump-water-heater-installation-tips",
      "reason": "fetch failed"
    },
    {
      "url": "https://www.jaquar.com/en/types-of-geyser-for-small-bathroom",
      "reason": "fetch failed"
    },
    {
      "url": "https://www.jaquar.com/en/finding-the-ideal-whirlpool-bathtub",
      "reason": "fetch failed"
    },
    {
      "url": "https://www.jaquar.com/en/small-bathroom-makeover",
      "reason": "fetch failed"
    },
    {
      "url": "https://www.jaquar.com/en/hand-washing-to-slow-the-spread-of-covid-19",
      "reason": "fetch failed"
    },
    {
      "url": "https://www.jaquar.com/en/hot-water-solutions-from-jaquar-heat-pumps",
      "reason": "fetch failed"
    },
    {
      "url": "https://www.jaquar.com/en/india-oc-website",
      "reason": "fetch failed"
    },
    {
      "url": "https://www.jaquar.com/en/testimonials-detail",
      "reason": "fetch failed"
    },
    {
      "url": "https://www.jaquar.com/en/faq",
      "reason": "fetch failed"
    }
  ],
  "nonProductPagesSkipped": 182
}
